experiment,config_fingerprint,track,trial,snr_db,rsr_db,N,K,P,modulation,algorithm,metric,value,error_energy,true_energy,expected_symbol_energy,bit_errors,bit_count,status,error_type,error_message,master_seed,sigma2,alpha_b_abs,max_iter
cui_fig6,925f2ab8975505e255f5c37af74d115be38bc302991267f95f440e5f61ce4472,A,0,3,0,36,3,1,16-QAM,biased_gs,detection_nmse,0.032844066950351532,0.098532200851054602,,3,,,ok,,,20260818,1.503561700881817,1,50
cui_fig6,925f2ab8975505e255f5c37af74d115be38bc302991267f95f440e5f61ce4472,A,0,3,0,36,3,1,16-QAM,em_gs,detection_nmse,0.085745339418642805,0.2572360182559284,,3,,,ok,,,20260818,1.503561700881817,1,50
cui_fig6,925f2ab8975505e255f5c37af74d115be38bc302991267f95f440e5f61ce4472,A,0,3,0,36,3,1,16-QAM,genie_zf,detection_nmse,0.043056714944921644,0.12917014483476494,,3,,,ok,,,20260818,1.503561700881817,1,50
cui_fig6,925f2ab8975505e255f5c37af74d115be38bc302991267f95f440e5f61ce4472,A,0,3,0,36,3,1,16-QAM,cui_crlb,detection_nmse,0.10616202570087445,0.31848607710262333,,3,,,ok,,,20260818,1.503561700881817,1,50
cui_fig6,925f2ab8975505e255f5c37af74d115be38bc302991267f95f440e5f61ce4472,A,0,3,1,36,3,1,16-QAM,biased_gs,detection_nmse,0.38593793587140396,1.1578138076142119,,3,,,ok,,,20260818,1.503561700881817,1.1220184543019636,50
cui_fig6,925f2ab8975505e255f5c37af74d115be38bc302991267f95f440e5f61ce4472,A,0,3,1,36,3,1,16-QAM,em_gs,detection_nmse,0.32269686973080047,0.96809060919240142,,3,,,ok,,,20260818,1.503561700881817,1.1220184543019636,50
cui_fig6,925f2ab8975505e255f5c37af74d115be38bc302991267f95f440e5f61ce4472,A,0,3,1,36,3,1,16-QAM,genie_zf,detection_nmse,0.0080478939790706843,0.024143681937212051,,3,,,ok,,,20260818,1.503561700881817,1.1220184543019636,50
cui_fig6,925f2ab8975505e255f5c37af74d115be38bc302991267f95f440e5f61ce4472,A,0,3,1,36,3,1,16-QAM,cui_crlb,detection_nmse,0.11295376988579214,0.33886130965737643,,3,,,ok,,,20260818,1.503561700881817,1.1220184543019636,50
cui_fig6,925f2ab8975505e255f5c37af74d115be38bc302991267f95f440e5f61ce4472,A,0,3,2,36,3,1,16-QAM,biased_gs,detection_nmse,0.1344302609636629,0.40329078289098869,,3,,,ok,,,20260818,1.503561700881817,1.2589254117941675,50
cui_fig6,925f2ab8975505e255f5c37af74d115be38bc302991267f95f440e5f61ce4472,A,0,3,2,36,3,1,16-QAM,em_gs,detection_nmse,0.075208328679380557,0.22562498603814168,,3,,,ok,,,20260818,1.503561700881817,1.2589254117941675,50
cui_fig6,925f2ab8975505e255f5c37af74d115be38bc302991267f95f440e5f61ce4472,A,0,3,2,36,3,1,16-QAM,genie_zf,detection_nmse,0.053891849245971894,0.16167554773791568,,3,,,ok,,,20260818,1.503561700881817,1.2589254117941675,50
cui_fig6,925f2ab8975505e255f5c37af74d115be38bc302991267f95f440e5f61ce4472,A,0,3,2,36,3,1,16-QAM,cui_crlb,detection_nmse,0.10428857561171996,0.3128657268351599,,3,,,ok,,,20260818,1.503561700881817,1.2589254117941675,50
cui_fig6,925f2ab8975505e255f5c37af74d115be38bc302991267f95f440e5f61ce4472,A,0,3,3,36,3,1,16-QAM,biased_gs,detection_nmse,0.26854329605999111,0.80562988817997339,,3,,,ok,,,20260818,1.503561700881817,1.4125375446227542,50
cui_fig6,925f2ab8975505e255f5c37af74d115be38bc302991267f95f440e5f61ce4472,A,0,3,3,36,3,1,16-QAM,em_gs,detection_nmse,0.25702790301351852,0.77108370904055556,,3,,,ok,,,20260818,1.503561700881817,1.4125375446227542,50
cui_fig6,925f2ab8975505e255f5c37af74d115be38bc302991267f95f440e5f61ce4472,A,0,3,3,36,3,1,16-QAM,genie_zf,detection_nmse,0.047162949509202599,0.14148884852760779,,3,,,ok,,,20260818,1.503561700881817,1.4125375446227542,50
cui_fig6,925f2ab8975505e255f5c37af74d115be38bc302991267f95f440e5f61ce4472,A,0,3,3,36,3,1,16-QAM,cui_crlb,detection_nmse,0.13659192386713062,0.40977577160139189,,3,,,ok,,,20260818,1.503561700881817,1.4125375446227542,50
cui_fig6,925f2ab8975505e255f5c37af74d115be38bc302991267f95f440e5f61ce4472,A,0,3,4,36,3,1,16-QAM,biased_gs,detection_nmse,0.11391400368306148,0.34174201104918445,,3,,,ok,,,20260818,1.503561700881817,1.5848931924611136,50
cui_fig6,925f2ab8975505e255f5c37af74d115be38bc302991267f95f440e5f61ce4472,A,0,3,4,36,3,1,16-QAM,em_gs,detection_nmse,0.20617677821537231,0.61853033464611695,,3,,,ok,,,20260818,1.503561700881817,1.5848931924611136,50
cui_fig6,925f2ab8975505e255f5c37af74d115be38bc302991267f95f440e5f61ce4472,A,0,3,4,36,3,1,16-QAM,genie_zf,detection_nmse,0.031322658448873081,0.093967975346619242,,3,,,ok,,,20260818,1.503561700881817,1.5848931924611136,50
cui_fig6,925f2ab8975505e255f5c37af74d115be38bc302991267f95f440e5f61ce4472,A,0,3,4,36,3,1,16-QAM,cui_crlb,detection_nmse,0.10110685733715667,0.30332057201147,,3,,,ok,,,20260818,1.503561700881817,1.5848931924611136,50
cui_fig6,925f2ab8975505e255f5c37af74d115be38bc302991267f95f440e5f61ce4472,A,0,3,5,36,3,1,16-QAM,biased_gs,detection_nmse,0.15781665088340302,0.47344995265020906,,3,,,ok,,,20260818,1.503561700881817,1.7782794100389228,50
cui_fig6,925f2ab8975505e255f5c37af74d115be38bc302991267f95f440e5f61ce4472,A,0,3,5,36,3,1,16-QAM,em_gs,detection_nmse,0.12010464677536405,0.36031394032609215,,3,,,ok,,,20260818,1.503561700881817,1.7782794100389228,50
cui_fig6,925f2ab8975505e255f5c37af74d115be38bc302991267f95f440e5f61ce4472,A,0,3,5,36,3,1,16-QAM,genie_zf,detection_nmse,0.015901409709958975,0.047704229129876922,,3,,,ok,,,20260818,1.503561700881817,1.7782794100389228,50
cui_fig6,925f2ab8975505e255f5c37af74d115be38bc302991267f95f440e5f61ce4472,A,0,3,5,36,3,1,16-QAM,cui_crlb,detection_nmse,0.11950414049333526,0.35851242148000578,,3,,,ok,,,20260818,1.503561700881817,1.7782794100389228,50
cui_fig6,925f2ab8975505e255f5c37af74d115be38bc302991267f95f440e5f61ce4472,A,0,3,6,36,3,1,16-QAM,biased_gs,detection_nmse,0.045249473938774813,0.13574842181632443,,3,,,ok,,,20260818,1.503561700881817,1.9952623149688795,50
cui_fig6,925f2ab8975505e255f5c37af74d115be38bc302991267f95f440e5f61ce4472,A,0,3,6,36,3,1,16-QAM,em_gs,detection_nmse,0.049635361779343516,0.14890608533803054,,3,,,ok,,,20260818,1.503561700881817,1.9952623149688795,50
cui_fig6,925f2ab8975505e255f5c37af74d115be38bc302991267f95f440e5f61ce4472,A,0,3,6,36,3,1,16-QAM,genie_zf,detection_nmse,0.030548248999966211,0.091644746999898635,,3,,,ok,,,20260818,1.503561700881817,1.9952623149688795,50
cui_fig6,925f2ab8975505e255f5c37af74d115be38bc302991267f95f440e5f61ce4472,A,0,3,6,36,3,1,16-QAM,cui_crlb,detection_nmse,0.09996607004790499,0.29989821014371498,,3,,,ok,,,20260818,1.503561700881817,1.9952623149688795,50
cui_fig6,925f2ab8975505e255f5c37af74d115be38bc302991267f95f440e5f61ce4472,A,0,3,7,36,3,1,16-QAM,biased_gs,detection_nmse,0.13143060002418736,0.39429180007256204,,3,,,ok,,,20260818,1.503561700881817,2.2387211385683394,50
cui_fig6,925f2ab8975505e255f5c37af74d115be38bc302991267f95f440e5f61ce4472,A,0,3,7,36,3,1,16-QAM,em_gs,detection_nmse,0.10999488957015309,0.32998466871045928,,3,,,ok,,,20260818,1.503561700881817,2.2387211385683394,50
cui_fig6,925f2ab8975505e255f5c37af74d115be38bc302991267f95f440e5f61ce4472,A,0,3,7,36,3,1,16-QAM,genie_zf,detection_nmse,0.053350963595811061,0.16005289078743318,,3,,,ok,,,20260818,1.503561700881817,2.2387211385683394,50
cui_fig6,925f2ab8975505e255f5c37af74d115be38bc302991267f95f440e5f61ce4472,A,0,3,7,36,3,1,16-QAM,cui_crlb,detection_nmse,0.10529438302159622,0.31588314906478865,,3,,,ok,,,20260818,1.503561700881817,2.2387211385683394,50
cui_fig6,925f2ab8975505e255f5c37af74d115be38bc302991267f95f440e5f61ce4472,A,0,3,8,36,3,1,16-QAM,biased_gs,detection_nmse,0.1579070398477779,0.47372111954333368,,3,,,ok,,,20260818,1.503561700881817,2.5118864315095797,50
cui_fig6,925f2ab8975505e255f5c37af74d115be38bc302991267f95f440e5f61ce4472,A,0,3,8,36,3,1,16-QAM,em_gs,detection_nmse,0.2065526195538708,0.61965785866161238,,3,,,ok,,,20260818,1.503561700881817,2.5118864315095797,50
cui_fig6,925f2ab8975505e255f5c37af74d115be38bc302991267f95f440e5f61ce4472,A,0,3,8,36,3,1,16-QAM,genie_zf,detection_nmse,0.044382009258603611,0.13314602777581083,,3,,,ok,,,20260818,1.503561700881817,2.5118864315095797,50
cui_fig6,925f2ab8975505e255f5c37af74d115be38bc302991267f95f440e5f61ce4472,A,0,3,8,36,3,1,16-QAM,cui_crlb,detection_nmse,0.097137651482797308,0.29141295444839194,,3,,,ok,,,20260818,1.503561700881817,2.5118864315095797,50
cui_fig6,925f2ab8975505e255f5c37af74d115be38bc302991267f95f440e5f61ce4472,A,0,3,9,36,3,1,16-QAM,biased_gs,detection_nmse,0.055872804243947138,0.16761841273184142,,3,,,ok,,,20260818,1.503561700881817,2.8183829312644542,50
cui_fig6,925f2ab8975505e255f5c37af74d115be38bc302991267f95f440e5f61ce4472,A,0,3,9,36,3,1,16-QAM,em_gs,detection_nmse,0.032129427024024867,0.096388281072074602,,3,,,ok,,,20260818,1.503561700881817,2.8183829312644542,50
cui_fig6,925f2ab8975505e255f5c37af74d115be38bc302991267f95f440e5f61ce4472,A,0,3,9,36,3,1,16-QAM,genie_zf,detection_nmse,0.047049620563474247,0.14114886169042273,,3,,,ok,,,20260818,1.503561700881817,2.8183829312644542,50
cui_fig6,925f2ab8975505e255f5c37af74d115be38bc302991267f95f440e5f61ce4472,A,0,3,9,36,3,1,16-QAM,cui_crlb,detection_nmse,0.098151327428727939,0.2944539822861838,,3,,,ok,,,20260818,1.503561700881817,2.8183829312644542,50
cui_fig6,925f2ab8975505e255f5c37af74d115be38bc302991267f95f440e5f61ce4472,A,0,3,10,36,3,1,16-QAM,biased_gs,detection_nmse,0.16680606493721753,0.50041819481165262,,3,,,ok,,,20260818,1.503561700881817,3.16227766016838,50
cui_fig6,925f2ab8975505e255f5c37af74d115be38bc302991267f95f440e5f61ce4472,A,0,3,10,36,3,1,16-QAM,em_gs,detection_nmse,0.15780930546156122,0.47342791638468362,,3,,,ok,,,20260818,1.503561700881817,3.16227766016838,50
cui_fig6,925f2ab8975505e255f5c37af74d115be38bc302991267f95f440e5f61ce4472,A,0,3,10,36,3,1,16-QAM,genie_zf,detection_nmse,0.077699958392197163,0.23309987517659148,,3,,,ok,,,20260818,1.503561700881817,3.16227766016838,50
cui_fig6,925f2ab8975505e255f5c37af74d115be38bc302991267f95f440e5f61ce4472,A,0,3,10,36,3,1,16-QAM,cui_crlb,detection_nmse,0.10245286646340312,0.30735859939020937,,3,,,ok,,,20260818,1.503561700881817,3.16227766016838,50
cui_fig6,925f2ab8975505e255f5c37af74d115be38bc302991267f95f440e5f61ce4472,A,0,3,11,36,3,1,16-QAM,biased_gs,detection_nmse,0.049883838241720234,0.14965151472516069,,3,,,ok,,,20260818,1.503561700881817,3.548133892335755,50
cui_fig6,925f2ab8975505e255f5c37af74d115be38bc302991267f95f440e5f61ce4472,A,0,3,11,36,3,1,16-QAM,em_gs,detection_nmse,0.0436812287318269,0.13104368619548071,,3,,,ok,,,20260818,1.503561700881817,3.548133892335755,50
cui_fig6,925f2ab8975505e255f5c37af74d115be38bc302991267f95f440e5f61ce4472,A,0,3,11,36,3,1,16-QAM,genie_zf,detection_nmse,0.045228714657809171,0.13568614397342751,,3,,,ok,,,20260818,1.503561700881817,3.548133892335755,50
cui_fig6,925f2ab8975505e255f5c37af74d115be38bc302991267f95f440e5f61ce4472,A,0,3,11,36,3,1,16-QAM,cui_crlb,detection_nmse,0.091546351693838568,0.2746390550815157,,3,,,ok,,,20260818,1.503561700881817,3.548133892335755,50
cui_fig6,925f2ab8975505e255f5c37af74d115be38bc302991267f95f440e5f61ce4472,A,0,3,12,36,3,1,16-QAM,biased_gs,detection_nmse,0.11605167076254963,0.34815501228764889,,3,,,ok,,,20260818,1.503561700881817,3.9810717055349722,50
cui_fig6,925f2ab8975505e255f5c37af74d115be38bc302991267f95f440e5f61ce4472,A,0,3,12,36,3,1,16-QAM,em_gs,detection_nmse,0.12717163592842409,0.38151490778527225,,3,,,ok,,,20260818,1.503561700881817,3.9810717055349722,50
cui_fig6,925f2ab8975505e255f5c37af74d115be38bc302991267f95f440e5f61ce4472,A,0,3,12,36,3,1,16-QAM,genie_zf,detection_nmse,0.051263593954750442,0.15379078186425132,,3,,,ok,,,20260818,1.503561700881817,3.9810717055349722,50
cui_fig6,925f2ab8975505e255f5c37af74d115be38bc302991267f95f440e5f61ce4472,A,0,3,12,36,3,1,16-QAM,cui_crlb,detection_nmse,0.094604581087575079,0.28381374326272524,,3,,,ok,,,20260818,1.503561700881817,3.9810717055349722,50
cui_fig6,925f2ab8975505e255f5c37af74d115be38bc302991267f95f440e5f61ce4472,A,0,3,13,36,3,1,16-QAM,biased_gs,detection_nmse,0.1247069117701229,0.37412073531036871,,3,,,ok,,,20260818,1.503561700881817,4.4668359215096318,50
cui_fig6,925f2ab8975505e255f5c37af74d115be38bc302991267f95f440e5f61ce4472,A,0,3,13,36,3,1,16-QAM,em_gs,detection_nmse,0.11459695233979271,0.34379085701937812,,3,,,ok,,,20260818,1.503561700881817,4.4668359215096318,50
cui_fig6,925f2ab8975505e255f5c37af74d115be38bc302991267f95f440e5f61ce4472,A,0,3,13,36,3,1,16-QAM,genie_zf,detection_nmse,0.035727283106857362,0.10718184932057209,,3,,,ok,,,20260818,1.503561700881817,4.4668359215096318,50
cui_fig6,925f2ab8975505e255f5c37af74d115be38bc302991267f95f440e5f61ce4472,A,0,3,13,36,3,1,16-QAM,cui_crlb,detection_nmse,0.093031077305256935,0.27909323191577079,,3,,,ok,,,20260818,1.503561700881817,4.4668359215096318,50
cui_fig6,925f2ab8975505e255f5c37af74d115be38bc302991267f95f440e5f61ce4472,A,0,3,14,36,3,1,16-QAM,biased_gs,detection_nmse,0.065774213879328344,0.19732264163798502,,3,,,ok,,,20260818,1.503561700881817,5.011872336272722,50
cui_fig6,925f2ab8975505e255f5c37af74d115be38bc302991267f95f440e5f61ce4472,A,0,3,14,36,3,1,16-QAM,em_gs,detection_nmse,0.070112829201068774,0.21033848760320631,,3,,,ok,,,20260818,1.503561700881817,5.011872336272722,50
cui_fig6,925f2ab8975505e255f5c37af74d115be38bc302991267f95f440e5f61ce4472,A,0,3,14,36,3,1,16-QAM,genie_zf,detection_nmse,0.017516803935442474,0.052550411806327427,,3,,,ok,,,20260818,1.503561700881817,5.011872336272722,50
cui_fig6,925f2ab8975505e255f5c37af74d115be38bc302991267f95f440e5f61ce4472,A,0,3,14,36,3,1,16-QAM,cui_crlb,detection_nmse,0.091693009299257611,0.27507902789777283,,3,,,ok,,,20260818,1.503561700881817,5.011872336272722,50
cui_fig6,925f2ab8975505e255f5c37af74d115be38bc302991267f95f440e5f61ce4472,A,0,3,15,36,3,1,16-QAM,biased_gs,detection_nmse,0.094643814756981956,0.28393144427094585,,3,,,ok,,,20260818,1.503561700881817,5.6234132519034912,50
cui_fig6,925f2ab8975505e255f5c37af74d115be38bc302991267f95f440e5f61ce4472,A,0,3,15,36,3,1,16-QAM,em_gs,detection_nmse,0.063628621028490359,0.19088586308547106,,3,,,ok,,,20260818,1.503561700881817,5.6234132519034912,50
cui_fig6,925f2ab8975505e255f5c37af74d115be38bc302991267f95f440e5f61ce4472,A,0,3,15,36,3,1,16-QAM,genie_zf,detection_nmse,0.056018115784619356,0.16805434735385807,,3,,,ok,,,20260818,1.503561700881817,5.6234132519034912,50
cui_fig6,925f2ab8975505e255f5c37af74d115be38bc302991267f95f440e5f61ce4472,A,0,3,15,36,3,1,16-QAM,cui_crlb,detection_nmse,0.10300578373245466,0.30901735119736395,,3,,,ok,,,20260818,1.503561700881817,5.6234132519034912,50
cui_fig6,925f2ab8975505e255f5c37af74d115be38bc302991267f95f440e5f61ce4472,A,0,3,16,36,3,1,16-QAM,biased_gs,detection_nmse,0.06775694093187222,0.20327082279561665,,3,,,ok,,,20260818,1.503561700881817,6.3095734448019325,50
cui_fig6,925f2ab8975505e255f5c37af74d115be38bc302991267f95f440e5f61ce4472,A,0,3,16,36,3,1,16-QAM,em_gs,detection_nmse,0.050297478898508143,0.15089243669552443,,3,,,ok,,,20260818,1.503561700881817,6.3095734448019325,50
cui_fig6,925f2ab8975505e255f5c37af74d115be38bc302991267f95f440e5f61ce4472,A,0,3,16,36,3,1,16-QAM,genie_zf,detection_nmse,0.027363225287814794,0.082089675863444386,,3,,,ok,,,20260818,1.503561700881817,6.3095734448019325,50
cui_fig6,925f2ab8975505e255f5c37af74d115be38bc302991267f95f440e5f61ce4472,A,0,3,16,36,3,1,16-QAM,cui_crlb,detection_nmse,0.092707024096022272,0.27812107228806682,,3,,,ok,,,20260818,1.503561700881817,6.3095734448019325,50
cui_fig6,925f2ab8975505e255f5c37af74d115be38bc302991267f95f440e5f61ce4472,A,0,3,17,36,3,1,16-QAM,biased_gs,detection_nmse,0.094885597457964321,0.28465679237389296,,3,,,ok,,,20260818,1.503561700881817,7.0794578438413787,50
cui_fig6,925f2ab8975505e255f5c37af74d115be38bc302991267f95f440e5f61ce4472,A,0,3,17,36,3,1,16-QAM,em_gs,detection_nmse,0.10452885455799243,0.3135865636739773,,3,,,ok,,,20260818,1.503561700881817,7.0794578438413787,50
cui_fig6,925f2ab8975505e255f5c37af74d115be38bc302991267f95f440e5f61ce4472,A,0,3,17,36,3,1,16-QAM,genie_zf,detection_nmse,0.013524493907263296,0.040573481721789886,,3,,,ok,,,20260818,1.503561700881817,7.0794578438413787,50
cui_fig6,925f2ab8975505e255f5c37af74d115be38bc302991267f95f440e5f61ce4472,A,0,3,17,36,3,1,16-QAM,cui_crlb,detection_nmse,0.090345893545670006,0.27103768063701,,3,,,ok,,,20260818,1.503561700881817,7.0794578438413787,50
cui_fig6,925f2ab8975505e255f5c37af74d115be38bc302991267f95f440e5f61ce4472,A,0,3,18,36,3,1,16-QAM,biased_gs,detection_nmse,0.0940041783802954,0.2820125351408862,,3,,,ok,,,20260818,1.503561700881817,7.9432823472428149,50
cui_fig6,925f2ab8975505e255f5c37af74d115be38bc302991267f95f440e5f61ce4472,A,0,3,18,36,3,1,16-QAM,em_gs,detection_nmse,0.088162091303844892,0.26448627391153468,,3,,,ok,,,20260818,1.503561700881817,7.9432823472428149,50
cui_fig6,925f2ab8975505e255f5c37af74d115be38bc302991267f95f440e5f61ce4472,A,0,3,18,36,3,1,16-QAM,genie_zf,detection_nmse,0.011332002935463138,0.033996008806389415,,3,,,ok,,,20260818,1.503561700881817,7.9432823472428149,50
cui_fig6,925f2ab8975505e255f5c37af74d115be38bc302991267f95f440e5f61ce4472,A,0,3,18,36,3,1,16-QAM,cui_crlb,detection_nmse,0.09428185746074659,0.28284557238223978,,3,,,ok,,,20260818,1.503561700881817,7.9432823472428149,50
cui_fig6,925f2ab8975505e255f5c37af74d115be38bc302991267f95f440e5f61ce4472,A,0,3,19,36,3,1,16-QAM,biased_gs,detection_nmse,0.19213572797695591,0.57640718393086776,,3,,,ok,,,20260818,1.503561700881817,8.9125093813374558,50
cui_fig6,925f2ab8975505e255f5c37af74d115be38bc302991267f95f440e5f61ce4472,A,0,3,19,36,3,1,16-QAM,em_gs,detection_nmse,0.17112098130038408,0.51336294390115222,,3,,,ok,,,20260818,1.503561700881817,8.9125093813374558,50
cui_fig6,925f2ab8975505e255f5c37af74d115be38bc302991267f95f440e5f61ce4472,A,0,3,19,36,3,1,16-QAM,genie_zf,detection_nmse,0.038379525360530839,0.11513857608159252,,3,,,ok,,,20260818,1.503561700881817,8.9125093813374558,50
cui_fig6,925f2ab8975505e255f5c37af74d115be38bc302991267f95f440e5f61ce4472,A,0,3,19,36,3,1,16-QAM,cui_crlb,detection_nmse,0.089329058180303331,0.26798717454090998,,3,,,ok,,,20260818,1.503561700881817,8.9125093813374558,50
cui_fig6,925f2ab8975505e255f5c37af74d115be38bc302991267f95f440e5f61ce4472,A,0,3,20,36,3,1,16-QAM,biased_gs,detection_nmse,0.23647181802471942,0.70941545407415829,,3,,,ok,,,20260818,1.503561700881817,10,50
cui_fig6,925f2ab8975505e255f5c37af74d115be38bc302991267f95f440e5f61ce4472,A,0,3,20,36,3,1,16-QAM,em_gs,detection_nmse,0.16932310499543524,0.50796931498630571,,3,,,ok,,,20260818,1.503561700881817,10,50
cui_fig6,925f2ab8975505e255f5c37af74d115be38bc302991267f95f440e5f61ce4472,A,0,3,20,36,3,1,16-QAM,genie_zf,detection_nmse,0.035746902229131197,0.10724070668739359,,3,,,ok,,,20260818,1.503561700881817,10,50
cui_fig6,925f2ab8975505e255f5c37af74d115be38bc302991267f95f440e5f61ce4472,A,0,3,20,36,3,1,16-QAM,cui_crlb,detection_nmse,0.094740421071577804,0.2842212632147334,,3,,,ok,,,20260818,1.503561700881817,10,50
cui_fig6,925f2ab8975505e255f5c37af74d115be38bc302991267f95f440e5f61ce4472,A,0,3,21,36,3,1,16-QAM,biased_gs,detection_nmse,0.33916838828277135,1.017505164848314,,3,,,ok,,,20260818,1.503561700881817,11.220184543019636,50
cui_fig6,925f2ab8975505e255f5c37af74d115be38bc302991267f95f440e5f61ce4472,A,0,3,21,36,3,1,16-QAM,em_gs,detection_nmse,0.32824521564856984,0.98473564694570959,,3,,,ok,,,20260818,1.503561700881817,11.220184543019636,50
cui_fig6,925f2ab8975505e255f5c37af74d115be38bc302991267f95f440e5f61ce4472,A,0,3,21,36,3,1,16-QAM,genie_zf,detection_nmse,0.09167889358373503,0.27503668075120508,,3,,,ok,,,20260818,1.503561700881817,11.220184543019636,50
cui_fig6,925f2ab8975505e255f5c37af74d115be38bc302991267f95f440e5f61ce4472,A,0,3,21,36,3,1,16-QAM,cui_crlb,detection_nmse,0.091864934006350721,0.27559480201905218,,3,,,ok,,,20260818,1.503561700881817,11.220184543019636,50
cui_fig6,925f2ab8975505e255f5c37af74d115be38bc302991267f95f440e5f61ce4472,A,0,3,22,36,3,1,16-QAM,biased_gs,detection_nmse,0.065385882343534013,0.19615764703060204,,3,,,ok,,,20260818,1.503561700881817,12.589254117941673,50
cui_fig6,925f2ab8975505e255f5c37af74d115be38bc302991267f95f440e5f61ce4472,A,0,3,22,36,3,1,16-QAM,em_gs,detection_nmse,0.065568413194383238,0.19670523958314973,,3,,,ok,,,20260818,1.503561700881817,12.589254117941673,50
cui_fig6,925f2ab8975505e255f5c37af74d115be38bc302991267f95f440e5f61ce4472,A,0,3,22,36,3,1,16-QAM,genie_zf,detection_nmse,0.0081241177802934966,0.02437235334088049,,3,,,ok,,,20260818,1.503561700881817,12.589254117941673,50
cui_fig6,925f2ab8975505e255f5c37af74d115be38bc302991267f95f440e5f61ce4472,A,0,3,22,36,3,1,16-QAM,cui_crlb,detection_nmse,0.08776820291749915,0.26330460875249745,,3,,,ok,,,20260818,1.503561700881817,12.589254117941673,50
cui_fig6,925f2ab8975505e255f5c37af74d115be38bc302991267f95f440e5f61ce4472,A,0,3,23,36,3,1,16-QAM,biased_gs,detection_nmse,0.033706285152813674,0.10111885545844101,,3,,,ok,,,20260818,1.503561700881817,14.125375446227538,50
cui_fig6,925f2ab8975505e255f5c37af74d115be38bc302991267f95f440e5f61ce4472,A,0,3,23,36,3,1,16-QAM,em_gs,detection_nmse,0.039876404550417063,0.11962921365125119,,3,,,ok,,,20260818,1.503561700881817,14.125375446227538,50
cui_fig6,925f2ab8975505e255f5c37af74d115be38bc302991267f95f440e5f61ce4472,A,0,3,23,36,3,1,16-QAM,genie_zf,detection_nmse,0.027664895413127361,0.082994686239382082,,3,,,ok,,,20260818,1.503561700881817,14.125375446227538,50
cui_fig6,925f2ab8975505e255f5c37af74d115be38bc302991267f95f440e5f61ce4472,A,0,3,23,36,3,1,16-QAM,cui_crlb,detection_nmse,0.086761112180083186,0.26028333654024954,,3,,,ok,,,20260818,1.503561700881817,14.125375446227538,50
cui_fig6,925f2ab8975505e255f5c37af74d115be38bc302991267f95f440e5f61ce4472,A,0,3,24,36,3,1,16-QAM,biased_gs,detection_nmse,0.11618616904873343,0.34855850714620029,,3,,,ok,,,20260818,1.503561700881817,15.848931924611135,50
cui_fig6,925f2ab8975505e255f5c37af74d115be38bc302991267f95f440e5f61ce4472,A,0,3,24,36,3,1,16-QAM,em_gs,detection_nmse,0.11470408662082036,0.34411225986246108,,3,,,ok,,,20260818,1.503561700881817,15.848931924611135,50
cui_fig6,925f2ab8975505e255f5c37af74d115be38bc302991267f95f440e5f61ce4472,A,0,3,24,36,3,1,16-QAM,genie_zf,detection_nmse,0.057615276038880697,0.17284582811664209,,3,,,ok,,,20260818,1.503561700881817,15.848931924611135,50
cui_fig6,925f2ab8975505e255f5c37af74d115be38bc302991267f95f440e5f61ce4472,A,0,3,24,36,3,1,16-QAM,cui_crlb,detection_nmse,0.087891135408807372,0.2636734062264221,,3,,,ok,,,20260818,1.503561700881817,15.848931924611135,50
cui_fig6,925f2ab8975505e255f5c37af74d115be38bc302991267f95f440e5f61ce4472,A,0,3,25,36,3,1,16-QAM,biased_gs,detection_nmse,0.13797610084291423,0.41392830252874269,,3,,,ok,,,20260818,1.503561700881817,17.782794100389232,50
cui_fig6,925f2ab8975505e255f5c37af74d115be38bc302991267f95f440e5f61ce4472,A,0,3,25,36,3,1,16-QAM,em_gs,detection_nmse,0.09357908501763014,0.28073725505289043,,3,,,ok,,,20260818,1.503561700881817,17.782794100389232,50
cui_fig6,925f2ab8975505e255f5c37af74d115be38bc302991267f95f440e5f61ce4472,A,0,3,25,36,3,1,16-QAM,genie_zf,detection_nmse,0.025273295154538206,0.075819885463614622,,3,,,ok,,,20260818,1.503561700881817,17.782794100389232,50
cui_fig6,925f2ab8975505e255f5c37af74d115be38bc302991267f95f440e5f61ce4472,A,0,3,25,36,3,1,16-QAM,cui_crlb,detection_nmse,0.10789991885093377,0.32369975655280131,,3,,,ok,,,20260818,1.503561700881817,17.782794100389232,50
cui_fig6,925f2ab8975505e255f5c37af74d115be38bc302991267f95f440e5f61ce4472,A,1,3,0,36,3,1,16-QAM,biased_gs,detection_nmse,0.098680310756084202,0.29604093226825262,,3,,,ok,,,20260818,1.503561700881817,1.0000000000000002,50
cui_fig6,925f2ab8975505e255f5c37af74d115be38bc302991267f95f440e5f61ce4472,A,1,3,0,36,3,1,16-QAM,em_gs,detection_nmse,0.051182983671825298,0.15354895101547589,,3,,,ok,,,20260818,1.503561700881817,1.0000000000000002,50
cui_fig6,925f2ab8975505e255f5c37af74d115be38bc302991267f95f440e5f61ce4472,A,1,3,0,36,3,1,16-QAM,genie_zf,detection_nmse,0.014910448469302111,0.044731345407906332,,3,,,ok,,,20260818,1.503561700881817,1.0000000000000002,50
cui_fig6,925f2ab8975505e255f5c37af74d115be38bc302991267f95f440e5f61ce4472,A,1,3,0,36,3,1,16-QAM,cui_crlb,detection_nmse,0.11476248267867666,0.34428744803602995,,3,,,ok,,,20260818,1.503561700881817,1.0000000000000002,50
cui_fig6,925f2ab8975505e255f5c37af74d115be38bc302991267f95f440e5f61ce4472,A,1,3,1,36,3,1,16-QAM,biased_gs,detection_nmse,2.8152714939953136,8.4458144819859413,,3,,,ok,,,20260818,1.503561700881817,1.1220184543019633,50
cui_fig6,925f2ab8975505e255f5c37af74d115be38bc302991267f95f440e5f61ce4472,A,1,3,1,36,3,1,16-QAM,em_gs,detection_nmse,0.7338388875215397,2.201516662564619,,3,,,ok,,,20260818,1.503561700881817,1.1220184543019633,50
cui_fig6,925f2ab8975505e255f5c37af74d115be38bc302991267f95f440e5f61ce4472,A,1,3,1,36,3,1,16-QAM,genie_zf,detection_nmse,0.041814382366665466,0.1254431470999964,,3,,,ok,,,20260818,1.503561700881817,1.1220184543019633,50
cui_fig6,925f2ab8975505e255f5c37af74d115be38bc302991267f95f440e5f61ce4472,A,1,3,1,36,3,1,16-QAM,cui_crlb,detection_nmse,0.12653997144035448,0.3796199143210634,,3,,,ok,,,20260818,1.503561700881817,1.1220184543019633,50
cui_fig6,925f2ab8975505e255f5c37af74d115be38bc302991267f95f440e5f61ce4472,A,1,3,2,36,3,1,16-QAM,biased_gs,detection_nmse,0.079932045947902527,0.23979613784370757,,3,,,ok,,,20260818,1.503561700881817,1.2589254117941673,50
cui_fig6,925f2ab8975505e255f5c37af74d115be38bc302991267f95f440e5f61ce4472,A,1,3,2,36,3,1,16-QAM,em_gs,detection_nmse,0.057566432199227045,0.17269929659768113,,3,,,ok,,,20260818,1.503561700881817,1.2589254117941673,50
cui_fig6,925f2ab8975505e255f5c37af74d115be38bc302991267f95f440e5f61ce4472,A,1,3,2,36,3,1,16-QAM,genie_zf,detection_nmse,0.029959422977900371,0.089878268933701114,,3,,,ok,,,20260818,1.503561700881817,1.2589254117941673,50
cui_fig6,925f2ab8975505e255f5c37af74d115be38bc302991267f95f440e5f61ce4472,A,1,3,2,36,3,1,16-QAM,cui_crlb,detection_nmse,0.10382247233487103,0.31146741700461311,,3,,,ok,,,20260818,1.503561700881817,1.2589254117941673,50
cui_fig6,925f2ab8975505e255f5c37af74d115be38bc302991267f95f440e5f61ce4472,A,1,3,3,36,3,1,16-QAM,biased_gs,detection_nmse,0.26644200846167354,0.79932602538502062,,3,,,ok,,,20260818,1.503561700881817,1.4125375446227546,50
cui_fig6,925f2ab8975505e255f5c37af74d115be38bc302991267f95f440e5f61ce4472,A,1,3,3,36,3,1,16-QAM,em_gs,detection_nmse,0.14766049525564559,0.44298148576693674,,3,,,ok,,,20260818,1.503561700881817,1.4125375446227546,50
cui_fig6,925f2ab8975505e255f5c37af74d115be38bc302991267f95f440e5f61ce4472,A,1,3,3,36,3,1,16-QAM,genie_zf,detection_nmse,0.0046474218186194219,0.013942265455858267,,3,,,ok,,,20260818,1.503561700881817,1.4125375446227546,50
cui_fig6,925f2ab8975505e255f5c37af74d115be38bc302991267f95f440e5f61ce4472,A,1,3,3,36,3,1,16-QAM,cui_crlb,detection_nmse,0.12016471525459804,0.36049414576379413,,3,,,ok,,,20260818,1.503561700881817,1.4125375446227546,50
cui_fig6,925f2ab8975505e255f5c37af74d115be38bc302991267f95f440e5f61ce4472,A,1,3,4,36,3,1,16-QAM,biased_gs,detection_nmse,1.4391312001965799,4.3173936005897398,,3,,,ok,,,20260818,1.503561700881817,1.5848931924611134,50
cui_fig6,925f2ab8975505e255f5c37af74d115be38bc302991267f95f440e5f61ce4472,A,1,3,4,36,3,1,16-QAM,em_gs,detection_nmse,0.3063304968115616,0.91899149043468487,,3,,,ok,,,20260818,1.503561700881817,1.5848931924611134,50
cui_fig6,925f2ab8975505e255f5c37af74d115be38bc302991267f95f440e5f61ce4472,A,1,3,4,36,3,1,16-QAM,genie_zf,detection_nmse,0.0072183798581802452,0.021655139574540735,,3,,,ok,,,20260818,1.503561700881817,1.5848931924611134,50
cui_fig6,925f2ab8975505e255f5c37af74d115be38bc302991267f95f440e5f61ce4472,A,1,3,4,36,3,1,16-QAM,cui_crlb,detection_nmse,0.1133839329810129,0.34015179894303871,,3,,,ok,,,20260818,1.503561700881817,1.5848931924611134,50
cui_fig6,925f2ab8975505e255f5c37af74d115be38bc302991267f95f440e5f61ce4472,A,1,3,5,36,3,1,16-QAM,biased_gs,detection_nmse,0.41568250606846585,1.2470475182053975,,3,,,ok,,,20260818,1.503561700881817,1.7782794100389228,50
cui_fig6,925f2ab8975505e255f5c37af74d115be38bc302991267f95f440e5f61ce4472,A,1,3,5,36,3,1,16-QAM,em_gs,detection_nmse,0.31546140129322969,0.94638420387968902,,3,,,ok,,,20260818,1.503561700881817,1.7782794100389228,50
cui_fig6,925f2ab8975505e255f5c37af74d115be38bc302991267f95f440e5f61ce4472,A,1,3,5,36,3,1,16-QAM,genie_zf,detection_nmse,0.023629885978091569,0.070889657934274708,,3,,,ok,,,20260818,1.503561700881817,1.7782794100389228,50
cui_fig6,925f2ab8975505e255f5c37af74d115be38bc302991267f95f440e5f61ce4472,A,1,3,5,36,3,1,16-QAM,cui_crlb,detection_nmse,0.11725046669973971,0.35175140009921912,,3,,,ok,,,20260818,1.503561700881817,1.7782794100389228,50
cui_fig6,925f2ab8975505e255f5c37af74d115be38bc302991267f95f440e5f61ce4472,A,1,3,6,36,3,1,16-QAM,biased_gs,detection_nmse,0.35842576723217306,1.0752773016965191,,3,,,ok,,,20260818,1.503561700881817,1.9952623149688795,50
cui_fig6,925f2ab8975505e255f5c37af74d115be38bc302991267f95f440e5f61ce4472,A,1,3,6,36,3,1,16-QAM,em_gs,detection_nmse,0.20949565291769501,0.62848695875308502,,3,,,ok,,,20260818,1.503561700881817,1.9952623149688795,50
cui_fig6,925f2ab8975505e255f5c37af74d115be38bc302991267f95f440e5f61ce4472,A,1,3,6,36,3,1,16-QAM,genie_zf,detection_nmse,0.047450732230158978,0.14235219669047694,,3,,,ok,,,20260818,1.503561700881817,1.9952623149688795,50
cui_fig6,925f2ab8975505e255f5c37af74d115be38bc302991267f95f440e5f61ce4472,A,1,3,6,36,3,1,16-QAM,cui_crlb,detection_nmse,0.1126049274775146,0.33781478243254381,,3,,,ok,,,20260818,1.503561700881817,1.9952623149688795,50
cui_fig6,925f2ab8975505e255f5c37af74d115be38bc302991267f95f440e5f61ce4472,A,1,3,7,36,3,1,16-QAM,biased_gs,detection_nmse,0.10801881803636788,0.32405645410910366,,3,,,ok,,,20260818,1.503561700881817,2.2387211385683394,50
cui_fig6,925f2ab8975505e255f5c37af74d115be38bc302991267f95f440e5f61ce4472,A,1,3,7,36,3,1,16-QAM,em_gs,detection_nmse,0.07822226531287492,0.23466679593862474,,3,,,ok,,,20260818,1.503561700881817,2.2387211385683394,50
cui_fig6,925f2ab8975505e255f5c37af74d115be38bc302991267f95f440e5f61ce4472,A,1,3,7,36,3,1,16-QAM,genie_zf,detection_nmse,0.045532751603171912,0.13659825480951573,,3,,,ok,,,20260818,1.503561700881817,2.2387211385683394,50
cui_fig6,925f2ab8975505e255f5c37af74d115be38bc302991267f95f440e5f61ce4472,A,1,3,7,36,3,1,16-QAM,cui_crlb,detection_nmse,0.093447945636977503,0.28034383691093251,,3,,,ok,,,20260818,1.503561700881817,2.2387211385683394,50
cui_fig6,925f2ab8975505e255f5c37af74d115be38bc302991267f95f440e5f61ce4472,A,1,3,8,36,3,1,16-QAM,biased_gs,detection_nmse,0.11262962032900196,0.33788886098700588,,3,,,ok,,,20260818,1.503561700881817,2.5118864315095806,50
cui_fig6,925f2ab8975505e255f5c37af74d115be38bc302991267f95f440e5f61ce4472,A,1,3,8,36,3,1,16-QAM,em_gs,detection_nmse,0.071234439047792059,0.21370331714337618,,3,,,ok,,,20260818,1.503561700881817,2.5118864315095806,50
cui_fig6,925f2ab8975505e255f5c37af74d115be38bc302991267f95f440e5f61ce4472,A,1,3,8,36,3,1,16-QAM,genie_zf,detection_nmse,0.061488873614264118,0.18446662084279236,,3,,,ok,,,20260818,1.503561700881817,2.5118864315095806,50
cui_fig6,925f2ab8975505e255f5c37af74d115be38bc302991267f95f440e5f61ce4472,A,1,3,8,36,3,1,16-QAM,cui_crlb,detection_nmse,0.1038425067565506,0.3115275202696518,,3,,,ok,,,20260818,1.503561700881817,2.5118864315095806,50
cui_fig6,925f2ab8975505e255f5c37af74d115be38bc302991267f95f440e5f61ce4472,A,1,3,9,36,3,1,16-QAM,biased_gs,detection_nmse,0.30499008088863433,0.91497024266590299,,3,,,ok,,,20260818,1.503561700881817,2.8183829312644542,50
cui_fig6,925f2ab8975505e255f5c37af74d115be38bc302991267f95f440e5f61ce4472,A,1,3,9,36,3,1,16-QAM,em_gs,detection_nmse,0.20925607293280546,0.62776821879841638,,3,,,ok,,,20260818,1.503561700881817,2.8183829312644542,50
cui_fig6,925f2ab8975505e255f5c37af74d115be38bc302991267f95f440e5f61ce4472,A,1,3,9,36,3,1,16-QAM,genie_zf,detection_nmse,0.060982261956935097,0.18294678587080529,,3,,,ok,,,20260818,1.503561700881817,2.8183829312644542,50
cui_fig6,925f2ab8975505e255f5c37af74d115be38bc302991267f95f440e5f61ce4472,A,1,3,9,36,3,1,16-QAM,cui_crlb,detection_nmse,0.095429183168354012,0.28628754950506202,,3,,,ok,,,20260818,1.503561700881817,2.8183829312644542,50
cui_fig6,925f2ab8975505e255f5c37af74d115be38bc302991267f95f440e5f61ce4472,A,1,3,10,36,3,1,16-QAM,biased_gs,detection_nmse,0.098920230230827258,0.29676069069248179,,3,,,ok,,,20260818,1.503561700881817,3.1622776601683786,50
cui_fig6,925f2ab8975505e255f5c37af74d115be38bc302991267f95f440e5f61ce4472,A,1,3,10,36,3,1,16-QAM,em_gs,detection_nmse,0.075191745946147415,0.22557523783844224,,3,,,ok,,,20260818,1.503561700881817,3.1622776601683786,50
cui_fig6,925f2ab8975505e255f5c37af74d115be38bc302991267f95f440e5f61ce4472,A,1,3,10,36,3,1,16-QAM,genie_zf,detection_nmse,0.085006991434001075,0.25502097430200321,,3,,,ok,,,20260818,1.503561700881817,3.1622776601683786,50
cui_fig6,925f2ab8975505e255f5c37af74d115be38bc302991267f95f440e5f61ce4472,A,1,3,10,36,3,1,16-QAM,cui_crlb,detection_nmse,0.097850216236327447,0.29355064870898234,,3,,,ok,,,20260818,1.503561700881817,3.1622776601683786,50
cui_fig6,925f2ab8975505e255f5c37af74d115be38bc302991267f95f440e5f61ce4472,A,1,3,11,36,3,1,16-QAM,biased_gs,detection_nmse,0.020359144885866865,0.061077434657600592,,3,,,ok,,,20260818,1.503561700881817,3.548133892335755,50
cui_fig6,925f2ab8975505e255f5c37af74d115be38bc302991267f95f440e5f61ce4472,A,1,3,11,36,3,1,16-QAM,em_gs,detection_nmse,0.041238554045176262,0.12371566213552879,,3,,,ok,,,20260818,1.503561700881817,3.548133892335755,50
cui_fig6,925f2ab8975505e255f5c37af74d115be38bc302991267f95f440e5f61ce4472,A,1,3,11,36,3,1,16-QAM,genie_zf,detection_nmse,0.014802375061852726,0.044407125185558179,,3,,,ok,,,20260818,1.503561700881817,3.548133892335755,50
cui_fig6,925f2ab8975505e255f5c37af74d115be38bc302991267f95f440e5f61ce4472,A,1,3,11,36,3,1,16-QAM,cui_crlb,detection_nmse,0.093387453185673763,0.28016235955702129,,3,,,ok,,,20260818,1.503561700881817,3.548133892335755,50
cui_fig6,925f2ab8975505e255f5c37af74d115be38bc302991267f95f440e5f61ce4472,A,1,3,12,36,3,1,16-QAM,biased_gs,detection_nmse,0.14048769005516817,0.42146307016550455,,3,,,ok,,,20260818,1.503561700881817,3.9810717055349722,50
cui_fig6,925f2ab8975505e255f5c37af74d115be38bc302991267f95f440e5f61ce4472,A,1,3,12,36,3,1,16-QAM,em_gs,detection_nmse,0.1393596818480739,0.41807904554422171,,3,,,ok,,,20260818,1.503561700881817,3.9810717055349722,50
cui_fig6,925f2ab8975505e255f5c37af74d115be38bc302991267f95f440e5f61ce4472,A,1,3,12,36,3,1,16-QAM,genie_zf,detection_nmse,0.030041150321892751,0.090123450965678253,,3,,,ok,,,20260818,1.503561700881817,3.9810717055349722,50
cui_fig6,925f2ab8975505e255f5c37af74d115be38bc302991267f95f440e5f61ce4472,A,1,3,12,36,3,1,16-QAM,cui_crlb,detection_nmse,0.092912875791990687,0.27873862737597205,,3,,,ok,,,20260818,1.503561700881817,3.9810717055349722,50
cui_fig6,925f2ab8975505e255f5c37af74d115be38bc302991267f95f440e5f61ce4472,A,1,3,13,36,3,1,16-QAM,biased_gs,detection_nmse,0.098772890750325956,0.29631867225097785,,3,,,ok,,,20260818,1.503561700881817,4.4668359215096318,50
cui_fig6,925f2ab8975505e255f5c37af74d115be38bc302991267f95f440e5f61ce4472,A,1,3,13,36,3,1,16-QAM,em_gs,detection_nmse,0.085750806661990933,0.25725241998597281,,3,,,ok,,,20260818,1.503561700881817,4.4668359215096318,50
cui_fig6,925f2ab8975505e255f5c37af74d115be38bc302991267f95f440e5f61ce4472,A,1,3,13,36,3,1,16-QAM,genie_zf,detection_nmse,0.045328524468184604,0.13598557340455381,,3,,,ok,,,20260818,1.503561700881817,4.4668359215096318,50
cui_fig6,925f2ab8975505e255f5c37af74d115be38bc302991267f95f440e5f61ce4472,A,1,3,13,36,3,1,16-QAM,cui_crlb,detection_nmse,0.09362992264136942,0.28088976792410825,,3,,,ok,,,20260818,1.503561700881817,4.4668359215096318,50
cui_fig6,925f2ab8975505e255f5c37af74d115be38bc302991267f95f440e5f61ce4472,A,1,3,14,36,3,1,16-QAM,biased_gs,detection_nmse,0.14327272836307539,0.4298181850892262,,3,,,ok,,,20260818,1.503561700881817,5.011872336272722,50
cui_fig6,925f2ab8975505e255f5c37af74d115be38bc302991267f95f440e5f61ce4472,A,1,3,14,36,3,1,16-QAM,em_gs,detection_nmse,0.11258885009827491,0.33776655029482472,,3,,,ok,,,20260818,1.503561700881817,5.011872336272722,50
cui_fig6,925f2ab8975505e255f5c37af74d115be38bc302991267f95f440e5f61ce4472,A,1,3,14,36,3,1,16-QAM,genie_zf,detection_nmse,0.08752222646508824,0.26256667939526473,,3,,,ok,,,20260818,1.503561700881817,5.011872336272722,50
cui_fig6,925f2ab8975505e255f5c37af74d115be38bc302991267f95f440e5f61ce4472,A,1,3,14,36,3,1,16-QAM,cui_crlb,detection_nmse,0.091926993643258861,0.2757809809297766,,3,,,ok,,,20260818,1.503561700881817,5.011872336272722,50
cui_fig6,925f2ab8975505e255f5c37af74d115be38bc302991267f95f440e5f61ce4472,A,1,3,15,36,3,1,16-QAM,biased_gs,detection_nmse,0.1319969738864322,0.39599092165929661,,3,,,ok,,,20260818,1.503561700881817,5.6234132519034903,50
cui_fig6,925f2ab8975505e255f5c37af74d115be38bc302991267f95f440e5f61ce4472,A,1,3,15,36,3,1,16-QAM,em_gs,detection_nmse,0.1472061255743384,0.44161837672301524,,3,,,ok,,,20260818,1.503561700881817,5.6234132519034903,50
cui_fig6,925f2ab8975505e255f5c37af74d115be38bc302991267f95f440e5f61ce4472,A,1,3,15,36,3,1,16-QAM,genie_zf,detection_nmse,0.044806090421430834,0.13441827126429251,,3,,,ok,,,20260818,1.503561700881817,5.6234132519034903,50
cui_fig6,925f2ab8975505e255f5c37af74d115be38bc302991267f95f440e5f61ce4472,A,1,3,15,36,3,1,16-QAM,cui_crlb,detection_nmse,0.091986135911309622,0.27595840773392888,,3,,,ok,,,20260818,1.503561700881817,5.6234132519034903,50
cui_fig6,925f2ab8975505e255f5c37af74d115be38bc302991267f95f440e5f61ce4472,A,1,3,16,36,3,1,16-QAM,biased_gs,detection_nmse,0.029576215919888928,0.088728647759666782,,3,,,ok,,,20260818,1.503561700881817,6.3095734448019334,50
cui_fig6,925f2ab8975505e255f5c37af74d115be38bc302991267f95f440e5f61ce4472,A,1,3,16,36,3,1,16-QAM,em_gs,detection_nmse,0.043936204060184225,0.13180861218055268,,3,,,ok,,,20260818,1.503561700881817,6.3095734448019334,50
cui_fig6,925f2ab8975505e255f5c37af74d115be38bc302991267f95f440e5f61ce4472,A,1,3,16,36,3,1,16-QAM,genie_zf,detection_nmse,0.027500633981766189,0.082501901945298564,,3,,,ok,,,20260818,1.503561700881817,6.3095734448019334,50
cui_fig6,925f2ab8975505e255f5c37af74d115be38bc302991267f95f440e5f61ce4472,A,1,3,16,36,3,1,16-QAM,cui_crlb,detection_nmse,0.094321179150172907,0.28296353745051872,,3,,,ok,,,20260818,1.503561700881817,6.3095734448019334,50
cui_fig6,925f2ab8975505e255f5c37af74d115be38bc302991267f95f440e5f61ce4472,A,1,3,17,36,3,1,16-QAM,biased_gs,detection_nmse,0.070798364328833421,0.21239509298650028,,3,,,ok,,,20260818,1.503561700881817,7.0794578438413787,50
cui_fig6,925f2ab8975505e255f5c37af74d115be38bc302991267f95f440e5f61ce4472,A,1,3,17,36,3,1,16-QAM,em_gs,detection_nmse,0.066382975125673371,0.19914892537702011,,3,,,ok,,,20260818,1.503561700881817,7.0794578438413787,50
cui_fig6,925f2ab8975505e255f5c37af74d115be38bc302991267f95f440e5f61ce4472,A,1,3,17,36,3,1,16-QAM,genie_zf,detection_nmse,0.027512527945064036,0.082537583835192108,,3,,,ok,,,20260818,1.503561700881817,7.0794578438413787,50
cui_fig6,925f2ab8975505e255f5c37af74d115be38bc302991267f95f440e5f61ce4472,A,1,3,17,36,3,1,16-QAM,cui_crlb,detection_nmse,0.099763060458087527,0.29928918137426258,,3,,,ok,,,20260818,1.503561700881817,7.0794578438413787,50
cui_fig6,925f2ab8975505e255f5c37af74d115be38bc302991267f95f440e5f61ce4472,A,1,3,18,36,3,1,16-QAM,biased_gs,detection_nmse,0.047748107765827448,0.14324432329748235,,3,,,ok,,,20260818,1.503561700881817,7.9432823472428149,50
cui_fig6,925f2ab8975505e255f5c37af74d115be38bc302991267f95f440e5f61ce4472,A,1,3,18,36,3,1,16-QAM,em_gs,detection_nmse,0.04982185028363844,0.14946555085091531,,3,,,ok,,,20260818,1.503561700881817,7.9432823472428149,50
cui_fig6,925f2ab8975505e255f5c37af74d115be38bc302991267f95f440e5f61ce4472,A,1,3,18,36,3,1,16-QAM,genie_zf,detection_nmse,0.048863851422944658,0.14659155426883397,,3,,,ok,,,20260818,1.503561700881817,7.9432823472428149,50
cui_fig6,925f2ab8975505e255f5c37af74d115be38bc302991267f95f440e5f61ce4472,A,1,3,18,36,3,1,16-QAM,cui_crlb,detection_nmse,0.091379854727628121,0.27413956418288438,,3,,,ok,,,20260818,1.503561700881817,7.9432823472428149,50
cui_fig6,925f2ab8975505e255f5c37af74d115be38bc302991267f95f440e5f61ce4472,A,1,3,19,36,3,1,16-QAM,biased_gs,detection_nmse,0.24514842515684587,0.73544527547053762,,3,,,ok,,,20260818,1.503561700881817,8.9125093813374558,50
cui_fig6,925f2ab8975505e255f5c37af74d115be38bc302991267f95f440e5f61ce4472,A,1,3,19,36,3,1,16-QAM,em_gs,detection_nmse,0.23635947498822243,0.70907842496466733,,3,,,ok,,,20260818,1.503561700881817,8.9125093813374558,50
cui_fig6,925f2ab8975505e255f5c37af74d115be38bc302991267f95f440e5f61ce4472,A,1,3,19,36,3,1,16-QAM,genie_zf,detection_nmse,0.09175964592785045,0.27527893778355134,,3,,,ok,,,20260818,1.503561700881817,8.9125093813374558,50
cui_fig6,925f2ab8975505e255f5c37af74d115be38bc302991267f95f440e5f61ce4472,A,1,3,19,36,3,1,16-QAM,cui_crlb,detection_nmse,0.098202364985871704,0.29460709495761511,,3,,,ok,,,20260818,1.503561700881817,8.9125093813374558,50
cui_fig6,925f2ab8975505e255f5c37af74d115be38bc302991267f95f440e5f61ce4472,A,1,3,20,36,3,1,16-QAM,biased_gs,detection_nmse,0.10518621857281603,0.3155586557184481,,3,,,ok,,,20260818,1.503561700881817,9.9999999999999982,50
cui_fig6,925f2ab8975505e255f5c37af74d115be38bc302991267f95f440e5f61ce4472,A,1,3,20,36,3,1,16-QAM,em_gs,detection_nmse,0.10210256871599838,0.30630770614799513,,3,,,ok,,,20260818,1.503561700881817,9.9999999999999982,50
cui_fig6,925f2ab8975505e255f5c37af74d115be38bc302991267f95f440e5f61ce4472,A,1,3,20,36,3,1,16-QAM,genie_zf,detection_nmse,0.052116204782685631,0.15634861434805689,,3,,,ok,,,20260818,1.503561700881817,9.9999999999999982,50
cui_fig6,925f2ab8975505e255f5c37af74d115be38bc302991267f95f440e5f61ce4472,A,1,3,20,36,3,1,16-QAM,cui_crlb,detection_nmse,0.088746115725835462,0.26623834717750638,,3,,,ok,,,20260818,1.503561700881817,9.9999999999999982,50
cui_fig6,925f2ab8975505e255f5c37af74d115be38bc302991267f95f440e5f61ce4472,A,1,3,21,36,3,1,16-QAM,biased_gs,detection_nmse,0.10239186916087696,0.3071756074826309,,3,,,ok,,,20260818,1.503561700881817,11.220184543019634,50
cui_fig6,925f2ab8975505e255f5c37af74d115be38bc302991267f95f440e5f61ce4472,A,1,3,21,36,3,1,16-QAM,em_gs,detection_nmse,0.1061818961371286,0.31854568841138581,,3,,,ok,,,20260818,1.503561700881817,11.220184543019634,50
cui_fig6,925f2ab8975505e255f5c37af74d115be38bc302991267f95f440e5f61ce4472,A,1,3,21,36,3,1,16-QAM,genie_zf,detection_nmse,0.048874444769546214,0.14662333430863864,,3,,,ok,,,20260818,1.503561700881817,11.220184543019634,50
cui_fig6,925f2ab8975505e255f5c37af74d115be38bc302991267f95f440e5f61ce4472,A,1,3,21,36,3,1,16-QAM,cui_crlb,detection_nmse,0.091165194156556786,0.27349558246967037,,3,,,ok,,,20260818,1.503561700881817,11.220184543019634,50
cui_fig6,925f2ab8975505e255f5c37af74d115be38bc302991267f95f440e5f61ce4472,A,1,3,22,36,3,1,16-QAM,biased_gs,detection_nmse,0.18111993772507642,0.5433598131752293,,3,,,ok,,,20260818,1.503561700881817,12.589254117941676,50
cui_fig6,925f2ab8975505e255f5c37af74d115be38bc302991267f95f440e5f61ce4472,A,1,3,22,36,3,1,16-QAM,em_gs,detection_nmse,0.16771776645149786,0.5031532993544936,,3,,,ok,,,20260818,1.503561700881817,12.589254117941676,50
cui_fig6,925f2ab8975505e255f5c37af74d115be38bc302991267f95f440e5f61ce4472,A,1,3,22,36,3,1,16-QAM,genie_zf,detection_nmse,0.080875823881740139,0.24262747164522042,,3,,,ok,,,20260818,1.503561700881817,12.589254117941676,50
cui_fig6,925f2ab8975505e255f5c37af74d115be38bc302991267f95f440e5f61ce4472,A,1,3,22,36,3,1,16-QAM,cui_crlb,detection_nmse,0.092027525419628706,0.2760825762588861,,3,,,ok,,,20260818,1.503561700881817,12.589254117941676,50
cui_fig6,925f2ab8975505e255f5c37af74d115be38bc302991267f95f440e5f61ce4472,A,1,3,23,36,3,1,16-QAM,biased_gs,detection_nmse,0.082235195584675194,0.24670558675402557,,3,,,ok,,,20260818,1.503561700881817,14.125375446227538,50
cui_fig6,925f2ab8975505e255f5c37af74d115be38bc302991267f95f440e5f61ce4472,A,1,3,23,36,3,1,16-QAM,em_gs,detection_nmse,0.0806216632885811,0.24186498986574329,,3,,,ok,,,20260818,1.503561700881817,14.125375446227538,50
cui_fig6,925f2ab8975505e255f5c37af74d115be38bc302991267f95f440e5f61ce4472,A,1,3,23,36,3,1,16-QAM,genie_zf,detection_nmse,0.026888532138000465,0.080665596414001395,,3,,,ok,,,20260818,1.503561700881817,14.125375446227538,50
cui_fig6,925f2ab8975505e255f5c37af74d115be38bc302991267f95f440e5f61ce4472,A,1,3,23,36,3,1,16-QAM,cui_crlb,detection_nmse,0.085289603198150474,0.25586880959445141,,3,,,ok,,,20260818,1.503561700881817,14.125375446227538,50
cui_fig6,925f2ab8975505e255f5c37af74d115be38bc302991267f95f440e5f61ce4472,A,1,3,24,36,3,1,16-QAM,biased_gs,detection_nmse,0.11460426864609559,0.34381280593828678,,3,,,ok,,,20260818,1.503561700881817,15.848931924611135,50
cui_fig6,925f2ab8975505e255f5c37af74d115be38bc302991267f95f440e5f61ce4472,A,1,3,24,36,3,1,16-QAM,em_gs,detection_nmse,0.10866029325199333,0.32598087975598,,3,,,ok,,,20260818,1.503561700881817,15.848931924611135,50
cui_fig6,925f2ab8975505e255f5c37af74d115be38bc302991267f95f440e5f61ce4472,A,1,3,24,36,3,1,16-QAM,genie_zf,detection_nmse,0.026515420092672892,0.079546260278018671,,3,,,ok,,,20260818,1.503561700881817,15.848931924611135,50
cui_fig6,925f2ab8975505e255f5c37af74d115be38bc302991267f95f440e5f61ce4472,A,1,3,24,36,3,1,16-QAM,cui_crlb,detection_nmse,0.086295693486943173,0.25888708046082953,,3,,,ok,,,20260818,1.503561700881817,15.848931924611135,50
cui_fig6,925f2ab8975505e255f5c37af74d115be38bc302991267f95f440e5f61ce4472,A,1,3,25,36,3,1,16-QAM,biased_gs,detection_nmse,0.038067990093661762,0.11420397028098528,,3,,,ok,,,20260818,1.503561700881817,17.782794100389232,50
cui_fig6,925f2ab8975505e255f5c37af74d115be38bc302991267f95f440e5f61ce4472,A,1,3,25,36,3,1,16-QAM,em_gs,detection_nmse,0.040559537379940627,0.12167861213982188,,3,,,ok,,,20260818,1.503561700881817,17.782794100389232,50
cui_fig6,925f2ab8975505e255f5c37af74d115be38bc302991267f95f440e5f61ce4472,A,1,3,25,36,3,1,16-QAM,genie_zf,detection_nmse,0.050004597502235411,0.15001379250670624,,3,,,ok,,,20260818,1.503561700881817,17.782794100389232,50
cui_fig6,925f2ab8975505e255f5c37af74d115be38bc302991267f95f440e5f61ce4472,A,1,3,25,36,3,1,16-QAM,cui_crlb,detection_nmse,0.09291114711524788,0.27873344134574363,,3,,,ok,,,20260818,1.503561700881817,17.782794100389232,50
cui_fig6,925f2ab8975505e255f5c37af74d115be38bc302991267f95f440e5f61ce4472,A,2,3,0,36,3,1,16-QAM,biased_gs,detection_nmse,0.20480265240475404,0.61440795721426211,,3,,,ok,,,20260818,1.503561700881817,0.99999999999999989,50
cui_fig6,925f2ab8975505e255f5c37af74d115be38bc302991267f95f440e5f61ce4472,A,2,3,0,36,3,1,16-QAM,em_gs,detection_nmse,0.072610982041507649,0.21783294612452295,,3,,,ok,,,20260818,1.503561700881817,0.99999999999999989,50
cui_fig6,925f2ab8975505e255f5c37af74d115be38bc302991267f95f440e5f61ce4472,A,2,3,0,36,3,1,16-QAM,genie_zf,detection_nmse,0.028389956064375624,0.085169868193126871,,3,,,ok,,,20260818,1.503561700881817,0.99999999999999989,50
cui_fig6,925f2ab8975505e255f5c37af74d115be38bc302991267f95f440e5f61ce4472,A,2,3,0,36,3,1,16-QAM,cui_crlb,detection_nmse,0.11566589197209158,0.34699767591627473,,3,,,ok,,,20260818,1.503561700881817,0.99999999999999989,50
cui_fig6,925f2ab8975505e255f5c37af74d115be38bc302991267f95f440e5f61ce4472,A,2,3,1,36,3,1,16-QAM,biased_gs,detection_nmse,0.079579110526104821,0.23873733157831448,,3,,,ok,,,20260818,1.503561700881817,1.1220184543019633,50
cui_fig6,925f2ab8975505e255f5c37af74d115be38bc302991267f95f440e5f61ce4472,A,2,3,1,36,3,1,16-QAM,em_gs,detection_nmse,0.080321757075382402,0.24096527122614719,,3,,,ok,,,20260818,1.503561700881817,1.1220184543019633,50
cui_fig6,925f2ab8975505e255f5c37af74d115be38bc302991267f95f440e5f61ce4472,A,2,3,1,36,3,1,16-QAM,genie_zf,detection_nmse,0.034569943273519331,0.10370982982055799,,3,,,ok,,,20260818,1.503561700881817,1.1220184543019633,50
cui_fig6,925f2ab8975505e255f5c37af74d115be38bc302991267f95f440e5f61ce4472,A,2,3,1,36,3,1,16-QAM,cui_crlb,detection_nmse,0.11097269181972665,0.33291807545917995,,3,,,ok,,,20260818,1.503561700881817,1.1220184543019633,50
cui_fig6,925f2ab8975505e255f5c37af74d115be38bc302991267f95f440e5f61ce4472,A,2,3,2,36,3,1,16-QAM,biased_gs,detection_nmse,0.10054242987015272,0.30162728961045815,,3,,,ok,,,20260818,1.503561700881817,1.2589254117941673,50
cui_fig6,925f2ab8975505e255f5c37af74d115be38bc302991267f95f440e5f61ce4472,A,2,3,2,36,3,1,16-QAM,em_gs,detection_nmse,0.16700463837584592,0.50101391512753779,,3,,,ok,,,20260818,1.503561700881817,1.2589254117941673,50
cui_fig6,925f2ab8975505e255f5c37af74d115be38bc302991267f95f440e5f61ce4472,A,2,3,2,36,3,1,16-QAM,genie_zf,detection_nmse,0.091954363980748452,0.27586309194224534,,3,,,ok,,,20260818,1.503561700881817,1.2589254117941673,50
cui_fig6,925f2ab8975505e255f5c37af74d115be38bc302991267f95f440e5f61ce4472,A,2,3,2,36,3,1,16-QAM,cui_crlb,detection_nmse,0.12446904103106808,0.37340712309320423,,3,,,ok,,,20260818,1.503561700881817,1.2589254117941673,50
cui_fig6,925f2ab8975505e255f5c37af74d115be38bc302991267f95f440e5f61ce4472,A,2,3,3,36,3,1,16-QAM,biased_gs,detection_nmse,0.49961831571067794,1.4988549471320338,,3,,,ok,,,20260818,1.503561700881817,1.4125375446227542,50
cui_fig6,925f2ab8975505e255f5c37af74d115be38bc302991267f95f440e5f61ce4472,A,2,3,3,36,3,1,16-QAM,em_gs,detection_nmse,0.40604644884222435,1.218139346526673,,3,,,ok,,,20260818,1.503561700881817,1.4125375446227542,50
cui_fig6,925f2ab8975505e255f5c37af74d115be38bc302991267f95f440e5f61ce4472,A,2,3,3,36,3,1,16-QAM,genie_zf,detection_nmse,0.017732362217126773,0.053197086651380322,,3,,,ok,,,20260818,1.503561700881817,1.4125375446227542,50
cui_fig6,925f2ab8975505e255f5c37af74d115be38bc302991267f95f440e5f61ce4472,A,2,3,3,36,3,1,16-QAM,cui_crlb,detection_nmse,0.1048531650418998,0.31455949512569942,,3,,,ok,,,20260818,1.503561700881817,1.4125375446227542,50
cui_fig6,925f2ab8975505e255f5c37af74d115be38bc302991267f95f440e5f61ce4472,A,2,3,4,36,3,1,16-QAM,biased_gs,detection_nmse,0.138540347745333,0.41562104323599902,,3,,,ok,,,20260818,1.503561700881817,1.5848931924611136,50
cui_fig6,925f2ab8975505e255f5c37af74d115be38bc302991267f95f440e5f61ce4472,A,2,3,4,36,3,1,16-QAM,em_gs,detection_nmse,0.11546765725815616,0.34640297177446849,,3,,,ok,,,20260818,1.503561700881817,1.5848931924611136,50
cui_fig6,925f2ab8975505e255f5c37af74d115be38bc302991267f95f440e5f61ce4472,A,2,3,4,36,3,1,16-QAM,genie_zf,detection_nmse,0.09276242630552356,0.27828727891657068,,3,,,ok,,,20260818,1.503561700881817,1.5848931924611136,50
cui_fig6,925f2ab8975505e255f5c37af74d115be38bc302991267f95f440e5f61ce4472,A,2,3,4,36,3,1,16-QAM,cui_crlb,detection_nmse,0.10085011064666854,0.30255033194000563,,3,,,ok,,,20260818,1.503561700881817,1.5848931924611136,50
cui_fig6,925f2ab8975505e255f5c37af74d115be38bc302991267f95f440e5f61ce4472,A,2,3,5,36,3,1,16-QAM,biased_gs,detection_nmse,0.061486968080566674,0.18446090424170003,,3,,,ok,,,20260818,1.503561700881817,1.778279410038923,50
cui_fig6,925f2ab8975505e255f5c37af74d115be38bc302991267f95f440e5f61ce4472,A,2,3,5,36,3,1,16-QAM,em_gs,detection_nmse,0.039926585953596931,0.1197797578607908,,3,,,ok,,,20260818,1.503561700881817,1.778279410038923,50
cui_fig6,925f2ab8975505e255f5c37af74d115be38bc302991267f95f440e5f61ce4472,A,2,3,5,36,3,1,16-QAM,genie_zf,detection_nmse,0.036481304873295262,0.10944391461988578,,3,,,ok,,,20260818,1.503561700881817,1.778279410038923,50
cui_fig6,925f2ab8975505e255f5c37af74d115be38bc302991267f95f440e5f61ce4472,A,2,3,5,36,3,1,16-QAM,cui_crlb,detection_nmse,0.10677904727944404,0.32033714183833212,,3,,,ok,,,20260818,1.503561700881817,1.778279410038923,50
cui_fig6,925f2ab8975505e255f5c37af74d115be38bc302991267f95f440e5f61ce4472,A,2,3,6,36,3,1,16-QAM,biased_gs,detection_nmse,0.14672332965070181,0.44016998895210546,,3,,,ok,,,20260818,1.503561700881817,1.9952623149688793,50
cui_fig6,925f2ab8975505e255f5c37af74d115be38bc302991267f95f440e5f61ce4472,A,2,3,6,36,3,1,16-QAM,em_gs,detection_nmse,0.070106810937598837,0.2103204328127965,,3,,,ok,,,20260818,1.503561700881817,1.9952623149688793,50
cui_fig6,925f2ab8975505e255f5c37af74d115be38bc302991267f95f440e5f61ce4472,A,2,3,6,36,3,1,16-QAM,genie_zf,detection_nmse,0.069957956277119232,0.2098738688313577,,3,,,ok,,,20260818,1.503561700881817,1.9952623149688793,50
cui_fig6,925f2ab8975505e255f5c37af74d115be38bc302991267f95f440e5f61ce4472,A,2,3,6,36,3,1,16-QAM,cui_crlb,detection_nmse,0.10768707066696591,0.32306121200089771,,3,,,ok,,,20260818,1.503561700881817,1.9952623149688793,50
cui_fig6,925f2ab8975505e255f5c37af74d115be38bc302991267f95f440e5f61ce4472,A,2,3,7,36,3,1,16-QAM,biased_gs,detection_nmse,0.17306273719177981,0.51918821157533945,,3,,,ok,,,20260818,1.503561700881817,2.238721138568339,50
cui_fig6,925f2ab8975505e255f5c37af74d115be38bc302991267f95f440e5f61ce4472,A,2,3,7,36,3,1,16-QAM,em_gs,detection_nmse,0.23309646617225258,0.69928939851675775,,3,,,ok,,,20260818,1.503561700881817,2.238721138568339,50
cui_fig6,925f2ab8975505e255f5c37af74d115be38bc302991267f95f440e5f61ce4472,A,2,3,7,36,3,1,16-QAM,genie_zf,detection_nmse,0.051179586424738736,0.1535387592742162,,3,,,ok,,,20260818,1.503561700881817,2.238721138568339,50
cui_fig6,925f2ab8975505e255f5c37af74d115be38bc302991267f95f440e5f61ce4472,A,2,3,7,36,3,1,16-QAM,cui_crlb,detection_nmse,0.098720689174498791,0.29616206752349639,,3,,,ok,,,20260818,1.503561700881817,2.238721138568339,50
cui_fig6,925f2ab8975505e255f5c37af74d115be38bc302991267f95f440e5f61ce4472,A,2,3,8,36,3,1,16-QAM,biased_gs,detection_nmse,0.085119869991025096,0.25535960997307527,,3,,,ok,,,20260818,1.503561700881817,2.5118864315095801,50
cui_fig6,925f2ab8975505e255f5c37af74d115be38bc302991267f95f440e5f61ce4472,A,2,3,8,36,3,1,16-QAM,em_gs,detection_nmse,0.030638280155191686,0.091914840465575062,,3,,,ok,,,20260818,1.503561700881817,2.5118864315095801,50
cui_fig6,925f2ab8975505e255f5c37af74d115be38bc302991267f95f440e5f61ce4472,A,2,3,8,36,3,1,16-QAM,genie_zf,detection_nmse,0.012791984128095575,0.038375952384286725,,3,,,ok,,,20260818,1.503561700881817,2.5118864315095801,50
cui_fig6,925f2ab8975505e255f5c37af74d115be38bc302991267f95f440e5f61ce4472,A,2,3,8,36,3,1,16-QAM,cui_crlb,detection_nmse,0.10287820302771757,0.30863460908315271,,3,,,ok,,,20260818,1.503561700881817,2.5118864315095801,50
cui_fig6,925f2ab8975505e255f5c37af74d115be38bc302991267f95f440e5f61ce4472,A,2,3,9,36,3,1,16-QAM,biased_gs,detection_nmse,0.13659281758067049,0.40977845274201147,,3,,,ok,,,20260818,1.503561700881817,2.8183829312644542,50
cui_fig6,925f2ab8975505e255f5c37af74d115be38bc302991267f95f440e5f61ce4472,A,2,3,9,36,3,1,16-QAM,em_gs,detection_nmse,0.12768770802363075,0.38306312407089221,,3,,,ok,,,20260818,1.503561700881817,2.8183829312644542,50
cui_fig6,925f2ab8975505e255f5c37af74d115be38bc302991267f95f440e5f61ce4472,A,2,3,9,36,3,1,16-QAM,genie_zf,detection_nmse,0.045026972435690871,0.13508091730707261,,3,,,ok,,,20260818,1.503561700881817,2.8183829312644542,50
cui_fig6,925f2ab8975505e255f5c37af74d115be38bc302991267f95f440e5f61ce4472,A,2,3,9,36,3,1,16-QAM,cui_crlb,detection_nmse,0.093196542572742791,0.27958962771822837,,3,,,ok,,,20260818,1.503561700881817,2.8183829312644542,50
cui_fig6,925f2ab8975505e255f5c37af74d115be38bc302991267f95f440e5f61ce4472,A,2,3,10,36,3,1,16-QAM,biased_gs,detection_nmse,0.15137331032611628,0.45411993097834885,,3,,,ok,,,20260818,1.503561700881817,3.1622776601683791,50
cui_fig6,925f2ab8975505e255f5c37af74d115be38bc302991267f95f440e5f61ce4472,A,2,3,10,36,3,1,16-QAM,em_gs,detection_nmse,0.096106948496744601,0.28832084549023379,,3,,,ok,,,20260818,1.503561700881817,3.1622776601683791,50
cui_fig6,925f2ab8975505e255f5c37af74d115be38bc302991267f95f440e5f61ce4472,A,2,3,10,36,3,1,16-QAM,genie_zf,detection_nmse,0.079980102638519485,0.23994030791555845,,3,,,ok,,,20260818,1.503561700881817,3.1622776601683791,50
cui_fig6,925f2ab8975505e255f5c37af74d115be38bc302991267f95f440e5f61ce4472,A,2,3,10,36,3,1,16-QAM,cui_crlb,detection_nmse,0.098863404818587866,0.29659021445576361,,3,,,ok,,,20260818,1.503561700881817,3.1622776601683791,50
cui_fig6,925f2ab8975505e255f5c37af74d115be38bc302991267f95f440e5f61ce4472,A,2,3,11,36,3,1,16-QAM,biased_gs,detection_nmse,0.25005631662927613,0.75016894988782834,,3,,,ok,,,20260818,1.503561700881817,3.5481338923357555,50
cui_fig6,925f2ab8975505e255f5c37af74d115be38bc302991267f95f440e5f61ce4472,A,2,3,11,36,3,1,16-QAM,em_gs,detection_nmse,0.28084328425855376,0.84252985277566128,,3,,,ok,,,20260818,1.503561700881817,3.5481338923357555,50
cui_fig6,925f2ab8975505e255f5c37af74d115be38bc302991267f95f440e5f61ce4472,A,2,3,11,36,3,1,16-QAM,genie_zf,detection_nmse,0.027462711719387533,0.082388135158162595,,3,,,ok,,,20260818,1.503561700881817,3.5481338923357555,50
cui_fig6,925f2ab8975505e255f5c37af74d115be38bc302991267f95f440e5f61ce4472,A,2,3,11,36,3,1,16-QAM,cui_crlb,detection_nmse,0.095342430700980044,0.28602729210294014,,3,,,ok,,,20260818,1.503561700881817,3.5481338923357555,50
cui_fig6,925f2ab8975505e255f5c37af74d115be38bc302991267f95f440e5f61ce4472,A,2,3,12,36,3,1,16-QAM,biased_gs,detection_nmse,0.23939532721399179,0.71818598164197534,,3,,,ok,,,20260818,1.503561700881817,3.9810717055349722,50
cui_fig6,925f2ab8975505e255f5c37af74d115be38bc302991267f95f440e5f61ce4472,A,2,3,12,36,3,1,16-QAM,em_gs,detection_nmse,0.16029882816232802,0.48089648448698408,,3,,,ok,,,20260818,1.503561700881817,3.9810717055349722,50
cui_fig6,925f2ab8975505e255f5c37af74d115be38bc302991267f95f440e5f61ce4472,A,2,3,12,36,3,1,16-QAM,genie_zf,detection_nmse,0.050550777831826821,0.15165233349548046,,3,,,ok,,,20260818,1.503561700881817,3.9810717055349722,50
cui_fig6,925f2ab8975505e255f5c37af74d115be38bc302991267f95f440e5f61ce4472,A,2,3,12,36,3,1,16-QAM,cui_crlb,detection_nmse,0.094945948843295325,0.28483784652988597,,3,,,ok,,,20260818,1.503561700881817,3.9810717055349722,50
cui_fig6,925f2ab8975505e255f5c37af74d115be38bc302991267f95f440e5f61ce4472,A,2,3,13,36,3,1,16-QAM,biased_gs,detection_nmse,0.48792413399190165,1.463772401975705,,3,,,ok,,,20260818,1.503561700881817,4.4668359215096309,50
cui_fig6,925f2ab8975505e255f5c37af74d115be38bc302991267f95f440e5f61ce4472,A,2,3,13,36,3,1,16-QAM,em_gs,detection_nmse,0.42336800989408524,1.2701040296822557,,3,,,ok,,,20260818,1.503561700881817,4.4668359215096309,50
cui_fig6,925f2ab8975505e255f5c37af74d115be38bc302991267f95f440e5f61ce4472,A,2,3,13,36,3,1,16-QAM,genie_zf,detection_nmse,0.2628813228718016,0.78864396861540476,,3,,,ok,,,20260818,1.503561700881817,4.4668359215096309,50
cui_fig6,925f2ab8975505e255f5c37af74d115be38bc302991267f95f440e5f61ce4472,A,2,3,13,36,3,1,16-QAM,cui_crlb,detection_nmse,0.095074395983078611,0.28522318794923585,,3,,,ok,,,20260818,1.503561700881817,4.4668359215096309,50
cui_fig6,925f2ab8975505e255f5c37af74d115be38bc302991267f95f440e5f61ce4472,A,2,3,14,36,3,1,16-QAM,biased_gs,detection_nmse,0.150588973888901,0.45176692166670301,,3,,,ok,,,20260818,1.503561700881817,5.011872336272722,50
cui_fig6,925f2ab8975505e255f5c37af74d115be38bc302991267f95f440e5f61ce4472,A,2,3,14,36,3,1,16-QAM,em_gs,detection_nmse,0.12898773064059141,0.38696319192177425,,3,,,ok,,,20260818,1.503561700881817,5.011872336272722,50
cui_fig6,925f2ab8975505e255f5c37af74d115be38bc302991267f95f440e5f61ce4472,A,2,3,14,36,3,1,16-QAM,genie_zf,detection_nmse,0.013596183553684976,0.040788550661054926,,3,,,ok,,,20260818,1.503561700881817,5.011872336272722,50
cui_fig6,925f2ab8975505e255f5c37af74d115be38bc302991267f95f440e5f61ce4472,A,2,3,14,36,3,1,16-QAM,cui_crlb,detection_nmse,0.092458277916305898,0.27737483374891769,,3,,,ok,,,20260818,1.503561700881817,5.011872336272722,50
cui_fig6,925f2ab8975505e255f5c37af74d115be38bc302991267f95f440e5f61ce4472,A,2,3,15,36,3,1,16-QAM,biased_gs,detection_nmse,0.078309835709201289,0.23492950712760385,,3,,,ok,,,20260818,1.503561700881817,5.6234132519034912,50
cui_fig6,925f2ab8975505e255f5c37af74d115be38bc302991267f95f440e5f61ce4472,A,2,3,15,36,3,1,16-QAM,em_gs,detection_nmse,0.080975731208018903,0.24292719362405671,,3,,,ok,,,20260818,1.503561700881817,5.6234132519034912,50
cui_fig6,925f2ab8975505e255f5c37af74d115be38bc302991267f95f440e5f61ce4472,A,2,3,15,36,3,1,16-QAM,genie_zf,detection_nmse,0.018283705947380286,0.054851117842140862,,3,,,ok,,,20260818,1.503561700881817,5.6234132519034912,50
cui_fig6,925f2ab8975505e255f5c37af74d115be38bc302991267f95f440e5f61ce4472,A,2,3,15,36,3,1,16-QAM,cui_crlb,detection_nmse,0.097354034405667658,0.29206210321700299,,3,,,ok,,,20260818,1.503561700881817,5.6234132519034912,50
cui_fig6,925f2ab8975505e255f5c37af74d115be38bc302991267f95f440e5f61ce4472,A,2,3,16,36,3,1,16-QAM,biased_gs,detection_nmse,0.12263952534464739,0.36791857603394218,,3,,,ok,,,20260818,1.503561700881817,6.3095734448019334,50
cui_fig6,925f2ab8975505e255f5c37af74d115be38bc302991267f95f440e5f61ce4472,A,2,3,16,36,3,1,16-QAM,em_gs,detection_nmse,0.09399196270506778,0.28197588811520335,,3,,,ok,,,20260818,1.503561700881817,6.3095734448019334,50
cui_fig6,925f2ab8975505e255f5c37af74d115be38bc302991267f95f440e5f61ce4472,A,2,3,16,36,3,1,16-QAM,genie_zf,detection_nmse,0.043235001917780909,0.12970500575334273,,3,,,ok,,,20260818,1.503561700881817,6.3095734448019334,50
cui_fig6,925f2ab8975505e255f5c37af74d115be38bc302991267f95f440e5f61ce4472,A,2,3,16,36,3,1,16-QAM,cui_crlb,detection_nmse,0.093454570176665697,0.28036371052999709,,3,,,ok,,,20260818,1.503561700881817,6.3095734448019334,50
cui_fig6,925f2ab8975505e255f5c37af74d115be38bc302991267f95f440e5f61ce4472,A,2,3,17,36,3,1,16-QAM,biased_gs,detection_nmse,0.104504397169553,0.31351319150865897,,3,,,ok,,,20260818,1.503561700881817,7.0794578438413769,50
cui_fig6,925f2ab8975505e255f5c37af74d115be38bc302991267f95f440e5f61ce4472,A,2,3,17,36,3,1,16-QAM,em_gs,detection_nmse,0.099401366437688266,0.2982040993130648,,3,,,ok,,,20260818,1.503561700881817,7.0794578438413769,50
cui_fig6,925f2ab8975505e255f5c37af74d115be38bc302991267f95f440e5f61ce4472,A,2,3,17,36,3,1,16-QAM,genie_zf,detection_nmse,0.029250095057691716,0.087750285173075149,,3,,,ok,,,20260818,1.503561700881817,7.0794578438413769,50
cui_fig6,925f2ab8975505e255f5c37af74d115be38bc302991267f95f440e5f61ce4472,A,2,3,17,36,3,1,16-QAM,cui_crlb,detection_nmse,0.088893274064436992,0.26667982219331099,,3,,,ok,,,20260818,1.503561700881817,7.0794578438413769,50
cui_fig6,925f2ab8975505e255f5c37af74d115be38bc302991267f95f440e5f61ce4472,A,2,3,18,36,3,1,16-QAM,biased_gs,detection_nmse,0.055592656259894846,0.16677796877968454,,3,,,ok,,,20260818,1.503561700881817,7.943282347242814,50
cui_fig6,925f2ab8975505e255f5c37af74d115be38bc302991267f95f440e5f61ce4472,A,2,3,18,36,3,1,16-QAM,em_gs,detection_nmse,0.06516220232814679,0.19548660698444037,,3,,,ok,,,20260818,1.503561700881817,7.943282347242814,50
cui_fig6,925f2ab8975505e255f5c37af74d115be38bc302991267f95f440e5f61ce4472,A,2,3,18,36,3,1,16-QAM,genie_zf,detection_nmse,0.013354954257280685,0.040064862771842055,,3,,,ok,,,20260818,1.503561700881817,7.943282347242814,50
cui_fig6,925f2ab8975505e255f5c37af74d115be38bc302991267f95f440e5f61ce4472,A,2,3,18,36,3,1,16-QAM,cui_crlb,detection_nmse,0.093180859016644704,0.27954257704993413,,3,,,ok,,,20260818,1.503561700881817,7.943282347242814,50
cui_fig6,925f2ab8975505e255f5c37af74d115be38bc302991267f95f440e5f61ce4472,A,2,3,19,36,3,1,16-QAM,biased_gs,detection_nmse,0.52591929911527657,1.5777578973458297,,3,,,ok,,,20260818,1.503561700881817,8.9125093813374558,50
cui_fig6,925f2ab8975505e255f5c37af74d115be38bc302991267f95f440e5f61ce4472,A,2,3,19,36,3,1,16-QAM,em_gs,detection_nmse,0.38303358721384545,1.1491007616415363,,3,,,ok,,,20260818,1.503561700881817,8.9125093813374558,50
cui_fig6,925f2ab8975505e255f5c37af74d115be38bc302991267f95f440e5f61ce4472,A,2,3,19,36,3,1,16-QAM,genie_zf,detection_nmse,0.044416052063172666,0.13324815618951799,,3,,,ok,,,20260818,1.503561700881817,8.9125093813374558,50
cui_fig6,925f2ab8975505e255f5c37af74d115be38bc302991267f95f440e5f61ce4472,A,2,3,19,36,3,1,16-QAM,cui_crlb,detection_nmse,0.09378219802077925,0.28134659406233775,,3,,,ok,,,20260818,1.503561700881817,8.9125093813374558,50
cui_fig6,925f2ab8975505e255f5c37af74d115be38bc302991267f95f440e5f61ce4472,A,2,3,20,36,3,1,16-QAM,biased_gs,detection_nmse,0.25963348566394839,0.77890045699184518,,3,,,ok,,,20260818,1.503561700881817,10,50
cui_fig6,925f2ab8975505e255f5c37af74d115be38bc302991267f95f440e5f61ce4472,A,2,3,20,36,3,1,16-QAM,em_gs,detection_nmse,0.2416757937647723,0.72502738129431687,,3,,,ok,,,20260818,1.503561700881817,10,50
cui_fig6,925f2ab8975505e255f5c37af74d115be38bc302991267f95f440e5f61ce4472,A,2,3,20,36,3,1,16-QAM,genie_zf,detection_nmse,0.086602110186167106,0.25980633055850133,,3,,,ok,,,20260818,1.503561700881817,10,50
cui_fig6,925f2ab8975505e255f5c37af74d115be38bc302991267f95f440e5f61ce4472,A,2,3,20,36,3,1,16-QAM,cui_crlb,detection_nmse,0.090474346231546598,0.2714230386946398,,3,,,ok,,,20260818,1.503561700881817,10,50
cui_fig6,925f2ab8975505e255f5c37af74d115be38bc302991267f95f440e5f61ce4472,A,2,3,21,36,3,1,16-QAM,biased_gs,detection_nmse,0.14797005553352369,0.44391016660057103,,3,,,ok,,,20260818,1.503561700881817,11.220184543019638,50
cui_fig6,925f2ab8975505e255f5c37af74d115be38bc302991267f95f440e5f61ce4472,A,2,3,21,36,3,1,16-QAM,em_gs,detection_nmse,0.1194554007832009,0.3583662023496027,,3,,,ok,,,20260818,1.503561700881817,11.220184543019638,50
cui_fig6,925f2ab8975505e255f5c37af74d115be38bc302991267f95f440e5f61ce4472,A,2,3,21,36,3,1,16-QAM,genie_zf,detection_nmse,0.026807764896424825,0.080423294689274477,,3,,,ok,,,20260818,1.503561700881817,11.220184543019638,50
cui_fig6,925f2ab8975505e255f5c37af74d115be38bc302991267f95f440e5f61ce4472,A,2,3,21,36,3,1,16-QAM,cui_crlb,detection_nmse,0.09457341621876221,0.28372024865628664,,3,,,ok,,,20260818,1.503561700881817,11.220184543019638,50
cui_fig6,925f2ab8975505e255f5c37af74d115be38bc302991267f95f440e5f61ce4472,A,2,3,22,36,3,1,16-QAM,biased_gs,detection_nmse,0.2606066375064337,0.78181991251930105,,3,,,ok,,,20260818,1.503561700881817,12.589254117941675,50
cui_fig6,925f2ab8975505e255f5c37af74d115be38bc302991267f95f440e5f61ce4472,A,2,3,22,36,3,1,16-QAM,em_gs,detection_nmse,0.27012036718657007,0.8103611015597102,,3,,,ok,,,20260818,1.503561700881817,12.589254117941675,50
cui_fig6,925f2ab8975505e255f5c37af74d115be38bc302991267f95f440e5f61ce4472,A,2,3,22,36,3,1,16-QAM,genie_zf,detection_nmse,0.074960285810358504,0.2248808574310755,,3,,,ok,,,20260818,1.503561700881817,12.589254117941675,50
cui_fig6,925f2ab8975505e255f5c37af74d115be38bc302991267f95f440e5f61ce4472,A,2,3,22,36,3,1,16-QAM,cui_crlb,detection_nmse,0.086111829586473163,0.25833548875941947,,3,,,ok,,,20260818,1.503561700881817,12.589254117941675,50
cui_fig6,925f2ab8975505e255f5c37af74d115be38bc302991267f95f440e5f61ce4472,A,2,3,23,36,3,1,16-QAM,biased_gs,detection_nmse,0.078323677568104585,0.23497103270431374,,3,,,ok,,,20260818,1.503561700881817,14.125375446227538,50
cui_fig6,925f2ab8975505e255f5c37af74d115be38bc302991267f95f440e5f61ce4472,A,2,3,23,36,3,1,16-QAM,em_gs,detection_nmse,0.079027811319647812,0.23708343395894343,,3,,,ok,,,20260818,1.503561700881817,14.125375446227538,50
cui_fig6,925f2ab8975505e255f5c37af74d115be38bc302991267f95f440e5f61ce4472,A,2,3,23,36,3,1,16-QAM,genie_zf,detection_nmse,0.035564765009154502,0.10669429502746351,,3,,,ok,,,20260818,1.503561700881817,14.125375446227538,50
cui_fig6,925f2ab8975505e255f5c37af74d115be38bc302991267f95f440e5f61ce4472,A,2,3,23,36,3,1,16-QAM,cui_crlb,detection_nmse,0.091879348744918918,0.27563804623475674,,3,,,ok,,,20260818,1.503561700881817,14.125375446227538,50
cui_fig6,925f2ab8975505e255f5c37af74d115be38bc302991267f95f440e5f61ce4472,A,2,3,24,36,3,1,16-QAM,biased_gs,detection_nmse,0.10317123000908464,0.30951369002725393,,3,,,ok,,,20260818,1.503561700881817,15.848931924611133,50
cui_fig6,925f2ab8975505e255f5c37af74d115be38bc302991267f95f440e5f61ce4472,A,2,3,24,36,3,1,16-QAM,em_gs,detection_nmse,0.11805075387092513,0.35415226161277541,,3,,,ok,,,20260818,1.503561700881817,15.848931924611133,50
cui_fig6,925f2ab8975505e255f5c37af74d115be38bc302991267f95f440e5f61ce4472,A,2,3,24,36,3,1,16-QAM,genie_zf,detection_nmse,0.049963448027680574,0.14989034408304172,,3,,,ok,,,20260818,1.503561700881817,15.848931924611133,50
cui_fig6,925f2ab8975505e255f5c37af74d115be38bc302991267f95f440e5f61ce4472,A,2,3,24,36,3,1,16-QAM,cui_crlb,detection_nmse,0.089262871177819794,0.2677886135334594,,3,,,ok,,,20260818,1.503561700881817,15.848931924611133,50
cui_fig6,925f2ab8975505e255f5c37af74d115be38bc302991267f95f440e5f61ce4472,A,2,3,25,36,3,1,16-QAM,biased_gs,detection_nmse,0.090699998916092164,0.27209999674827651,,3,,,ok,,,20260818,1.503561700881817,17.782794100389232,50
cui_fig6,925f2ab8975505e255f5c37af74d115be38bc302991267f95f440e5f61ce4472,A,2,3,25,36,3,1,16-QAM,em_gs,detection_nmse,0.089344616771023955,0.26803385031307186,,3,,,ok,,,20260818,1.503561700881817,17.782794100389232,50
cui_fig6,925f2ab8975505e255f5c37af74d115be38bc302991267f95f440e5f61ce4472,A,2,3,25,36,3,1,16-QAM,genie_zf,detection_nmse,0.022574325969601156,0.067722977908803467,,3,,,ok,,,20260818,1.503561700881817,17.782794100389232,50
cui_fig6,925f2ab8975505e255f5c37af74d115be38bc302991267f95f440e5f61ce4472,A,2,3,25,36,3,1,16-QAM,cui_crlb,detection_nmse,0.088780549864578798,0.26634164959373641,,3,,,ok,,,20260818,1.503561700881817,17.782794100389232,50
cui_fig6,925f2ab8975505e255f5c37af74d115be38bc302991267f95f440e5f61ce4472,A,3,3,0,36,3,1,16-QAM,biased_gs,detection_nmse,0.073684179566455996,0.22105253869936797,,3,,,ok,,,20260818,1.503561700881817,0.99999999999999989,50
cui_fig6,925f2ab8975505e255f5c37af74d115be38bc302991267f95f440e5f61ce4472,A,3,3,0,36,3,1,16-QAM,em_gs,detection_nmse,0.060291360864672593,0.18087408259401777,,3,,,ok,,,20260818,1.503561700881817,0.99999999999999989,50
cui_fig6,925f2ab8975505e255f5c37af74d115be38bc302991267f95f440e5f61ce4472,A,3,3,0,36,3,1,16-QAM,genie_zf,detection_nmse,0.050153410099972213,0.15046023029991665,,3,,,ok,,,20260818,1.503561700881817,0.99999999999999989,50
cui_fig6,925f2ab8975505e255f5c37af74d115be38bc302991267f95f440e5f61ce4472,A,3,3,0,36,3,1,16-QAM,cui_crlb,detection_nmse,0.11585338847928715,0.34756016543786145,,3,,,ok,,,20260818,1.503561700881817,0.99999999999999989,50
cui_fig6,925f2ab8975505e255f5c37af74d115be38bc302991267f95f440e5f61ce4472,A,3,3,1,36,3,1,16-QAM,biased_gs,detection_nmse,0.20200714312380477,0.60602142937141434,,3,,,ok,,,20260818,1.503561700881817,1.1220184543019636,50
cui_fig6,925f2ab8975505e255f5c37af74d115be38bc302991267f95f440e5f61ce4472,A,3,3,1,36,3,1,16-QAM,em_gs,detection_nmse,0.13337391328118206,0.40012173984354615,,3,,,ok,,,20260818,1.503561700881817,1.1220184543019636,50
cui_fig6,925f2ab8975505e255f5c37af74d115be38bc302991267f95f440e5f61ce4472,A,3,3,1,36,3,1,16-QAM,genie_zf,detection_nmse,0.017433042144315555,0.052299126432946666,,3,,,ok,,,20260818,1.503561700881817,1.1220184543019636,50
cui_fig6,925f2ab8975505e255f5c37af74d115be38bc302991267f95f440e5f61ce4472,A,3,3,1,36,3,1,16-QAM,cui_crlb,detection_nmse,0.13022411237049994,0.39067233711149985,,3,,,ok,,,20260818,1.503561700881817,1.1220184543019636,50
cui_fig6,925f2ab8975505e255f5c37af74d115be38bc302991267f95f440e5f61ce4472,A,3,3,2,36,3,1,16-QAM,biased_gs,detection_nmse,0.37769960989843837,1.1330988296953151,,3,,,ok,,,20260818,1.503561700881817,1.2589254117941673,50
cui_fig6,925f2ab8975505e255f5c37af74d115be38bc302991267f95f440e5f61ce4472,A,3,3,2,36,3,1,16-QAM,em_gs,detection_nmse,0.3459464909048921,1.0378394727146762,,3,,,ok,,,20260818,1.503561700881817,1.2589254117941673,50
cui_fig6,925f2ab8975505e255f5c37af74d115be38bc302991267f95f440e5f61ce4472,A,3,3,2,36,3,1,16-QAM,genie_zf,detection_nmse,0.049409239174716402,0.14822771752414921,,3,,,ok,,,20260818,1.503561700881817,1.2589254117941673,50
cui_fig6,925f2ab8975505e255f5c37af74d115be38bc302991267f95f440e5f61ce4472,A,3,3,2,36,3,1,16-QAM,cui_crlb,detection_nmse,0.10437505782092422,0.31312517346277269,,3,,,ok,,,20260818,1.503561700881817,1.2589254117941673,50
cui_fig6,925f2ab8975505e255f5c37af74d115be38bc302991267f95f440e5f61ce4472,A,3,3,3,36,3,1,16-QAM,biased_gs,detection_nmse,0.34587555053688696,1.0376266516106609,,3,,,ok,,,20260818,1.503561700881817,1.4125375446227542,50
cui_fig6,925f2ab8975505e255f5c37af74d115be38bc302991267f95f440e5f61ce4472,A,3,3,3,36,3,1,16-QAM,em_gs,detection_nmse,0.26887719843196384,0.80663159529589157,,3,,,ok,,,20260818,1.503561700881817,1.4125375446227542,50
cui_fig6,925f2ab8975505e255f5c37af74d115be38bc302991267f95f440e5f61ce4472,A,3,3,3,36,3,1,16-QAM,genie_zf,detection_nmse,0.021729721667906977,0.065189165003720934,,3,,,ok,,,20260818,1.503561700881817,1.4125375446227542,50
cui_fig6,925f2ab8975505e255f5c37af74d115be38bc302991267f95f440e5f61ce4472,A,3,3,3,36,3,1,16-QAM,cui_crlb,detection_nmse,0.099123036819678809,0.29736911045903641,,3,,,ok,,,20260818,1.503561700881817,1.4125375446227542,50
cui_fig6,925f2ab8975505e255f5c37af74d115be38bc302991267f95f440e5f61ce4472,A,3,3,4,36,3,1,16-QAM,biased_gs,detection_nmse,0.14190753868153463,0.42572261604460393,,3,,,ok,,,20260818,1.503561700881817,1.5848931924611138,50
cui_fig6,925f2ab8975505e255f5c37af74d115be38bc302991267f95f440e5f61ce4472,A,3,3,4,36,3,1,16-QAM,em_gs,detection_nmse,0.11631382002631585,0.34894146007894755,,3,,,ok,,,20260818,1.503561700881817,1.5848931924611138,50
cui_fig6,925f2ab8975505e255f5c37af74d115be38bc302991267f95f440e5f61ce4472,A,3,3,4,36,3,1,16-QAM,genie_zf,detection_nmse,0.071358835909239138,0.21407650772771741,,3,,,ok,,,20260818,1.503561700881817,1.5848931924611138,50
cui_fig6,925f2ab8975505e255f5c37af74d115be38bc302991267f95f440e5f61ce4472,A,3,3,4,36,3,1,16-QAM,cui_crlb,detection_nmse,0.10214493506296134,0.306434805188884,,3,,,ok,,,20260818,1.503561700881817,1.5848931924611138,50
cui_fig6,925f2ab8975505e255f5c37af74d115be38bc302991267f95f440e5f61ce4472,A,3,3,5,36,3,1,16-QAM,biased_gs,detection_nmse,0.20290976479250986,0.60872929437752954,,3,,,ok,,,20260818,1.503561700881817,1.7782794100389228,50
cui_fig6,925f2ab8975505e255f5c37af74d115be38bc302991267f95f440e5f61ce4472,A,3,3,5,36,3,1,16-QAM,em_gs,detection_nmse,0.13258512167491862,0.39775536502475589,,3,,,ok,,,20260818,1.503561700881817,1.7782794100389228,50
cui_fig6,925f2ab8975505e255f5c37af74d115be38bc302991267f95f440e5f61ce4472,A,3,3,5,36,3,1,16-QAM,genie_zf,detection_nmse,0.015756896906881507,0.04727069072064452,,3,,,ok,,,20260818,1.503561700881817,1.7782794100389228,50
cui_fig6,925f2ab8975505e255f5c37af74d115be38bc302991267f95f440e5f61ce4472,A,3,3,5,36,3,1,16-QAM,cui_crlb,detection_nmse,0.11531891626870777,0.34595674880612332,,3,,,ok,,,20260818,1.503561700881817,1.7782794100389228,50
cui_fig6,925f2ab8975505e255f5c37af74d115be38bc302991267f95f440e5f61ce4472,A,3,3,6,36,3,1,16-QAM,biased_gs,detection_nmse,0.56131271875857569,1.6839381562757272,,3,,,ok,,,20260818,1.503561700881817,1.9952623149688797,50
cui_fig6,925f2ab8975505e255f5c37af74d115be38bc302991267f95f440e5f61ce4472,A,3,3,6,36,3,1,16-QAM,em_gs,detection_nmse,0.20077798928647603,0.60233396785942805,,3,,,ok,,,20260818,1.503561700881817,1.9952623149688797,50
cui_fig6,925f2ab8975505e255f5c37af74d115be38bc302991267f95f440e5f61ce4472,A,3,3,6,36,3,1,16-QAM,genie_zf,detection_nmse,0.019919662839938221,0.059758988519814663,,3,,,ok,,,20260818,1.503561700881817,1.9952623149688797,50
cui_fig6,925f2ab8975505e255f5c37af74d115be38bc302991267f95f440e5f61ce4472,A,3,3,6,36,3,1,16-QAM,cui_crlb,detection_nmse,0.10297527636728972,0.30892582910186916,,3,,,ok,,,20260818,1.503561700881817,1.9952623149688797,50
cui_fig6,925f2ab8975505e255f5c37af74d115be38bc302991267f95f440e5f61ce4472,A,3,3,7,36,3,1,16-QAM,biased_gs,detection_nmse,0.17150552027203725,0.51451656081611175,,3,,,ok,,,20260818,1.503561700881817,2.2387211385683394,50
cui_fig6,925f2ab8975505e255f5c37af74d115be38bc302991267f95f440e5f61ce4472,A,3,3,7,36,3,1,16-QAM,em_gs,detection_nmse,0.14747111281765965,0.44241333845297892,,3,,,ok,,,20260818,1.503561700881817,2.2387211385683394,50
cui_fig6,925f2ab8975505e255f5c37af74d115be38bc302991267f95f440e5f61ce4472,A,3,3,7,36,3,1,16-QAM,genie_zf,detection_nmse,0.041812059933686953,0.12543617980106087,,3,,,ok,,,20260818,1.503561700881817,2.2387211385683394,50
cui_fig6,925f2ab8975505e255f5c37af74d115be38bc302991267f95f440e5f61ce4472,A,3,3,7,36,3,1,16-QAM,cui_crlb,detection_nmse,0.098738530352993251,0.29621559105897977,,3,,,ok,,,20260818,1.503561700881817,2.2387211385683394,50
cui_fig6,925f2ab8975505e255f5c37af74d115be38bc302991267f95f440e5f61ce4472,A,3,3,8,36,3,1,16-QAM,biased_gs,detection_nmse,0.091365383795583413,0.27409615138675025,,3,,,ok,,,20260818,1.503561700881817,2.511886431509581,50
cui_fig6,925f2ab8975505e255f5c37af74d115be38bc302991267f95f440e5f61ce4472,A,3,3,8,36,3,1,16-QAM,em_gs,detection_nmse,0.096903490165830261,0.29071047049749077,,3,,,ok,,,20260818,1.503561700881817,2.511886431509581,50
cui_fig6,925f2ab8975505e255f5c37af74d115be38bc302991267f95f440e5f61ce4472,A,3,3,8,36,3,1,16-QAM,genie_zf,detection_nmse,0.11468949274749392,0.34406847824248177,,3,,,ok,,,20260818,1.503561700881817,2.511886431509581,50
cui_fig6,925f2ab8975505e255f5c37af74d115be38bc302991267f95f440e5f61ce4472,A,3,3,8,36,3,1,16-QAM,cui_crlb,detection_nmse,0.10016603158239283,0.30049809474717848,,3,,,ok,,,20260818,1.503561700881817,2.511886431509581,50
cui_fig6,925f2ab8975505e255f5c37af74d115be38bc302991267f95f440e5f61ce4472,A,3,3,9,36,3,1,16-QAM,biased_gs,detection_nmse,0.18610544945826202,0.55831634837478605,,3,,,ok,,,20260818,1.503561700881817,2.8183829312644533,50
cui_fig6,925f2ab8975505e255f5c37af74d115be38bc302991267f95f440e5f61ce4472,A,3,3,9,36,3,1,16-QAM,em_gs,detection_nmse,0.14819887825220801,0.44459663475662403,,3,,,ok,,,20260818,1.503561700881817,2.8183829312644533,50
cui_fig6,925f2ab8975505e255f5c37af74d115be38bc302991267f95f440e5f61ce4472,A,3,3,9,36,3,1,16-QAM,genie_zf,detection_nmse,0.16366617743104006,0.49099853229312018,,3,,,ok,,,20260818,1.503561700881817,2.8183829312644533,50
cui_fig6,925f2ab8975505e255f5c37af74d115be38bc302991267f95f440e5f61ce4472,A,3,3,9,36,3,1,16-QAM,cui_crlb,detection_nmse,0.1024065700355782,0.3072197101067346,,3,,,ok,,,20260818,1.503561700881817,2.8183829312644533,50
cui_fig6,925f2ab8975505e255f5c37af74d115be38bc302991267f95f440e5f61ce4472,A,3,3,10,36,3,1,16-QAM,biased_gs,detection_nmse,0.2996004397891982,0.89880131936759455,,3,,,ok,,,20260818,1.503561700881817,3.1622776601683795,50
cui_fig6,925f2ab8975505e255f5c37af74d115be38bc302991267f95f440e5f61ce4472,A,3,3,10,36,3,1,16-QAM,em_gs,detection_nmse,0.19159573290098394,0.57478719870295181,,3,,,ok,,,20260818,1.503561700881817,3.1622776601683795,50
cui_fig6,925f2ab8975505e255f5c37af74d115be38bc302991267f95f440e5f61ce4472,A,3,3,10,36,3,1,16-QAM,genie_zf,detection_nmse,0.065267944488968041,0.19580383346690414,,3,,,ok,,,20260818,1.503561700881817,3.1622776601683795,50
cui_fig6,925f2ab8975505e255f5c37af74d115be38bc302991267f95f440e5f61ce4472,A,3,3,10,36,3,1,16-QAM,cui_crlb,detection_nmse,0.10708077501431425,0.32124232504294276,,3,,,ok,,,20260818,1.503561700881817,3.1622776601683795,50
cui_fig6,925f2ab8975505e255f5c37af74d115be38bc302991267f95f440e5f61ce4472,A,3,3,11,36,3,1,16-QAM,biased_gs,detection_nmse,0.17923780801590841,0.53771342404772526,,3,,,ok,,,20260818,1.503561700881817,3.5481338923357546,50
cui_fig6,925f2ab8975505e255f5c37af74d115be38bc302991267f95f440e5f61ce4472,A,3,3,11,36,3,1,16-QAM,em_gs,detection_nmse,0.13246717598693628,0.3974015279608088,,3,,,ok,,,20260818,1.503561700881817,3.5481338923357546,50
cui_fig6,925f2ab8975505e255f5c37af74d115be38bc302991267f95f440e5f61ce4472,A,3,3,11,36,3,1,16-QAM,genie_zf,detection_nmse,0.064775239667624107,0.19432571900287232,,3,,,ok,,,20260818,1.503561700881817,3.5481338923357546,50
cui_fig6,925f2ab8975505e255f5c37af74d115be38bc302991267f95f440e5f61ce4472,A,3,3,11,36,3,1,16-QAM,cui_crlb,detection_nmse,0.10199146226374643,0.30597438679123928,,3,,,ok,,,20260818,1.503561700881817,3.5481338923357546,50
cui_fig6,925f2ab8975505e255f5c37af74d115be38bc302991267f95f440e5f61ce4472,A,3,3,12,36,3,1,16-QAM,biased_gs,detection_nmse,0.12470906411695443,0.37412719235086328,,3,,,ok,,,20260818,1.503561700881817,3.9810717055349714,50
cui_fig6,925f2ab8975505e255f5c37af74d115be38bc302991267f95f440e5f61ce4472,A,3,3,12,36,3,1,16-QAM,em_gs,detection_nmse,0.12573716835249552,0.37721150505748657,,3,,,ok,,,20260818,1.503561700881817,3.9810717055349714,50
cui_fig6,925f2ab8975505e255f5c37af74d115be38bc302991267f95f440e5f61ce4472,A,3,3,12,36,3,1,16-QAM,genie_zf,detection_nmse,0.067152248080331933,0.2014567442409958,,3,,,ok,,,20260818,1.503561700881817,3.9810717055349714,50
cui_fig6,925f2ab8975505e255f5c37af74d115be38bc302991267f95f440e5f61ce4472,A,3,3,12,36,3,1,16-QAM,cui_crlb,detection_nmse,0.096159134961874101,0.28847740488562229,,3,,,ok,,,20260818,1.503561700881817,3.9810717055349714,50
cui_fig6,925f2ab8975505e255f5c37af74d115be38bc302991267f95f440e5f61ce4472,A,3,3,13,36,3,1,16-QAM,biased_gs,detection_nmse,0.084418379913407018,0.25325513974022107,,3,,,ok,,,20260818,1.503561700881817,4.4668359215096309,50
cui_fig6,925f2ab8975505e255f5c37af74d115be38bc302991267f95f440e5f61ce4472,A,3,3,13,36,3,1,16-QAM,em_gs,detection_nmse,0.081632322433380269,0.24489696730014082,,3,,,ok,,,20260818,1.503561700881817,4.4668359215096309,50
cui_fig6,925f2ab8975505e255f5c37af74d115be38bc302991267f95f440e5f61ce4472,A,3,3,13,36,3,1,16-QAM,genie_zf,detection_nmse,0.033262067352840867,0.099786202058522594,,3,,,ok,,,20260818,1.503561700881817,4.4668359215096309,50
cui_fig6,925f2ab8975505e255f5c37af74d115be38bc302991267f95f440e5f61ce4472,A,3,3,13,36,3,1,16-QAM,cui_crlb,detection_nmse,0.089036569154566647,0.26710970746369994,,3,,,ok,,,20260818,1.503561700881817,4.4668359215096309,50
cui_fig6,925f2ab8975505e255f5c37af74d115be38bc302991267f95f440e5f61ce4472,A,3,3,14,36,3,1,16-QAM,biased_gs,detection_nmse,0.1461879873075754,0.43856396192272618,,3,,,ok,,,20260818,1.503561700881817,5.011872336272722,50
cui_fig6,925f2ab8975505e255f5c37af74d115be38bc302991267f95f440e5f61ce4472,A,3,3,14,36,3,1,16-QAM,em_gs,detection_nmse,0.19299472271492454,0.5789841681447736,,3,,,ok,,,20260818,1.503561700881817,5.011872336272722,50
cui_fig6,925f2ab8975505e255f5c37af74d115be38bc302991267f95f440e5f61ce4472,A,3,3,14,36,3,1,16-QAM,genie_zf,detection_nmse,0.055681389129725443,0.16704416738917632,,3,,,ok,,,20260818,1.503561700881817,5.011872336272722,50
cui_fig6,925f2ab8975505e255f5c37af74d115be38bc302991267f95f440e5f61ce4472,A,3,3,14,36,3,1,16-QAM,cui_crlb,detection_nmse,0.094731919517445431,0.28419575855233631,,3,,,ok,,,20260818,1.503561700881817,5.011872336272722,50
cui_fig6,925f2ab8975505e255f5c37af74d115be38bc302991267f95f440e5f61ce4472,A,3,3,15,36,3,1,16-QAM,biased_gs,detection_nmse,0.043894194073144523,0.13168258221943357,,3,,,ok,,,20260818,1.503561700881817,5.6234132519034903,50
cui_fig6,925f2ab8975505e255f5c37af74d115be38bc302991267f95f440e5f61ce4472,A,3,3,15,36,3,1,16-QAM,em_gs,detection_nmse,0.045315782570616504,0.13594734771184952,,3,,,ok,,,20260818,1.503561700881817,5.6234132519034903,50
cui_fig6,925f2ab8975505e255f5c37af74d115be38bc302991267f95f440e5f61ce4472,A,3,3,15,36,3,1,16-QAM,genie_zf,detection_nmse,0.030998049366730274,0.092994148100190827,,3,,,ok,,,20260818,1.503561700881817,5.6234132519034903,50
cui_fig6,925f2ab8975505e255f5c37af74d115be38bc302991267f95f440e5f61ce4472,A,3,3,15,36,3,1,16-QAM,cui_crlb,detection_nmse,0.092013087252973566,0.27603926175892068,,3,,,ok,,,20260818,1.503561700881817,5.6234132519034903,50
cui_fig6,925f2ab8975505e255f5c37af74d115be38bc302991267f95f440e5f61ce4472,A,3,3,16,36,3,1,16-QAM,biased_gs,detection_nmse,0.11674102341537397,0.35022307024612193,,3,,,ok,,,20260818,1.503561700881817,6.3095734448019343,50
cui_fig6,925f2ab8975505e255f5c37af74d115be38bc302991267f95f440e5f61ce4472,A,3,3,16,36,3,1,16-QAM,em_gs,detection_nmse,0.10710241343612988,0.32130724030838964,,3,,,ok,,,20260818,1.503561700881817,6.3095734448019343,50
cui_fig6,925f2ab8975505e255f5c37af74d115be38bc302991267f95f440e5f61ce4472,A,3,3,16,36,3,1,16-QAM,genie_zf,detection_nmse,0.033510696598805047,0.10053208979641515,,3,,,ok,,,20260818,1.503561700881817,6.3095734448019343,50
cui_fig6,925f2ab8975505e255f5c37af74d115be38bc302991267f95f440e5f61ce4472,A,3,3,16,36,3,1,16-QAM,cui_crlb,detection_nmse,0.094122371188174347,0.28236711356452304,,3,,,ok,,,20260818,1.503561700881817,6.3095734448019343,50
cui_fig6,925f2ab8975505e255f5c37af74d115be38bc302991267f95f440e5f61ce4472,A,3,3,17,36,3,1,16-QAM,biased_gs,detection_nmse,0.083976111546942067,0.2519283346408262,,3,,,ok,,,20260818,1.503561700881817,7.0794578438413795,50
cui_fig6,925f2ab8975505e255f5c37af74d115be38bc302991267f95f440e5f61ce4472,A,3,3,17,36,3,1,16-QAM,em_gs,detection_nmse,0.069760507941242361,0.20928152382372708,,3,,,ok,,,20260818,1.503561700881817,7.0794578438413795,50
cui_fig6,925f2ab8975505e255f5c37af74d115be38bc302991267f95f440e5f61ce4472,A,3,3,17,36,3,1,16-QAM,genie_zf,detection_nmse,0.033677978544376985,0.10103393563313096,,3,,,ok,,,20260818,1.503561700881817,7.0794578438413795,50
cui_fig6,925f2ab8975505e255f5c37af74d115be38bc302991267f95f440e5f61ce4472,A,3,3,17,36,3,1,16-QAM,cui_crlb,detection_nmse,0.08874335256287004,0.26623005768861013,,3,,,ok,,,20260818,1.503561700881817,7.0794578438413795,50
cui_fig6,925f2ab8975505e255f5c37af74d115be38bc302991267f95f440e5f61ce4472,A,3,3,18,36,3,1,16-QAM,biased_gs,detection_nmse,0.070185734359795235,0.21055720307938569,,3,,,ok,,,20260818,1.503561700881817,7.9432823472428167,50
cui_fig6,925f2ab8975505e255f5c37af74d115be38bc302991267f95f440e5f61ce4472,A,3,3,18,36,3,1,16-QAM,em_gs,detection_nmse,0.068005246286910584,0.20401573886073177,,3,,,ok,,,20260818,1.503561700881817,7.9432823472428167,50
cui_fig6,925f2ab8975505e255f5c37af74d115be38bc302991267f95f440e5f61ce4472,A,3,3,18,36,3,1,16-QAM,genie_zf,detection_nmse,0.030039649938191314,0.09011894981457394,,3,,,ok,,,20260818,1.503561700881817,7.9432823472428167,50
cui_fig6,925f2ab8975505e255f5c37af74d115be38bc302991267f95f440e5f61ce4472,A,3,3,18,36,3,1,16-QAM,cui_crlb,detection_nmse,0.091082290777159,0.27324687233147699,,3,,,ok,,,20260818,1.503561700881817,7.9432823472428167,50
cui_fig6,925f2ab8975505e255f5c37af74d115be38bc302991267f95f440e5f61ce4472,A,3,3,19,36,3,1,16-QAM,biased_gs,detection_nmse,0.10890613749022082,0.32671841247066247,,3,,,ok,,,20260818,1.503561700881817,8.9125093813374541,50
cui_fig6,925f2ab8975505e255f5c37af74d115be38bc302991267f95f440e5f61ce4472,A,3,3,19,36,3,1,16-QAM,em_gs,detection_nmse,0.108059558488517,0.32417867546555101,,3,,,ok,,,20260818,1.503561700881817,8.9125093813374541,50
cui_fig6,925f2ab8975505e255f5c37af74d115be38bc302991267f95f440e5f61ce4472,A,3,3,19,36,3,1,16-QAM,genie_zf,detection_nmse,0.015892393199505677,0.047677179598517028,,3,,,ok,,,20260818,1.503561700881817,8.9125093813374541,50
cui_fig6,925f2ab8975505e255f5c37af74d115be38bc302991267f95f440e5f61ce4472,A,3,3,19,36,3,1,16-QAM,cui_crlb,detection_nmse,0.091832764117459817,0.27549829235237944,,3,,,ok,,,20260818,1.503561700881817,8.9125093813374541,50
cui_fig6,925f2ab8975505e255f5c37af74d115be38bc302991267f95f440e5f61ce4472,A,3,3,20,36,3,1,16-QAM,biased_gs,detection_nmse,0.074453922094472741,0.22336176628341822,,3,,,ok,,,20260818,1.503561700881817,10.000000000000002,50
cui_fig6,925f2ab8975505e255f5c37af74d115be38bc302991267f95f440e5f61ce4472,A,3,3,20,36,3,1,16-QAM,em_gs,detection_nmse,0.076661345387101565,0.22998403616130469,,3,,,ok,,,20260818,1.503561700881817,10.000000000000002,50
cui_fig6,925f2ab8975505e255f5c37af74d115be38bc302991267f95f440e5f61ce4472,A,3,3,20,36,3,1,16-QAM,genie_zf,detection_nmse,0.062504140968574429,0.18751242290572329,,3,,,ok,,,20260818,1.503561700881817,10.000000000000002,50
cui_fig6,925f2ab8975505e255f5c37af74d115be38bc302991267f95f440e5f61ce4472,A,3,3,20,36,3,1,16-QAM,cui_crlb,detection_nmse,0.090663469580942804,0.27199040874282843,,3,,,ok,,,20260818,1.503561700881817,10.000000000000002,50
cui_fig6,925f2ab8975505e255f5c37af74d115be38bc302991267f95f440e5f61ce4472,A,3,3,21,36,3,1,16-QAM,biased_gs,detection_nmse,0.41025794131015703,1.2307738239304711,,3,,,ok,,,20260818,1.503561700881817,11.220184543019638,50
cui_fig6,925f2ab8975505e255f5c37af74d115be38bc302991267f95f440e5f61ce4472,A,3,3,21,36,3,1,16-QAM,em_gs,detection_nmse,0.33404388840157667,1.0021316652047301,,3,,,ok,,,20260818,1.503561700881817,11.220184543019638,50
cui_fig6,925f2ab8975505e255f5c37af74d115be38bc302991267f95f440e5f61ce4472,A,3,3,21,36,3,1,16-QAM,genie_zf,detection_nmse,0.024965445869152236,0.074896337607456703,,3,,,ok,,,20260818,1.503561700881817,11.220184543019638,50
cui_fig6,925f2ab8975505e255f5c37af74d115be38bc302991267f95f440e5f61ce4472,A,3,3,21,36,3,1,16-QAM,cui_crlb,detection_nmse,0.088355135906112672,0.26506540771833803,,3,,,ok,,,20260818,1.503561700881817,11.220184543019638,50
cui_fig6,925f2ab8975505e255f5c37af74d115be38bc302991267f95f440e5f61ce4472,A,3,3,22,36,3,1,16-QAM,biased_gs,detection_nmse,0.099454424829256746,0.29836327448777022,,3,,,ok,,,20260818,1.503561700881817,12.589254117941671,50
cui_fig6,925f2ab8975505e255f5c37af74d115be38bc302991267f95f440e5f61ce4472,A,3,3,22,36,3,1,16-QAM,em_gs,detection_nmse,0.084600379021175717,0.25380113706352714,,3,,,ok,,,20260818,1.503561700881817,12.589254117941671,50
cui_fig6,925f2ab8975505e255f5c37af74d115be38bc302991267f95f440e5f61ce4472,A,3,3,22,36,3,1,16-QAM,genie_zf,detection_nmse,0.041842320010741098,0.1255269600322233,,3,,,ok,,,20260818,1.503561700881817,12.589254117941671,50
cui_fig6,925f2ab8975505e255f5c37af74d115be38bc302991267f95f440e5f61ce4472,A,3,3,22,36,3,1,16-QAM,cui_crlb,detection_nmse,0.094142658770506829,0.2824279763115205,,3,,,ok,,,20260818,1.503561700881817,12.589254117941671,50
cui_fig6,925f2ab8975505e255f5c37af74d115be38bc302991267f95f440e5f61ce4472,A,3,3,23,36,3,1,16-QAM,biased_gs,detection_nmse,0.036962481810988414,0.11088744543296525,,3,,,ok,,,20260818,1.503561700881817,14.12537544622754,50
cui_fig6,925f2ab8975505e255f5c37af74d115be38bc302991267f95f440e5f61ce4472,A,3,3,23,36,3,1,16-QAM,em_gs,detection_nmse,0.035808675856939226,0.10742602757081768,,3,,,ok,,,20260818,1.503561700881817,14.12537544622754,50
cui_fig6,925f2ab8975505e255f5c37af74d115be38bc302991267f95f440e5f61ce4472,A,3,3,23,36,3,1,16-QAM,genie_zf,detection_nmse,0.058748885545344909,0.17624665663603473,,3,,,ok,,,20260818,1.503561700881817,14.12537544622754,50
cui_fig6,925f2ab8975505e255f5c37af74d115be38bc302991267f95f440e5f61ce4472,A,3,3,23,36,3,1,16-QAM,cui_crlb,detection_nmse,0.097622069212929222,0.29286620763878768,,3,,,ok,,,20260818,1.503561700881817,14.12537544622754,50
cui_fig6,925f2ab8975505e255f5c37af74d115be38bc302991267f95f440e5f61ce4472,A,3,3,24,36,3,1,16-QAM,biased_gs,detection_nmse,0.043377824203259384,0.13013347260977814,,3,,,ok,,,20260818,1.503561700881817,15.848931924611136,50
cui_fig6,925f2ab8975505e255f5c37af74d115be38bc302991267f95f440e5f61ce4472,A,3,3,24,36,3,1,16-QAM,em_gs,detection_nmse,0.051747483736908732,0.15524245121072619,,3,,,ok,,,20260818,1.503561700881817,15.848931924611136,50
cui_fig6,925f2ab8975505e255f5c37af74d115be38bc302991267f95f440e5f61ce4472,A,3,3,24,36,3,1,16-QAM,genie_zf,detection_nmse,0.012970610045277586,0.038911830135832756,,3,,,ok,,,20260818,1.503561700881817,15.848931924611136,50
cui_fig6,925f2ab8975505e255f5c37af74d115be38bc302991267f95f440e5f61ce4472,A,3,3,24,36,3,1,16-QAM,cui_crlb,detection_nmse,0.094196468283318777,0.28258940484995632,,3,,,ok,,,20260818,1.503561700881817,15.848931924611136,50
cui_fig6,925f2ab8975505e255f5c37af74d115be38bc302991267f95f440e5f61ce4472,A,3,3,25,36,3,1,16-QAM,biased_gs,detection_nmse,0.069049441779079665,0.20714832533723898,,3,,,ok,,,20260818,1.503561700881817,17.782794100389232,50
cui_fig6,925f2ab8975505e255f5c37af74d115be38bc302991267f95f440e5f61ce4472,A,3,3,25,36,3,1,16-QAM,em_gs,detection_nmse,0.068579801202409821,0.20573940360722945,,3,,,ok,,,20260818,1.503561700881817,17.782794100389232,50
cui_fig6,925f2ab8975505e255f5c37af74d115be38bc302991267f95f440e5f61ce4472,A,3,3,25,36,3,1,16-QAM,genie_zf,detection_nmse,0.018133904526490469,0.054401713579471406,,3,,,ok,,,20260818,1.503561700881817,17.782794100389232,50
cui_fig6,925f2ab8975505e255f5c37af74d115be38bc302991267f95f440e5f61ce4472,A,3,3,25,36,3,1,16-QAM,cui_crlb,detection_nmse,0.086331985212032572,0.25899595563609773,,3,,,ok,,,20260818,1.503561700881817,17.782794100389232,50
cui_fig6,925f2ab8975505e255f5c37af74d115be38bc302991267f95f440e5f61ce4472,A,4,3,0,36,3,1,16-QAM,biased_gs,detection_nmse,0.38304655498549794,1.1491396649564938,,3,,,ok,,,20260818,1.503561700881817,0.99999999999999978,50
cui_fig6,925f2ab8975505e255f5c37af74d115be38bc302991267f95f440e5f61ce4472,A,4,3,0,36,3,1,16-QAM,em_gs,detection_nmse,0.22046248189354931,0.66138744568064789,,3,,,ok,,,20260818,1.503561700881817,0.99999999999999978,50
cui_fig6,925f2ab8975505e255f5c37af74d115be38bc302991267f95f440e5f61ce4472,A,4,3,0,36,3,1,16-QAM,genie_zf,detection_nmse,0.079447380194746106,0.2383421405842383,,3,,,ok,,,20260818,1.503561700881817,0.99999999999999978,50
cui_fig6,925f2ab8975505e255f5c37af74d115be38bc302991267f95f440e5f61ce4472,A,4,3,0,36,3,1,16-QAM,cui_crlb,detection_nmse,0.11316250437511453,0.33948751312534359,,3,,,ok,,,20260818,1.503561700881817,0.99999999999999978,50
cui_fig6,925f2ab8975505e255f5c37af74d115be38bc302991267f95f440e5f61ce4472,A,4,3,1,36,3,1,16-QAM,biased_gs,detection_nmse,0.27641521160556481,0.82924563481669444,,3,,,ok,,,20260818,1.503561700881817,1.1220184543019636,50
cui_fig6,925f2ab8975505e255f5c37af74d115be38bc302991267f95f440e5f61ce4472,A,4,3,1,36,3,1,16-QAM,em_gs,detection_nmse,0.22169517282554022,0.66508551847662067,,3,,,ok,,,20260818,1.503561700881817,1.1220184543019636,50
cui_fig6,925f2ab8975505e255f5c37af74d115be38bc302991267f95f440e5f61ce4472,A,4,3,1,36,3,1,16-QAM,genie_zf,detection_nmse,0.061798875269847842,0.18539662580954352,,3,,,ok,,,20260818,1.503561700881817,1.1220184543019636,50
cui_fig6,925f2ab8975505e255f5c37af74d115be38bc302991267f95f440e5f61ce4472,A,4,3,1,36,3,1,16-QAM,cui_crlb,detection_nmse,0.11461598874301333,0.34384796622904001,,3,,,ok,,,20260818,1.503561700881817,1.1220184543019636,50
cui_fig6,925f2ab8975505e255f5c37af74d115be38bc302991267f95f440e5f61ce4472,A,4,3,2,36,3,1,16-QAM,biased_gs,detection_nmse,0.6016726437459089,1.8050179312377268,,3,,,ok,,,20260818,1.503561700881817,1.2589254117941673,50
cui_fig6,925f2ab8975505e255f5c37af74d115be38bc302991267f95f440e5f61ce4472,A,4,3,2,36,3,1,16-QAM,em_gs,detection_nmse,0.27422890638042863,0.82268671914128588,,3,,,ok,,,20260818,1.503561700881817,1.2589254117941673,50
cui_fig6,925f2ab8975505e255f5c37af74d115be38bc302991267f95f440e5f61ce4472,A,4,3,2,36,3,1,16-QAM,genie_zf,detection_nmse,0.046194737279734298,0.13858421183920289,,3,,,ok,,,20260818,1.503561700881817,1.2589254117941673,50
cui_fig6,925f2ab8975505e255f5c37af74d115be38bc302991267f95f440e5f61ce4472,A,4,3,2,36,3,1,16-QAM,cui_crlb,detection_nmse,0.11791254103788745,0.35373762311366236,,3,,,ok,,,20260818,1.503561700881817,1.2589254117941673,50
cui_fig6,925f2ab8975505e255f5c37af74d115be38bc302991267f95f440e5f61ce4472,A,4,3,3,36,3,1,16-QAM,biased_gs,detection_nmse,0.076559165071049429,0.22967749521314829,,3,,,ok,,,20260818,1.503561700881817,1.4125375446227544,50
cui_fig6,925f2ab8975505e255f5c37af74d115be38bc302991267f95f440e5f61ce4472,A,4,3,3,36,3,1,16-QAM,em_gs,detection_nmse,0.079657347327741643,0.23897204198322491,,3,,,ok,,,20260818,1.503561700881817,1.4125375446227544,50
cui_fig6,925f2ab8975505e255f5c37af74d115be38bc302991267f95f440e5f61ce4472,A,4,3,3,36,3,1,16-QAM,genie_zf,detection_nmse,0.031608438383204665,0.094825315149613995,,3,,,ok,,,20260818,1.503561700881817,1.4125375446227544,50
cui_fig6,925f2ab8975505e255f5c37af74d115be38bc302991267f95f440e5f61ce4472,A,4,3,3,36,3,1,16-QAM,cui_crlb,detection_nmse,0.10312696771001977,0.30938090313005928,,3,,,ok,,,20260818,1.503561700881817,1.4125375446227544,50
cui_fig6,925f2ab8975505e255f5c37af74d115be38bc302991267f95f440e5f61ce4472,A,4,3,4,36,3,1,16-QAM,biased_gs,detection_nmse,0.089370237663015148,0.26811071298904543,,3,,,ok,,,20260818,1.503561700881817,1.5848931924611136,50
cui_fig6,925f2ab8975505e255f5c37af74d115be38bc302991267f95f440e5f61ce4472,A,4,3,4,36,3,1,16-QAM,em_gs,detection_nmse,0.10889152488668245,0.32667457466004735,,3,,,ok,,,20260818,1.503561700881817,1.5848931924611136,50
cui_fig6,925f2ab8975505e255f5c37af74d115be38bc302991267f95f440e5f61ce4472,A,4,3,4,36,3,1,16-QAM,genie_zf,detection_nmse,0.062856791524581831,0.18857037457374551,,3,,,ok,,,20260818,1.503561700881817,1.5848931924611136,50
cui_fig6,925f2ab8975505e255f5c37af74d115be38bc302991267f95f440e5f61ce4472,A,4,3,4,36,3,1,16-QAM,cui_crlb,detection_nmse,0.10545661423473118,0.31636984270419355,,3,,,ok,,,20260818,1.503561700881817,1.5848931924611136,50
cui_fig6,925f2ab8975505e255f5c37af74d115be38bc302991267f95f440e5f61ce4472,A,4,3,5,36,3,1,16-QAM,biased_gs,detection_nmse,0.16423896645032174,0.49271689935096519,,3,,,ok,,,20260818,1.503561700881817,1.7782794100389228,50
cui_fig6,925f2ab8975505e255f5c37af74d115be38bc302991267f95f440e5f61ce4472,A,4,3,5,36,3,1,16-QAM,em_gs,detection_nmse,0.18313103965049357,0.54939311895148069,,3,,,ok,,,20260818,1.503561700881817,1.7782794100389228,50
cui_fig6,925f2ab8975505e255f5c37af74d115be38bc302991267f95f440e5f61ce4472,A,4,3,5,36,3,1,16-QAM,genie_zf,detection_nmse,0.052327651182573896,0.15698295354772168,,3,,,ok,,,20260818,1.503561700881817,1.7782794100389228,50
cui_fig6,925f2ab8975505e255f5c37af74d115be38bc302991267f95f440e5f61ce4472,A,4,3,5,36,3,1,16-QAM,cui_crlb,detection_nmse,0.10748364651933366,0.32245093955800097,,3,,,ok,,,20260818,1.503561700881817,1.7782794100389228,50
cui_fig6,925f2ab8975505e255f5c37af74d115be38bc302991267f95f440e5f61ce4472,A,4,3,6,36,3,1,16-QAM,biased_gs,detection_nmse,0.023559728876432953,0.070679186629298854,,3,,,ok,,,20260818,1.503561700881817,1.9952623149688797,50
cui_fig6,925f2ab8975505e255f5c37af74d115be38bc302991267f95f440e5f61ce4472,A,4,3,6,36,3,1,16-QAM,em_gs,detection_nmse,0.092652954314121058,0.27795886294236316,,3,,,ok,,,20260818,1.503561700881817,1.9952623149688797,50
cui_fig6,925f2ab8975505e255f5c37af74d115be38bc302991267f95f440e5f61ce4472,A,4,3,6,36,3,1,16-QAM,genie_zf,detection_nmse,0.017163145468830021,0.051489436406490063,,3,,,ok,,,20260818,1.503561700881817,1.9952623149688797,50
cui_fig6,925f2ab8975505e255f5c37af74d115be38bc302991267f95f440e5f61ce4472,A,4,3,6,36,3,1,16-QAM,cui_crlb,detection_nmse,0.10268205428766204,0.30804616286298614,,3,,,ok,,,20260818,1.503561700881817,1.9952623149688797,50
cui_fig6,925f2ab8975505e255f5c37af74d115be38bc302991267f95f440e5f61ce4472,A,4,3,7,36,3,1,16-QAM,biased_gs,detection_nmse,0.081017895337476095,0.2430536860124283,,3,,,ok,,,20260818,1.503561700881817,2.2387211385683394,50
cui_fig6,925f2ab8975505e255f5c37af74d115be38bc302991267f95f440e5f61ce4472,A,4,3,7,36,3,1,16-QAM,em_gs,detection_nmse,0.0554450585070555,0.1663351755211665,,3,,,ok,,,20260818,1.503561700881817,2.2387211385683394,50
cui_fig6,925f2ab8975505e255f5c37af74d115be38bc302991267f95f440e5f61ce4472,A,4,3,7,36,3,1,16-QAM,genie_zf,detection_nmse,0.026372000279190719,0.079116000837572156,,3,,,ok,,,20260818,1.503561700881817,2.2387211385683394,50
cui_fig6,925f2ab8975505e255f5c37af74d115be38bc302991267f95f440e5f61ce4472,A,4,3,7,36,3,1,16-QAM,cui_crlb,detection_nmse,0.10183251150938639,0.3054975345281592,,3,,,ok,,,20260818,1.503561700881817,2.2387211385683394,50
cui_fig6,925f2ab8975505e255f5c37af74d115be38bc302991267f95f440e5f61ce4472,A,4,3,8,36,3,1,16-QAM,biased_gs,detection_nmse,0.45597375798733286,1.3679212739619986,,3,,,ok,,,20260818,1.503561700881817,2.5118864315095801,50
cui_fig6,925f2ab8975505e255f5c37af74d115be38bc302991267f95f440e5f61ce4472,A,4,3,8,36,3,1,16-QAM,em_gs,detection_nmse,0.43905759619536311,1.3171727885860893,,3,,,ok,,,20260818,1.503561700881817,2.5118864315095801,50
cui_fig6,925f2ab8975505e255f5c37af74d115be38bc302991267f95f440e5f61ce4472,A,4,3,8,36,3,1,16-QAM,genie_zf,detection_nmse,0.099607197312631138,0.29882159193789343,,3,,,ok,,,20260818,1.503561700881817,2.5118864315095801,50
cui_fig6,925f2ab8975505e255f5c37af74d115be38bc302991267f95f440e5f61ce4472,A,4,3,8,36,3,1,16-QAM,cui_crlb,detection_nmse,0.10186062273840989,0.30558186821522965,,3,,,ok,,,20260818,1.503561700881817,2.5118864315095801,50
cui_fig6,925f2ab8975505e255f5c37af74d115be38bc302991267f95f440e5f61ce4472,A,4,3,9,36,3,1,16-QAM,biased_gs,detection_nmse,0.095461821605853536,0.28638546481756061,,3,,,ok,,,20260818,1.503561700881817,2.8183829312644542,50
cui_fig6,925f2ab8975505e255f5c37af74d115be38bc302991267f95f440e5f61ce4472,A,4,3,9,36,3,1,16-QAM,em_gs,detection_nmse,0.067853751209457636,0.20356125362837291,,3,,,ok,,,20260818,1.503561700881817,2.8183829312644542,50
cui_fig6,925f2ab8975505e255f5c37af74d115be38bc302991267f95f440e5f61ce4472,A,4,3,9,36,3,1,16-QAM,genie_zf,detection_nmse,0.084676337868140647,0.25402901360442193,,3,,,ok,,,20260818,1.503561700881817,2.8183829312644542,50
cui_fig6,925f2ab8975505e255f5c37af74d115be38bc302991267f95f440e5f61ce4472,A,4,3,9,36,3,1,16-QAM,cui_crlb,detection_nmse,0.09536795225818219,0.28610385677454658,,3,,,ok,,,20260818,1.503561700881817,2.8183829312644542,50
cui_fig6,925f2ab8975505e255f5c37af74d115be38bc302991267f95f440e5f61ce4472,A,4,3,10,36,3,1,16-QAM,biased_gs,detection_nmse,0.11944992210273182,0.35834976630819548,,3,,,ok,,,20260818,1.503561700881817,3.1622776601683791,50
cui_fig6,925f2ab8975505e255f5c37af74d115be38bc302991267f95f440e5f61ce4472,A,4,3,10,36,3,1,16-QAM,em_gs,detection_nmse,0.10889248218316121,0.32667744654948361,,3,,,ok,,,20260818,1.503561700881817,3.1622776601683791,50
cui_fig6,925f2ab8975505e255f5c37af74d115be38bc302991267f95f440e5f61ce4472,A,4,3,10,36,3,1,16-QAM,genie_zf,detection_nmse,0.042470169741277181,0.12741050922383154,,3,,,ok,,,20260818,1.503561700881817,3.1622776601683791,50
cui_fig6,925f2ab8975505e255f5c37af74d115be38bc302991267f95f440e5f61ce4472,A,4,3,10,36,3,1,16-QAM,cui_crlb,detection_nmse,0.095904018575345737,0.2877120557260372,,3,,,ok,,,20260818,1.503561700881817,3.1622776601683791,50
cui_fig6,925f2ab8975505e255f5c37af74d115be38bc302991267f95f440e5f61ce4472,A,4,3,11,36,3,1,16-QAM,biased_gs,detection_nmse,0.12470216819689173,0.37410650459067518,,3,,,ok,,,20260818,1.503561700881817,3.5481338923357555,50
cui_fig6,925f2ab8975505e255f5c37af74d115be38bc302991267f95f440e5f61ce4472,A,4,3,11,36,3,1,16-QAM,em_gs,detection_nmse,0.094043773890719662,0.28213132167215899,,3,,,ok,,,20260818,1.503561700881817,3.5481338923357555,50
cui_fig6,925f2ab8975505e255f5c37af74d115be38bc302991267f95f440e5f61ce4472,A,4,3,11,36,3,1,16-QAM,genie_zf,detection_nmse,0.021951013568083242,0.06585304070424973,,3,,,ok,,,20260818,1.503561700881817,3.5481338923357555,50
cui_fig6,925f2ab8975505e255f5c37af74d115be38bc302991267f95f440e5f61ce4472,A,4,3,11,36,3,1,16-QAM,cui_crlb,detection_nmse,0.093957671865320225,0.28187301559596067,,3,,,ok,,,20260818,1.503561700881817,3.5481338923357555,50
cui_fig6,925f2ab8975505e255f5c37af74d115be38bc302991267f95f440e5f61ce4472,A,4,3,12,36,3,1,16-QAM,biased_gs,detection_nmse,0.22663908641134112,0.67991725923402335,,3,,,ok,,,20260818,1.503561700881817,3.9810717055349722,50
cui_fig6,925f2ab8975505e255f5c37af74d115be38bc302991267f95f440e5f61ce4472,A,4,3,12,36,3,1,16-QAM,em_gs,detection_nmse,0.17015811497415786,0.51047434492247357,,3,,,ok,,,20260818,1.503561700881817,3.9810717055349722,50
cui_fig6,925f2ab8975505e255f5c37af74d115be38bc302991267f95f440e5f61ce4472,A,4,3,12,36,3,1,16-QAM,genie_zf,detection_nmse,0.040301696144300646,0.12090508843290193,,3,,,ok,,,20260818,1.503561700881817,3.9810717055349722,50
cui_fig6,925f2ab8975505e255f5c37af74d115be38bc302991267f95f440e5f61ce4472,A,4,3,12,36,3,1,16-QAM,cui_crlb,detection_nmse,0.094830660886507975,0.28449198265952391,,3,,,ok,,,20260818,1.503561700881817,3.9810717055349722,50
cui_fig6,925f2ab8975505e255f5c37af74d115be38bc302991267f95f440e5f61ce4472,A,4,3,13,36,3,1,16-QAM,biased_gs,detection_nmse,0.080881916243777233,0.24264574873133171,,3,,,ok,,,20260818,1.503561700881817,4.46683592150963,50
cui_fig6,925f2ab8975505e255f5c37af74d115be38bc302991267f95f440e5f61ce4472,A,4,3,13,36,3,1,16-QAM,em_gs,detection_nmse,0.088671184975343917,0.26601355492603174,,3,,,ok,,,20260818,1.503561700881817,4.46683592150963,50
cui_fig6,925f2ab8975505e255f5c37af74d115be38bc302991267f95f440e5f61ce4472,A,4,3,13,36,3,1,16-QAM,genie_zf,detection_nmse,0.026363315398309634,0.079089946194928901,,3,,,ok,,,20260818,1.503561700881817,4.46683592150963,50
cui_fig6,925f2ab8975505e255f5c37af74d115be38bc302991267f95f440e5f61ce4472,A,4,3,13,36,3,1,16-QAM,cui_crlb,detection_nmse,0.093076631988081207,0.27922989596424364,,3,,,ok,,,20260818,1.503561700881817,4.46683592150963,50
cui_fig6,925f2ab8975505e255f5c37af74d115be38bc302991267f95f440e5f61ce4472,A,4,3,14,36,3,1,16-QAM,biased_gs,detection_nmse,0.3098409171598947,0.92952275147968411,,3,,,ok,,,20260818,1.503561700881817,5.0118723362727229,50
cui_fig6,925f2ab8975505e255f5c37af74d115be38bc302991267f95f440e5f61ce4472,A,4,3,14,36,3,1,16-QAM,em_gs,detection_nmse,0.24868794334089658,0.74606383002268972,,3,,,ok,,,20260818,1.503561700881817,5.0118723362727229,50
cui_fig6,925f2ab8975505e255f5c37af74d115be38bc302991267f95f440e5f61ce4472,A,4,3,14,36,3,1,16-QAM,genie_zf,detection_nmse,0.12009722205284747,0.36029166615854241,,3,,,ok,,,20260818,1.503561700881817,5.0118723362727229,50
cui_fig6,925f2ab8975505e255f5c37af74d115be38bc302991267f95f440e5f61ce4472,A,4,3,14,36,3,1,16-QAM,cui_crlb,detection_nmse,0.10045259983967225,0.30135779951901676,,3,,,ok,,,20260818,1.503561700881817,5.0118723362727229,50
cui_fig6,925f2ab8975505e255f5c37af74d115be38bc302991267f95f440e5f61ce4472,A,4,3,15,36,3,1,16-QAM,biased_gs,detection_nmse,0.14020177172900353,0.42060531518701061,,3,,,ok,,,20260818,1.503561700881817,5.6234132519034903,50
cui_fig6,925f2ab8975505e255f5c37af74d115be38bc302991267f95f440e5f61ce4472,A,4,3,15,36,3,1,16-QAM,em_gs,detection_nmse,0.12585925059390782,0.37757775178172348,,3,,,ok,,,20260818,1.503561700881817,5.6234132519034903,50
cui_fig6,925f2ab8975505e255f5c37af74d115be38bc302991267f95f440e5f61ce4472,A,4,3,15,36,3,1,16-QAM,genie_zf,detection_nmse,0.060913160377911203,0.18273948113373362,,3,,,ok,,,20260818,1.503561700881817,5.6234132519034903,50
cui_fig6,925f2ab8975505e255f5c37af74d115be38bc302991267f95f440e5f61ce4472,A,4,3,15,36,3,1,16-QAM,cui_crlb,detection_nmse,0.096167425826084521,0.28850227747825358,,3,,,ok,,,20260818,1.503561700881817,5.6234132519034903,50
cui_fig6,925f2ab8975505e255f5c37af74d115be38bc302991267f95f440e5f61ce4472,A,4,3,16,36,3,1,16-QAM,biased_gs,detection_nmse,0.02412872800364484,0.072386184010934523,,3,,,ok,,,20260818,1.503561700881817,6.3095734448019325,50
cui_fig6,925f2ab8975505e255f5c37af74d115be38bc302991267f95f440e5f61ce4472,A,4,3,16,36,3,1,16-QAM,em_gs,detection_nmse,0.030686438510646844,0.092059315531940536,,3,,,ok,,,20260818,1.503561700881817,6.3095734448019325,50
cui_fig6,925f2ab8975505e255f5c37af74d115be38bc302991267f95f440e5f61ce4472,A,4,3,16,36,3,1,16-QAM,genie_zf,detection_nmse,0.0097453002391902337,0.029235900717570703,,3,,,ok,,,20260818,1.503561700881817,6.3095734448019325,50
cui_fig6,925f2ab8975505e255f5c37af74d115be38bc302991267f95f440e5f61ce4472,A,4,3,16,36,3,1,16-QAM,cui_crlb,detection_nmse,0.090064256786005534,0.27019277035801659,,3,,,ok,,,20260818,1.503561700881817,6.3095734448019325,50
cui_fig6,925f2ab8975505e255f5c37af74d115be38bc302991267f95f440e5f61ce4472,A,4,3,17,36,3,1,16-QAM,biased_gs,detection_nmse,0.030452421840296201,0.091357265520888603,,3,,,ok,,,20260818,1.503561700881817,7.0794578438413787,50
cui_fig6,925f2ab8975505e255f5c37af74d115be38bc302991267f95f440e5f61ce4472,A,4,3,17,36,3,1,16-QAM,em_gs,detection_nmse,0.025420929327391307,0.076262787982173924,,3,,,ok,,,20260818,1.503561700881817,7.0794578438413787,50
cui_fig6,925f2ab8975505e255f5c37af74d115be38bc302991267f95f440e5f61ce4472,A,4,3,17,36,3,1,16-QAM,genie_zf,detection_nmse,0.044660657398763182,0.13398197219628954,,3,,,ok,,,20260818,1.503561700881817,7.0794578438413787,50
cui_fig6,925f2ab8975505e255f5c37af74d115be38bc302991267f95f440e5f61ce4472,A,4,3,17,36,3,1,16-QAM,cui_crlb,detection_nmse,0.089141183772719776,0.26742355131815931,,3,,,ok,,,20260818,1.503561700881817,7.0794578438413787,50
cui_fig6,925f2ab8975505e255f5c37af74d115be38bc302991267f95f440e5f61ce4472,A,4,3,18,36,3,1,16-QAM,biased_gs,detection_nmse,0.1474089637314113,0.44222689119423392,,3,,,ok,,,20260818,1.503561700881817,7.9432823472428149,50
cui_fig6,925f2ab8975505e255f5c37af74d115be38bc302991267f95f440e5f61ce4472,A,4,3,18,36,3,1,16-QAM,em_gs,detection_nmse,0.12508156699892806,0.37524470099678414,,3,,,ok,,,20260818,1.503561700881817,7.9432823472428149,50
cui_fig6,925f2ab8975505e255f5c37af74d115be38bc302991267f95f440e5f61ce4472,A,4,3,18,36,3,1,16-QAM,genie_zf,detection_nmse,0.067603944954663542,0.20281183486399063,,3,,,ok,,,20260818,1.503561700881817,7.9432823472428149,50
cui_fig6,925f2ab8975505e255f5c37af74d115be38bc302991267f95f440e5f61ce4472,A,4,3,18,36,3,1,16-QAM,cui_crlb,detection_nmse,0.088635300567991807,0.26590590170397543,,3,,,ok,,,20260818,1.503561700881817,7.9432823472428149,50
cui_fig6,925f2ab8975505e255f5c37af74d115be38bc302991267f95f440e5f61ce4472,A,4,3,19,36,3,1,16-QAM,biased_gs,detection_nmse,0.18929942334794778,0.5678982700438433,,3,,,ok,,,20260818,1.503561700881817,8.9125093813374541,50
cui_fig6,925f2ab8975505e255f5c37af74d115be38bc302991267f95f440e5f61ce4472,A,4,3,19,36,3,1,16-QAM,em_gs,detection_nmse,0.17255469919891642,0.51766409759674925,,3,,,ok,,,20260818,1.503561700881817,8.9125093813374541,50
cui_fig6,925f2ab8975505e255f5c37af74d115be38bc302991267f95f440e5f61ce4472,A,4,3,19,36,3,1,16-QAM,genie_zf,detection_nmse,0.059856299640142267,0.17956889892042679,,3,,,ok,,,20260818,1.503561700881817,8.9125093813374541,50
cui_fig6,925f2ab8975505e255f5c37af74d115be38bc302991267f95f440e5f61ce4472,A,4,3,19,36,3,1,16-QAM,cui_crlb,detection_nmse,0.089300877610240428,0.2679026328307213,,3,,,ok,,,20260818,1.503561700881817,8.9125093813374541,50
cui_fig6,925f2ab8975505e255f5c37af74d115be38bc302991267f95f440e5f61ce4472,A,4,3,20,36,3,1,16-QAM,biased_gs,detection_nmse,0.1189405153390312,0.35682154601709359,,3,,,ok,,,20260818,1.503561700881817,10.000000000000002,50
cui_fig6,925f2ab8975505e255f5c37af74d115be38bc302991267f95f440e5f61ce4472,A,4,3,20,36,3,1,16-QAM,em_gs,detection_nmse,0.10792295768384784,0.3237688730515435,,3,,,ok,,,20260818,1.503561700881817,10.000000000000002,50
cui_fig6,925f2ab8975505e255f5c37af74d115be38bc302991267f95f440e5f61ce4472,A,4,3,20,36,3,1,16-QAM,genie_zf,detection_nmse,0.049540478924666266,0.14862143677399881,,3,,,ok,,,20260818,1.503561700881817,10.000000000000002,50
cui_fig6,925f2ab8975505e255f5c37af74d115be38bc302991267f95f440e5f61ce4472,A,4,3,20,36,3,1,16-QAM,cui_crlb,detection_nmse,0.092281787515198388,0.27684536254559516,,3,,,ok,,,20260818,1.503561700881817,10.000000000000002,50
cui_fig6,925f2ab8975505e255f5c37af74d115be38bc302991267f95f440e5f61ce4472,A,4,3,21,36,3,1,16-QAM,biased_gs,detection_nmse,0.079548554580705283,0.23864566374211585,,3,,,ok,,,20260818,1.503561700881817,11.220184543019634,50
cui_fig6,925f2ab8975505e255f5c37af74d115be38bc302991267f95f440e5f61ce4472,A,4,3,21,36,3,1,16-QAM,em_gs,detection_nmse,0.08917860150554989,0.26753580451664966,,3,,,ok,,,20260818,1.503561700881817,11.220184543019634,50
cui_fig6,925f2ab8975505e255f5c37af74d115be38bc302991267f95f440e5f61ce4472,A,4,3,21,36,3,1,16-QAM,genie_zf,detection_nmse,0.0090519462686182526,0.02715583880585476,,3,,,ok,,,20260818,1.503561700881817,11.220184543019634,50
cui_fig6,925f2ab8975505e255f5c37af74d115be38bc302991267f95f440e5f61ce4472,A,4,3,21,36,3,1,16-QAM,cui_crlb,detection_nmse,0.09272715782105416,0.27818147346316247,,3,,,ok,,,20260818,1.503561700881817,11.220184543019634,50
cui_fig6,925f2ab8975505e255f5c37af74d115be38bc302991267f95f440e5f61ce4472,A,4,3,22,36,3,1,16-QAM,biased_gs,detection_nmse,0.12048527847091577,0.36145583541274728,,3,,,ok,,,20260818,1.503561700881817,12.589254117941673,50
cui_fig6,925f2ab8975505e255f5c37af74d115be38bc302991267f95f440e5f61ce4472,A,4,3,22,36,3,1,16-QAM,em_gs,detection_nmse,0.1206361125048479,0.36190833751454371,,3,,,ok,,,20260818,1.503561700881817,12.589254117941673,50
cui_fig6,925f2ab8975505e255f5c37af74d115be38bc302991267f95f440e5f61ce4472,A,4,3,22,36,3,1,16-QAM,genie_zf,detection_nmse,0.083968247926952996,0.25190474378085898,,3,,,ok,,,20260818,1.503561700881817,12.589254117941673,50
cui_fig6,925f2ab8975505e255f5c37af74d115be38bc302991267f95f440e5f61ce4472,A,4,3,22,36,3,1,16-QAM,cui_crlb,detection_nmse,0.087893515197511859,0.26368054559253556,,3,,,ok,,,20260818,1.503561700881817,12.589254117941673,50
cui_fig6,925f2ab8975505e255f5c37af74d115be38bc302991267f95f440e5f61ce4472,A,4,3,23,36,3,1,16-QAM,biased_gs,detection_nmse,0.073057381901409604,0.21917214570422883,,3,,,ok,,,20260818,1.503561700881817,14.12537544622754,50
cui_fig6,925f2ab8975505e255f5c37af74d115be38bc302991267f95f440e5f61ce4472,A,4,3,23,36,3,1,16-QAM,em_gs,detection_nmse,0.072281448021515371,0.21684434406454611,,3,,,ok,,,20260818,1.503561700881817,14.12537544622754,50
cui_fig6,925f2ab8975505e255f5c37af74d115be38bc302991267f95f440e5f61ce4472,A,4,3,23,36,3,1,16-QAM,genie_zf,detection_nmse,0.024110102436385599,0.072330307309156794,,3,,,ok,,,20260818,1.503561700881817,14.12537544622754,50
cui_fig6,925f2ab8975505e255f5c37af74d115be38bc302991267f95f440e5f61ce4472,A,4,3,23,36,3,1,16-QAM,cui_crlb,detection_nmse,0.091616955634379146,0.27485086690313743,,3,,,ok,,,20260818,1.503561700881817,14.12537544622754,50
cui_fig6,925f2ab8975505e255f5c37af74d115be38bc302991267f95f440e5f61ce4472,A,4,3,24,36,3,1,16-QAM,biased_gs,detection_nmse,0.22950548877671881,0.6885164663301564,,3,,,ok,,,20260818,1.503561700881817,15.848931924611135,50
cui_fig6,925f2ab8975505e255f5c37af74d115be38bc302991267f95f440e5f61ce4472,A,4,3,24,36,3,1,16-QAM,em_gs,detection_nmse,0.21616136379167031,0.64848409137501095,,3,,,ok,,,20260818,1.503561700881817,15.848931924611135,50
cui_fig6,925f2ab8975505e255f5c37af74d115be38bc302991267f95f440e5f61ce4472,A,4,3,24,36,3,1,16-QAM,genie_zf,detection_nmse,0.12415670255288214,0.37247010765864641,,3,,,ok,,,20260818,1.503561700881817,15.848931924611135,50
cui_fig6,925f2ab8975505e255f5c37af74d115be38bc302991267f95f440e5f61ce4472,A,4,3,24,36,3,1,16-QAM,cui_crlb,detection_nmse,0.097314388348968217,0.29194316504690465,,3,,,ok,,,20260818,1.503561700881817,15.848931924611135,50
cui_fig6,925f2ab8975505e255f5c37af74d115be38bc302991267f95f440e5f61ce4472,A,4,3,25,36,3,1,16-QAM,biased_gs,detection_nmse,0.071285446732922503,0.21385634019876751,,3,,,ok,,,20260818,1.503561700881817,17.782794100389228,50
cui_fig6,925f2ab8975505e255f5c37af74d115be38bc302991267f95f440e5f61ce4472,A,4,3,25,36,3,1,16-QAM,em_gs,detection_nmse,0.066528381527604055,0.19958514458281215,,3,,,ok,,,20260818,1.503561700881817,17.782794100389228,50
cui_fig6,925f2ab8975505e255f5c37af74d115be38bc302991267f95f440e5f61ce4472,A,4,3,25,36,3,1,16-QAM,genie_zf,detection_nmse,0.039689385546229979,0.11906815663868993,,3,,,ok,,,20260818,1.503561700881817,17.782794100389228,50
cui_fig6,925f2ab8975505e255f5c37af74d115be38bc302991267f95f440e5f61ce4472,A,4,3,25,36,3,1,16-QAM,cui_crlb,detection_nmse,0.097392416399604012,0.29217724919881205,,3,,,ok,,,20260818,1.503561700881817,17.782794100389228,50
cui_fig6,925f2ab8975505e255f5c37af74d115be38bc302991267f95f440e5f61ce4472,A,5,3,0,36,3,1,16-QAM,biased_gs,detection_nmse,0.15527039139567153,0.46581117418701457,,3,,,ok,,,20260818,1.503561700881817,1,50
cui_fig6,925f2ab8975505e255f5c37af74d115be38bc302991267f95f440e5f61ce4472,A,5,3,0,36,3,1,16-QAM,em_gs,detection_nmse,0.091421400451336621,0.27426420135400986,,3,,,ok,,,20260818,1.503561700881817,1,50
cui_fig6,925f2ab8975505e255f5c37af74d115be38bc302991267f95f440e5f61ce4472,A,5,3,0,36,3,1,16-QAM,genie_zf,detection_nmse,0.019730364265108567,0.059191092795325702,,3,,,ok,,,20260818,1.503561700881817,1,50
cui_fig6,925f2ab8975505e255f5c37af74d115be38bc302991267f95f440e5f61ce4472,A,5,3,0,36,3,1,16-QAM,cui_crlb,detection_nmse,0.11339088316241264,0.34017264948723791,,3,,,ok,,,20260818,1.503561700881817,1,50
cui_fig6,925f2ab8975505e255f5c37af74d115be38bc302991267f95f440e5f61ce4472,A,5,3,1,36,3,1,16-QAM,biased_gs,detection_nmse,0.23888060035162431,0.71664180105487296,,3,,,ok,,,20260818,1.503561700881817,1.1220184543019636,50
cui_fig6,925f2ab8975505e255f5c37af74d115be38bc302991267f95f440e5f61ce4472,A,5,3,1,36,3,1,16-QAM,em_gs,detection_nmse,0.40822672093077333,1.2246801627923201,,3,,,ok,,,20260818,1.503561700881817,1.1220184543019636,50
cui_fig6,925f2ab8975505e255f5c37af74d115be38bc302991267f95f440e5f61ce4472,A,5,3,1,36,3,1,16-QAM,genie_zf,detection_nmse,0.1943688249208412,0.58310647476252364,,3,,,ok,,,20260818,1.503561700881817,1.1220184543019636,50
cui_fig6,925f2ab8975505e255f5c37af74d115be38bc302991267f95f440e5f61ce4472,A,5,3,1,36,3,1,16-QAM,cui_crlb,detection_nmse,0.13309125342876352,0.39927376028629052,,3,,,ok,,,20260818,1.503561700881817,1.1220184543019636,50
cui_fig6,925f2ab8975505e255f5c37af74d115be38bc302991267f95f440e5f61ce4472,A,5,3,2,36,3,1,16-QAM,biased_gs,detection_nmse,0.087443102926335239,0.26232930877900573,,3,,,ok,,,20260818,1.503561700881817,1.2589254117941673,50
cui_fig6,925f2ab8975505e255f5c37af74d115be38bc302991267f95f440e5f61ce4472,A,5,3,2,36,3,1,16-QAM,em_gs,detection_nmse,0.042546933623154815,0.12764080086946444,,3,,,ok,,,20260818,1.503561700881817,1.2589254117941673,50
cui_fig6,925f2ab8975505e255f5c37af74d115be38bc302991267f95f440e5f61ce4472,A,5,3,2,36,3,1,16-QAM,genie_zf,detection_nmse,0.026156894665983439,0.078470683997950319,,3,,,ok,,,20260818,1.503561700881817,1.2589254117941673,50
cui_fig6,925f2ab8975505e255f5c37af74d115be38bc302991267f95f440e5f61ce4472,A,5,3,2,36,3,1,16-QAM,cui_crlb,detection_nmse,0.10473958174097947,0.31421874522293841,,3,,,ok,,,20260818,1.503561700881817,1.2589254117941673,50
cui_fig6,925f2ab8975505e255f5c37af74d115be38bc302991267f95f440e5f61ce4472,A,5,3,3,36,3,1,16-QAM,biased_gs,detection_nmse,0.35302850542204817,1.0590855162661446,,3,,,ok,,,20260818,1.503561700881817,1.4125375446227546,50
cui_fig6,925f2ab8975505e255f5c37af74d115be38bc302991267f95f440e5f61ce4472,A,5,3,3,36,3,1,16-QAM,em_gs,detection_nmse,0.18193665544302337,0.54580996632907008,,3,,,ok,,,20260818,1.503561700881817,1.4125375446227546,50
cui_fig6,925f2ab8975505e255f5c37af74d115be38bc302991267f95f440e5f61ce4472,A,5,3,3,36,3,1,16-QAM,genie_zf,detection_nmse,0.017572081892856195,0.052716245678568585,,3,,,ok,,,20260818,1.503561700881817,1.4125375446227546,50
cui_fig6,925f2ab8975505e255f5c37af74d115be38bc302991267f95f440e5f61ce4472,A,5,3,3,36,3,1,16-QAM,cui_crlb,detection_nmse,0.10864220900089239,0.32592662700267716,,3,,,ok,,,20260818,1.503561700881817,1.4125375446227546,50
cui_fig6,925f2ab8975505e255f5c37af74d115be38bc302991267f95f440e5f61ce4472,A,5,3,4,36,3,1,16-QAM,biased_gs,detection_nmse,0.26949998249092816,0.80849994747278453,,3,,,ok,,,20260818,1.503561700881817,1.5848931924611132,50
cui_fig6,925f2ab8975505e255f5c37af74d115be38bc302991267f95f440e5f61ce4472,A,5,3,4,36,3,1,16-QAM,em_gs,detection_nmse,0.23413467019552933,0.70240401058658797,,3,,,ok,,,20260818,1.503561700881817,1.5848931924611132,50
cui_fig6,925f2ab8975505e255f5c37af74d115be38bc302991267f95f440e5f61ce4472,A,5,3,4,36,3,1,16-QAM,genie_zf,detection_nmse,0.04194368777779247,0.1258310633333774,,3,,,ok,,,20260818,1.503561700881817,1.5848931924611132,50
cui_fig6,925f2ab8975505e255f5c37af74d115be38bc302991267f95f440e5f61ce4472,A,5,3,4,36,3,1,16-QAM,cui_crlb,detection_nmse,0.1170642782451119,0.35119283473533569,,3,,,ok,,,20260818,1.503561700881817,1.5848931924611132,50
cui_fig6,925f2ab8975505e255f5c37af74d115be38bc302991267f95f440e5f61ce4472,A,5,3,5,36,3,1,16-QAM,biased_gs,detection_nmse,0.065353222854553319,0.19605966856365994,,3,,,ok,,,20260818,1.503561700881817,1.7782794100389228,50
cui_fig6,925f2ab8975505e255f5c37af74d115be38bc302991267f95f440e5f61ce4472,A,5,3,5,36,3,1,16-QAM,em_gs,detection_nmse,0.047973442701999582,0.14392032810599875,,3,,,ok,,,20260818,1.503561700881817,1.7782794100389228,50
cui_fig6,925f2ab8975505e255f5c37af74d115be38bc302991267f95f440e5f61ce4472,A,5,3,5,36,3,1,16-QAM,genie_zf,detection_nmse,0.016868115762419825,0.050604347287259474,,3,,,ok,,,20260818,1.503561700881817,1.7782794100389228,50
cui_fig6,925f2ab8975505e255f5c37af74d115be38bc302991267f95f440e5f61ce4472,A,5,3,5,36,3,1,16-QAM,cui_crlb,detection_nmse,0.10324697890691135,0.30974093672073405,,3,,,ok,,,20260818,1.503561700881817,1.7782794100389228,50
cui_fig6,925f2ab8975505e255f5c37af74d115be38bc302991267f95f440e5f61ce4472,A,5,3,6,36,3,1,16-QAM,biased_gs,detection_nmse,0.16047438905959108,0.4814231671787732,,3,,,ok,,,20260818,1.503561700881817,1.9952623149688797,50
cui_fig6,925f2ab8975505e255f5c37af74d115be38bc302991267f95f440e5f61ce4472,A,5,3,6,36,3,1,16-QAM,em_gs,detection_nmse,0.13131594660458459,0.39394783981375381,,3,,,ok,,,20260818,1.503561700881817,1.9952623149688797,50
cui_fig6,925f2ab8975505e255f5c37af74d115be38bc302991267f95f440e5f61ce4472,A,5,3,6,36,3,1,16-QAM,genie_zf,detection_nmse,0.066494371713488057,0.19948311514046418,,3,,,ok,,,20260818,1.503561700881817,1.9952623149688797,50
cui_fig6,925f2ab8975505e255f5c37af74d115be38bc302991267f95f440e5f61ce4472,A,5,3,6,36,3,1,16-QAM,cui_crlb,detection_nmse,0.10358307767805952,0.31074923303417856,,3,,,ok,,,20260818,1.503561700881817,1.9952623149688797,50
cui_fig6,925f2ab8975505e255f5c37af74d115be38bc302991267f95f440e5f61ce4472,A,5,3,7,36,3,1,16-QAM,biased_gs,detection_nmse,0.075076775948012694,0.2252303278440381,,3,,,ok,,,20260818,1.503561700881817,2.2387211385683394,50
cui_fig6,925f2ab8975505e255f5c37af74d115be38bc302991267f95f440e5f61ce4472,A,5,3,7,36,3,1,16-QAM,em_gs,detection_nmse,0.039334324769858674,0.11800297430957603,,3,,,ok,,,20260818,1.503561700881817,2.2387211385683394,50
cui_fig6,925f2ab8975505e255f5c37af74d115be38bc302991267f95f440e5f61ce4472,A,5,3,7,36,3,1,16-QAM,genie_zf,detection_nmse,0.028328216944708291,0.084984650834124875,,3,,,ok,,,20260818,1.503561700881817,2.2387211385683394,50
cui_fig6,925f2ab8975505e255f5c37af74d115be38bc302991267f95f440e5f61ce4472,A,5,3,7,36,3,1,16-QAM,cui_crlb,detection_nmse,0.10664133424157728,0.31992400272473182,,3,,,ok,,,20260818,1.503561700881817,2.2387211385683394,50
cui_fig6,925f2ab8975505e255f5c37af74d115be38bc302991267f95f440e5f61ce4472,A,5,3,8,36,3,1,16-QAM,biased_gs,detection_nmse,0.077054148518870616,0.23116244555661186,,3,,,ok,,,20260818,1.503561700881817,2.5118864315095806,50
cui_fig6,925f2ab8975505e255f5c37af74d115be38bc302991267f95f440e5f61ce4472,A,5,3,8,36,3,1,16-QAM,em_gs,detection_nmse,0.075624775695780591,0.22687432708734179,,3,,,ok,,,20260818,1.503561700881817,2.5118864315095806,50
cui_fig6,925f2ab8975505e255f5c37af74d115be38bc302991267f95f440e5f61ce4472,A,5,3,8,36,3,1,16-QAM,genie_zf,detection_nmse,0.028905142263666406,0.086715426790999223,,3,,,ok,,,20260818,1.503561700881817,2.5118864315095806,50
cui_fig6,925f2ab8975505e255f5c37af74d115be38bc302991267f95f440e5f61ce4472,A,5,3,8,36,3,1,16-QAM,cui_crlb,detection_nmse,0.098910992772880638,0.29673297831864193,,3,,,ok,,,20260818,1.503561700881817,2.5118864315095806,50
cui_fig6,925f2ab8975505e255f5c37af74d115be38bc302991267f95f440e5f61ce4472,A,5,3,9,36,3,1,16-QAM,biased_gs,detection_nmse,0.054498226309977173,0.16349467892993153,,3,,,ok,,,20260818,1.503561700881817,2.8183829312644537,50
cui_fig6,925f2ab8975505e255f5c37af74d115be38bc302991267f95f440e5f61ce4472,A,5,3,9,36,3,1,16-QAM,em_gs,detection_nmse,0.0376258019213059,0.11287740576391769,,3,,,ok,,,20260818,1.503561700881817,2.8183829312644537,50
cui_fig6,925f2ab8975505e255f5c37af74d115be38bc302991267f95f440e5f61ce4472,A,5,3,9,36,3,1,16-QAM,genie_zf,detection_nmse,0.04031250452266736,0.12093751356800209,,3,,,ok,,,20260818,1.503561700881817,2.8183829312644537,50
cui_fig6,925f2ab8975505e255f5c37af74d115be38bc302991267f95f440e5f61ce4472,A,5,3,9,36,3,1,16-QAM,cui_crlb,detection_nmse,0.10102223814268425,0.30306671442805277,,3,,,ok,,,20260818,1.503561700881817,2.8183829312644537,50
cui_fig6,925f2ab8975505e255f5c37af74d115be38bc302991267f95f440e5f61ce4472,A,5,3,10,36,3,1,16-QAM,biased_gs,detection_nmse,0.18039603727478995,0.54118811182436988,,3,,,ok,,,20260818,1.503561700881817,3.1622776601683791,50
cui_fig6,925f2ab8975505e255f5c37af74d115be38bc302991267f95f440e5f61ce4472,A,5,3,10,36,3,1,16-QAM,em_gs,detection_nmse,0.14616038242289447,0.43848114726868342,,3,,,ok,,,20260818,1.503561700881817,3.1622776601683791,50
cui_fig6,925f2ab8975505e255f5c37af74d115be38bc302991267f95f440e5f61ce4472,A,5,3,10,36,3,1,16-QAM,genie_zf,detection_nmse,0.021796370028471148,0.06538911008541344,,3,,,ok,,,20260818,1.503561700881817,3.1622776601683791,50
cui_fig6,925f2ab8975505e255f5c37af74d115be38bc302991267f95f440e5f61ce4472,A,5,3,10,36,3,1,16-QAM,cui_crlb,detection_nmse,0.091566521136394088,0.27469956340918228,,3,,,ok,,,20260818,1.503561700881817,3.1622776601683791,50
cui_fig6,925f2ab8975505e255f5c37af74d115be38bc302991267f95f440e5f61ce4472,A,5,3,11,36,3,1,16-QAM,biased_gs,detection_nmse,0.11501542827200717,0.34504628481602151,,3,,,ok,,,20260818,1.503561700881817,3.5481338923357546,50
cui_fig6,925f2ab8975505e255f5c37af74d115be38bc302991267f95f440e5f61ce4472,A,5,3,11,36,3,1,16-QAM,em_gs,detection_nmse,0.091774814525935722,0.27532444357780717,,3,,,ok,,,20260818,1.503561700881817,3.5481338923357546,50
cui_fig6,925f2ab8975505e255f5c37af74d115be38bc302991267f95f440e5f61ce4472,A,5,3,11,36,3,1,16-QAM,genie_zf,detection_nmse,0.027858511253627538,0.083575533760882614,,3,,,ok,,,20260818,1.503561700881817,3.5481338923357546,50
cui_fig6,925f2ab8975505e255f5c37af74d115be38bc302991267f95f440e5f61ce4472,A,5,3,11,36,3,1,16-QAM,cui_crlb,detection_nmse,0.095317111364405668,0.28595133409321699,,3,,,ok,,,20260818,1.503561700881817,3.5481338923357546,50
cui_fig6,925f2ab8975505e255f5c37af74d115be38bc302991267f95f440e5f61ce4472,A,5,3,12,36,3,1,16-QAM,biased_gs,detection_nmse,0.068700999979495012,0.20610299993848505,,3,,,ok,,,20260818,1.503561700881817,3.9810717055349727,50
cui_fig6,925f2ab8975505e255f5c37af74d115be38bc302991267f95f440e5f61ce4472,A,5,3,12,36,3,1,16-QAM,em_gs,detection_nmse,0.059167329462976447,0.17750198838892933,,3,,,ok,,,20260818,1.503561700881817,3.9810717055349727,50
cui_fig6,925f2ab8975505e255f5c37af74d115be38bc302991267f95f440e5f61ce4472,A,5,3,12,36,3,1,16-QAM,genie_zf,detection_nmse,0.030639679083335036,0.091919037250005109,,3,,,ok,,,20260818,1.503561700881817,3.9810717055349727,50
cui_fig6,925f2ab8975505e255f5c37af74d115be38bc302991267f95f440e5f61ce4472,A,5,3,12,36,3,1,16-QAM,cui_crlb,detection_nmse,0.095398971254152087,0.28619691376245626,,3,,,ok,,,20260818,1.503561700881817,3.9810717055349727,50
cui_fig6,925f2ab8975505e255f5c37af74d115be38bc302991267f95f440e5f61ce4472,A,5,3,13,36,3,1,16-QAM,biased_gs,detection_nmse,0.15454417916039725,0.46363253748119176,,3,,,ok,,,20260818,1.503561700881817,4.4668359215096309,50
cui_fig6,925f2ab8975505e255f5c37af74d115be38bc302991267f95f440e5f61ce4472,A,5,3,13,36,3,1,16-QAM,em_gs,detection_nmse,0.16941942885693742,0.50825828657081229,,3,,,ok,,,20260818,1.503561700881817,4.4668359215096309,50
cui_fig6,925f2ab8975505e255f5c37af74d115be38bc302991267f95f440e5f61ce4472,A,5,3,13,36,3,1,16-QAM,genie_zf,detection_nmse,0.047137107956528507,0.14141132386958552,,3,,,ok,,,20260818,1.503561700881817,4.4668359215096309,50
cui_fig6,925f2ab8975505e255f5c37af74d115be38bc302991267f95f440e5f61ce4472,A,5,3,13,36,3,1,16-QAM,cui_crlb,detection_nmse,0.098237287826888772,0.2947118634806663,,3,,,ok,,,20260818,1.503561700881817,4.4668359215096309,50
cui_fig6,925f2ab8975505e255f5c37af74d115be38bc302991267f95f440e5f61ce4472,A,5,3,14,36,3,1,16-QAM,biased_gs,detection_nmse,0.17412118076129757,0.5223635422838927,,3,,,ok,,,20260818,1.503561700881817,5.011872336272722,50
cui_fig6,925f2ab8975505e255f5c37af74d115be38bc302991267f95f440e5f61ce4472,A,5,3,14,36,3,1,16-QAM,em_gs,detection_nmse,0.11556565105332083,0.34669695315996246,,3,,,ok,,,20260818,1.503561700881817,5.011872336272722,50
cui_fig6,925f2ab8975505e255f5c37af74d115be38bc302991267f95f440e5f61ce4472,A,5,3,14,36,3,1,16-QAM,genie_zf,detection_nmse,0.066468095153000964,0.19940428545900288,,3,,,ok,,,20260818,1.503561700881817,5.011872336272722,50
cui_fig6,925f2ab8975505e255f5c37af74d115be38bc302991267f95f440e5f61ce4472,A,5,3,14,36,3,1,16-QAM,cui_crlb,detection_nmse,0.092897889153587584,0.27869366746076274,,3,,,ok,,,20260818,1.503561700881817,5.011872336272722,50
cui_fig6,925f2ab8975505e255f5c37af74d115be38bc302991267f95f440e5f61ce4472,A,5,3,15,36,3,1,16-QAM,biased_gs,detection_nmse,0.21337314183744185,0.64011942551232559,,3,,,ok,,,20260818,1.503561700881817,5.6234132519034912,50
cui_fig6,925f2ab8975505e255f5c37af74d115be38bc302991267f95f440e5f61ce4472,A,5,3,15,36,3,1,16-QAM,em_gs,detection_nmse,0.19932963378000071,0.59798890134000215,,3,,,ok,,,20260818,1.503561700881817,5.6234132519034912,50
cui_fig6,925f2ab8975505e255f5c37af74d115be38bc302991267f95f440e5f61ce4472,A,5,3,15,36,3,1,16-QAM,genie_zf,detection_nmse,0.057637667909206498,0.1729130037276195,,3,,,ok,,,20260818,1.503561700881817,5.6234132519034912,50
cui_fig6,925f2ab8975505e255f5c37af74d115be38bc302991267f95f440e5f61ce4472,A,5,3,15,36,3,1,16-QAM,cui_crlb,detection_nmse,0.09640559651561649,0.28921678954684948,,3,,,ok,,,20260818,1.503561700881817,5.6234132519034912,50
cui_fig6,925f2ab8975505e255f5c37af74d115be38bc302991267f95f440e5f61ce4472,A,5,3,16,36,3,1,16-QAM,biased_gs,detection_nmse,0.25005610550159413,0.75016831650478233,,3,,,ok,,,20260818,1.503561700881817,6.3095734448019325,50
cui_fig6,925f2ab8975505e255f5c37af74d115be38bc302991267f95f440e5f61ce4472,A,5,3,16,36,3,1,16-QAM,em_gs,detection_nmse,0.23986593970088765,0.71959781910266296,,3,,,ok,,,20260818,1.503561700881817,6.3095734448019325,50
cui_fig6,925f2ab8975505e255f5c37af74d115be38bc302991267f95f440e5f61ce4472,A,5,3,16,36,3,1,16-QAM,genie_zf,detection_nmse,0.044250449645750763,0.13275134893725229,,3,,,ok,,,20260818,1.503561700881817,6.3095734448019325,50
cui_fig6,925f2ab8975505e255f5c37af74d115be38bc302991267f95f440e5f61ce4472,A,5,3,16,36,3,1,16-QAM,cui_crlb,detection_nmse,0.09082391199360447,0.27247173598081342,,3,,,ok,,,20260818,1.503561700881817,6.3095734448019325,50
cui_fig6,925f2ab8975505e255f5c37af74d115be38bc302991267f95f440e5f61ce4472,A,5,3,17,36,3,1,16-QAM,biased_gs,detection_nmse,0.32677285856768096,0.98031857570304282,,3,,,ok,,,20260818,1.503561700881817,7.0794578438413787,50
cui_fig6,925f2ab8975505e255f5c37af74d115be38bc302991267f95f440e5f61ce4472,A,5,3,17,36,3,1,16-QAM,em_gs,detection_nmse,0.30841657341243972,0.92524972023731911,,3,,,ok,,,20260818,1.503561700881817,7.0794578438413787,50
cui_fig6,925f2ab8975505e255f5c37af74d115be38bc302991267f95f440e5f61ce4472,A,5,3,17,36,3,1,16-QAM,genie_zf,detection_nmse,0.060037270414091487,0.18011181124227446,,3,,,ok,,,20260818,1.503561700881817,7.0794578438413787,50
cui_fig6,925f2ab8975505e255f5c37af74d115be38bc302991267f95f440e5f61ce4472,A,5,3,17,36,3,1,16-QAM,cui_crlb,detection_nmse,0.090869648276998782,0.27260894483099635,,3,,,ok,,,20260818,1.503561700881817,7.0794578438413787,50
cui_fig6,925f2ab8975505e255f5c37af74d115be38bc302991267f95f440e5f61ce4472,A,5,3,18,36,3,1,16-QAM,biased_gs,detection_nmse,0.19042429166028604,0.5712728749808581,,3,,,ok,,,20260818,1.503561700881817,7.9432823472428149,50
cui_fig6,925f2ab8975505e255f5c37af74d115be38bc302991267f95f440e5f61ce4472,A,5,3,18,36,3,1,16-QAM,em_gs,detection_nmse,0.18499350729541852,0.55498052188625557,,3,,,ok,,,20260818,1.503561700881817,7.9432823472428149,50
cui_fig6,925f2ab8975505e255f5c37af74d115be38bc302991267f95f440e5f61ce4472,A,5,3,18,36,3,1,16-QAM,genie_zf,detection_nmse,0.054671245942850055,0.16401373782855017,,3,,,ok,,,20260818,1.503561700881817,7.9432823472428149,50
cui_fig6,925f2ab8975505e255f5c37af74d115be38bc302991267f95f440e5f61ce4472,A,5,3,18,36,3,1,16-QAM,cui_crlb,detection_nmse,0.10392126443957549,0.31176379331872645,,3,,,ok,,,20260818,1.503561700881817,7.9432823472428149,50
cui_fig6,925f2ab8975505e255f5c37af74d115be38bc302991267f95f440e5f61ce4472,A,5,3,19,36,3,1,16-QAM,biased_gs,detection_nmse,0.093805589987736401,0.28141676996320919,,3,,,ok,,,20260818,1.503561700881817,8.9125093813374541,50
cui_fig6,925f2ab8975505e255f5c37af74d115be38bc302991267f95f440e5f61ce4472,A,5,3,19,36,3,1,16-QAM,em_gs,detection_nmse,0.073041700035702206,0.21912510010710662,,3,,,ok,,,20260818,1.503561700881817,8.9125093813374541,50
cui_fig6,925f2ab8975505e255f5c37af74d115be38bc302991267f95f440e5f61ce4472,A,5,3,19,36,3,1,16-QAM,genie_zf,detection_nmse,0.0064228230367460093,0.019268469110238027,,3,,,ok,,,20260818,1.503561700881817,8.9125093813374541,50
cui_fig6,925f2ab8975505e255f5c37af74d115be38bc302991267f95f440e5f61ce4472,A,5,3,19,36,3,1,16-QAM,cui_crlb,detection_nmse,0.090288371801086231,0.27086511540325869,,3,,,ok,,,20260818,1.503561700881817,8.9125093813374541,50
cui_fig6,925f2ab8975505e255f5c37af74d115be38bc302991267f95f440e5f61ce4472,A,5,3,20,36,3,1,16-QAM,biased_gs,detection_nmse,0.12386652855936447,0.37159958567809342,,3,,,ok,,,20260818,1.503561700881817,9.9999999999999982,50
cui_fig6,925f2ab8975505e255f5c37af74d115be38bc302991267f95f440e5f61ce4472,A,5,3,20,36,3,1,16-QAM,em_gs,detection_nmse,0.10437526344123187,0.31312579032369559,,3,,,ok,,,20260818,1.503561700881817,9.9999999999999982,50
cui_fig6,925f2ab8975505e255f5c37af74d115be38bc302991267f95f440e5f61ce4472,A,5,3,20,36,3,1,16-QAM,genie_zf,detection_nmse,0.031916934798757346,0.095750804396272038,,3,,,ok,,,20260818,1.503561700881817,9.9999999999999982,50
cui_fig6,925f2ab8975505e255f5c37af74d115be38bc302991267f95f440e5f61ce4472,A,5,3,20,36,3,1,16-QAM,cui_crlb,detection_nmse,0.097223499135848976,0.29167049740754691,,3,,,ok,,,20260818,1.503561700881817,9.9999999999999982,50
cui_fig6,925f2ab8975505e255f5c37af74d115be38bc302991267f95f440e5f61ce4472,A,5,3,21,36,3,1,16-QAM,biased_gs,detection_nmse,0.046404272413128604,0.13921281723938581,,3,,,ok,,,20260818,1.503561700881817,11.220184543019634,50
cui_fig6,925f2ab8975505e255f5c37af74d115be38bc302991267f95f440e5f61ce4472,A,5,3,21,36,3,1,16-QAM,em_gs,detection_nmse,0.049684066842669787,0.14905220052800935,,3,,,ok,,,20260818,1.503561700881817,11.220184543019634,50
cui_fig6,925f2ab8975505e255f5c37af74d115be38bc302991267f95f440e5f61ce4472,A,5,3,21,36,3,1,16-QAM,genie_zf,detection_nmse,0.052035446462688151,0.15610633938806445,,3,,,ok,,,20260818,1.503561700881817,11.220184543019634,50
cui_fig6,925f2ab8975505e255f5c37af74d115be38bc302991267f95f440e5f61ce4472,A,5,3,21,36,3,1,16-QAM,cui_crlb,detection_nmse,0.094550922612765279,0.28365276783829585,,3,,,ok,,,20260818,1.503561700881817,11.220184543019634,50
cui_fig6,925f2ab8975505e255f5c37af74d115be38bc302991267f95f440e5f61ce4472,A,5,3,22,36,3,1,16-QAM,biased_gs,detection_nmse,0.070615654978795503,0.21184696493638652,,3,,,ok,,,20260818,1.503561700881817,12.589254117941675,50
cui_fig6,925f2ab8975505e255f5c37af74d115be38bc302991267f95f440e5f61ce4472,A,5,3,22,36,3,1,16-QAM,em_gs,detection_nmse,0.069668438708168454,0.20900531612450537,,3,,,ok,,,20260818,1.503561700881817,12.589254117941675,50
cui_fig6,925f2ab8975505e255f5c37af74d115be38bc302991267f95f440e5f61ce4472,A,5,3,22,36,3,1,16-QAM,genie_zf,detection_nmse,0.026571081285154122,0.079713243855462371,,3,,,ok,,,20260818,1.503561700881817,12.589254117941675,50
cui_fig6,925f2ab8975505e255f5c37af74d115be38bc302991267f95f440e5f61ce4472,A,5,3,22,36,3,1,16-QAM,cui_crlb,detection_nmse,0.085876362529540451,0.25762908758862135,,3,,,ok,,,20260818,1.503561700881817,12.589254117941675,50
cui_fig6,925f2ab8975505e255f5c37af74d115be38bc302991267f95f440e5f61ce4472,A,5,3,23,36,3,1,16-QAM,biased_gs,detection_nmse,0.070006716836500726,0.21002015050950218,,3,,,ok,,,20260818,1.503561700881817,14.125375446227542,50
cui_fig6,925f2ab8975505e255f5c37af74d115be38bc302991267f95f440e5f61ce4472,A,5,3,23,36,3,1,16-QAM,em_gs,detection_nmse,0.06892169662383324,0.20676508987149972,,3,,,ok,,,20260818,1.503561700881817,14.125375446227542,50
cui_fig6,925f2ab8975505e255f5c37af74d115be38bc302991267f95f440e5f61ce4472,A,5,3,23,36,3,1,16-QAM,genie_zf,detection_nmse,0.0092205097125802153,0.027661529137740646,,3,,,ok,,,20260818,1.503561700881817,14.125375446227542,50
cui_fig6,925f2ab8975505e255f5c37af74d115be38bc302991267f95f440e5f61ce4472,A,5,3,23,36,3,1,16-QAM,cui_crlb,detection_nmse,0.097489099260974002,0.29246729778292202,,3,,,ok,,,20260818,1.503561700881817,14.125375446227542,50
cui_fig6,925f2ab8975505e255f5c37af74d115be38bc302991267f95f440e5f61ce4472,A,5,3,24,36,3,1,16-QAM,biased_gs,detection_nmse,0.12502325983856669,0.37506977951570003,,3,,,ok,,,20260818,1.503561700881817,15.848931924611133,50
cui_fig6,925f2ab8975505e255f5c37af74d115be38bc302991267f95f440e5f61ce4472,A,5,3,24,36,3,1,16-QAM,em_gs,detection_nmse,0.12788684225933469,0.38366052677800411,,3,,,ok,,,20260818,1.503561700881817,15.848931924611133,50
cui_fig6,925f2ab8975505e255f5c37af74d115be38bc302991267f95f440e5f61ce4472,A,5,3,24,36,3,1,16-QAM,genie_zf,detection_nmse,0.066739377395087826,0.20021813218526346,,3,,,ok,,,20260818,1.503561700881817,15.848931924611133,50
cui_fig6,925f2ab8975505e255f5c37af74d115be38bc302991267f95f440e5f61ce4472,A,5,3,24,36,3,1,16-QAM,cui_crlb,detection_nmse,0.087828550344520695,0.26348565103356208,,3,,,ok,,,20260818,1.503561700881817,15.848931924611133,50
cui_fig6,925f2ab8975505e255f5c37af74d115be38bc302991267f95f440e5f61ce4472,A,5,3,25,36,3,1,16-QAM,biased_gs,detection_nmse,0.080097525703711439,0.24029257711113433,,3,,,ok,,,20260818,1.503561700881817,17.782794100389232,50
cui_fig6,925f2ab8975505e255f5c37af74d115be38bc302991267f95f440e5f61ce4472,A,5,3,25,36,3,1,16-QAM,em_gs,detection_nmse,0.081740195206226274,0.24522058561867882,,3,,,ok,,,20260818,1.503561700881817,17.782794100389232,50
cui_fig6,925f2ab8975505e255f5c37af74d115be38bc302991267f95f440e5f61ce4472,A,5,3,25,36,3,1,16-QAM,genie_zf,detection_nmse,0.016684067932723465,0.050052203798170394,,3,,,ok,,,20260818,1.503561700881817,17.782794100389232,50
cui_fig6,925f2ab8975505e255f5c37af74d115be38bc302991267f95f440e5f61ce4472,A,5,3,25,36,3,1,16-QAM,cui_crlb,detection_nmse,0.08982388475639437,0.26947165426918313,,3,,,ok,,,20260818,1.503561700881817,17.782794100389232,50
cui_fig6,925f2ab8975505e255f5c37af74d115be38bc302991267f95f440e5f61ce4472,A,6,3,0,36,3,1,16-QAM,biased_gs,detection_nmse,0.1037111027527763,0.31113330825832891,,3,,,ok,,,20260818,1.503561700881817,0.99999999999999989,50
cui_fig6,925f2ab8975505e255f5c37af74d115be38bc302991267f95f440e5f61ce4472,A,6,3,0,36,3,1,16-QAM,em_gs,detection_nmse,0.17353178666025557,0.52059535998076667,,3,,,ok,,,20260818,1.503561700881817,0.99999999999999989,50
cui_fig6,925f2ab8975505e255f5c37af74d115be38bc302991267f95f440e5f61ce4472,A,6,3,0,36,3,1,16-QAM,genie_zf,detection_nmse,0.032200977801530632,0.09660293340459189,,3,,,ok,,,20260818,1.503561700881817,0.99999999999999989,50
cui_fig6,925f2ab8975505e255f5c37af74d115be38bc302991267f95f440e5f61ce4472,A,6,3,0,36,3,1,16-QAM,cui_crlb,detection_nmse,0.10538090939152432,0.31614272817457295,,3,,,ok,,,20260818,1.503561700881817,0.99999999999999989,50
cui_fig6,925f2ab8975505e255f5c37af74d115be38bc302991267f95f440e5f61ce4472,A,6,3,1,36,3,1,16-QAM,biased_gs,detection_nmse,1.3158052654196239,3.9474157962588716,,3,,,ok,,,20260818,1.503561700881817,1.1220184543019633,50
cui_fig6,925f2ab8975505e255f5c37af74d115be38bc302991267f95f440e5f61ce4472,A,6,3,1,36,3,1,16-QAM,em_gs,detection_nmse,0.60025201326421695,1.8007560397926508,,3,,,ok,,,20260818,1.503561700881817,1.1220184543019633,50
cui_fig6,925f2ab8975505e255f5c37af74d115be38bc302991267f95f440e5f61ce4472,A,6,3,1,36,3,1,16-QAM,genie_zf,detection_nmse,0.017528432876809722,0.05258529863042917,,3,,,ok,,,20260818,1.503561700881817,1.1220184543019633,50
cui_fig6,925f2ab8975505e255f5c37af74d115be38bc302991267f95f440e5f61ce4472,A,6,3,1,36,3,1,16-QAM,cui_crlb,detection_nmse,0.10268096551102246,0.30804289653306738,,3,,,ok,,,20260818,1.503561700881817,1.1220184543019633,50
cui_fig6,925f2ab8975505e255f5c37af74d115be38bc302991267f95f440e5f61ce4472,A,6,3,2,36,3,1,16-QAM,biased_gs,detection_nmse,0.36005229728485938,1.0801568918545781,,3,,,ok,,,20260818,1.503561700881817,1.2589254117941673,50
cui_fig6,925f2ab8975505e255f5c37af74d115be38bc302991267f95f440e5f61ce4472,A,6,3,2,36,3,1,16-QAM,em_gs,detection_nmse,0.22006439437753658,0.66019318313260977,,3,,,ok,,,20260818,1.503561700881817,1.2589254117941673,50
cui_fig6,925f2ab8975505e255f5c37af74d115be38bc302991267f95f440e5f61ce4472,A,6,3,2,36,3,1,16-QAM,genie_zf,detection_nmse,0.042183503132292556,0.12655050939687768,,3,,,ok,,,20260818,1.503561700881817,1.2589254117941673,50
cui_fig6,925f2ab8975505e255f5c37af74d115be38bc302991267f95f440e5f61ce4472,A,6,3,2,36,3,1,16-QAM,cui_crlb,detection_nmse,0.10956781557641006,0.32870344672923019,,3,,,ok,,,20260818,1.503561700881817,1.2589254117941673,50
cui_fig6,925f2ab8975505e255f5c37af74d115be38bc302991267f95f440e5f61ce4472,A,6,3,3,36,3,1,16-QAM,biased_gs,detection_nmse,0.39799215030082985,1.1939764509024895,,3,,,ok,,,20260818,1.503561700881817,1.4125375446227544,50
cui_fig6,925f2ab8975505e255f5c37af74d115be38bc302991267f95f440e5f61ce4472,A,6,3,3,36,3,1,16-QAM,em_gs,detection_nmse,0.16091516917886625,0.48274550753659878,,3,,,ok,,,20260818,1.503561700881817,1.4125375446227544,50
cui_fig6,925f2ab8975505e255f5c37af74d115be38bc302991267f95f440e5f61ce4472,A,6,3,3,36,3,1,16-QAM,genie_zf,detection_nmse,0.067384195441482539,0.2021525863244476,,3,,,ok,,,20260818,1.503561700881817,1.4125375446227544,50
cui_fig6,925f2ab8975505e255f5c37af74d115be38bc302991267f95f440e5f61ce4472,A,6,3,3,36,3,1,16-QAM,cui_crlb,detection_nmse,0.11441288776669274,0.34323866330007824,,3,,,ok,,,20260818,1.503561700881817,1.4125375446227544,50
cui_fig6,925f2ab8975505e255f5c37af74d115be38bc302991267f95f440e5f61ce4472,A,6,3,4,36,3,1,16-QAM,biased_gs,detection_nmse,0.26986577008267482,0.8095973102480245,,3,,,ok,,,20260818,1.503561700881817,1.5848931924611136,50
cui_fig6,925f2ab8975505e255f5c37af74d115be38bc302991267f95f440e5f61ce4472,A,6,3,4,36,3,1,16-QAM,em_gs,detection_nmse,0.28473213682774395,0.8541964104832318,,3,,,ok,,,20260818,1.503561700881817,1.5848931924611136,50
cui_fig6,925f2ab8975505e255f5c37af74d115be38bc302991267f95f440e5f61ce4472,A,6,3,4,36,3,1,16-QAM,genie_zf,detection_nmse,0.067457677519435225,0.20237303255830569,,3,,,ok,,,20260818,1.503561700881817,1.5848931924611136,50
cui_fig6,925f2ab8975505e255f5c37af74d115be38bc302991267f95f440e5f61ce4472,A,6,3,4,36,3,1,16-QAM,cui_crlb,detection_nmse,0.1094865818568251,0.3284597455704753,,3,,,ok,,,20260818,1.503561700881817,1.5848931924611136,50
cui_fig6,925f2ab8975505e255f5c37af74d115be38bc302991267f95f440e5f61ce4472,A,6,3,5,36,3,1,16-QAM,biased_gs,detection_nmse,0.11087043833958073,0.33261131501874219,,3,,,ok,,,20260818,1.503561700881817,1.778279410038923,50
cui_fig6,925f2ab8975505e255f5c37af74d115be38bc302991267f95f440e5f61ce4472,A,6,3,5,36,3,1,16-QAM,em_gs,detection_nmse,0.10355925849453269,0.3106777754835981,,3,,,ok,,,20260818,1.503561700881817,1.778279410038923,50
cui_fig6,925f2ab8975505e255f5c37af74d115be38bc302991267f95f440e5f61ce4472,A,6,3,5,36,3,1,16-QAM,genie_zf,detection_nmse,0.10011752343218801,0.30035257029656404,,3,,,ok,,,20260818,1.503561700881817,1.778279410038923,50
cui_fig6,925f2ab8975505e255f5c37af74d115be38bc302991267f95f440e5f61ce4472,A,6,3,5,36,3,1,16-QAM,cui_crlb,detection_nmse,0.10634495443845822,0.31903486331537467,,3,,,ok,,,20260818,1.503561700881817,1.778279410038923,50
cui_fig6,925f2ab8975505e255f5c37af74d115be38bc302991267f95f440e5f61ce4472,A,6,3,6,36,3,1,16-QAM,biased_gs,detection_nmse,0.14540890638024764,0.43622671914074296,,3,,,ok,,,20260818,1.503561700881817,1.9952623149688793,50
cui_fig6,925f2ab8975505e255f5c37af74d115be38bc302991267f95f440e5f61ce4472,A,6,3,6,36,3,1,16-QAM,em_gs,detection_nmse,0.083761704657114952,0.25128511397134484,,3,,,ok,,,20260818,1.503561700881817,1.9952623149688793,50
cui_fig6,925f2ab8975505e255f5c37af74d115be38bc302991267f95f440e5f61ce4472,A,6,3,6,36,3,1,16-QAM,genie_zf,detection_nmse,0.038439149976074637,0.1153174499282239,,3,,,ok,,,20260818,1.503561700881817,1.9952623149688793,50
cui_fig6,925f2ab8975505e255f5c37af74d115be38bc302991267f95f440e5f61ce4472,A,6,3,6,36,3,1,16-QAM,cui_crlb,detection_nmse,0.10974629383844399,0.32923888151533198,,3,,,ok,,,20260818,1.503561700881817,1.9952623149688793,50
cui_fig6,925f2ab8975505e255f5c37af74d115be38bc302991267f95f440e5f61ce4472,A,6,3,7,36,3,1,16-QAM,biased_gs,detection_nmse,0.33674099775629357,1.0102229932688807,,3,,,ok,,,20260818,1.503561700881817,2.238721138568339,50
cui_fig6,925f2ab8975505e255f5c37af74d115be38bc302991267f95f440e5f61ce4472,A,6,3,7,36,3,1,16-QAM,em_gs,detection_nmse,0.21153736992371749,0.63461210977115246,,3,,,ok,,,20260818,1.503561700881817,2.238721138568339,50
cui_fig6,925f2ab8975505e255f5c37af74d115be38bc302991267f95f440e5f61ce4472,A,6,3,7,36,3,1,16-QAM,genie_zf,detection_nmse,0.043392118716789906,0.13017635615036971,,3,,,ok,,,20260818,1.503561700881817,2.238721138568339,50
cui_fig6,925f2ab8975505e255f5c37af74d115be38bc302991267f95f440e5f61ce4472,A,6,3,7,36,3,1,16-QAM,cui_crlb,detection_nmse,0.10035840492571509,0.30107521477714527,,3,,,ok,,,20260818,1.503561700881817,2.238721138568339,50
cui_fig6,925f2ab8975505e255f5c37af74d115be38bc302991267f95f440e5f61ce4472,A,6,3,8,36,3,1,16-QAM,biased_gs,detection_nmse,0.1055602831278255,0.31668084938347651,,3,,,ok,,,20260818,1.503561700881817,2.5118864315095801,50
cui_fig6,925f2ab8975505e255f5c37af74d115be38bc302991267f95f440e5f61ce4472,A,6,3,8,36,3,1,16-QAM,em_gs,detection_nmse,0.086012791602631464,0.25803837480789438,,3,,,ok,,,20260818,1.503561700881817,2.5118864315095801,50
cui_fig6,925f2ab8975505e255f5c37af74d115be38bc302991267f95f440e5f61ce4472,A,6,3,8,36,3,1,16-QAM,genie_zf,detection_nmse,0.021601988283314347,0.06480596484994304,,3,,,ok,,,20260818,1.503561700881817,2.5118864315095801,50
cui_fig6,925f2ab8975505e255f5c37af74d115be38bc302991267f95f440e5f61ce4472,A,6,3,8,36,3,1,16-QAM,cui_crlb,detection_nmse,0.10367321850477906,0.31101965551433719,,3,,,ok,,,20260818,1.503561700881817,2.5118864315095801,50
cui_fig6,925f2ab8975505e255f5c37af74d115be38bc302991267f95f440e5f61ce4472,A,6,3,9,36,3,1,16-QAM,biased_gs,detection_nmse,0.21595973354775033,0.647879200643251,,3,,,ok,,,20260818,1.503561700881817,2.8183829312644542,50
cui_fig6,925f2ab8975505e255f5c37af74d115be38bc302991267f95f440e5f61ce4472,A,6,3,9,36,3,1,16-QAM,em_gs,detection_nmse,0.16395591858545103,0.49186775575635311,,3,,,ok,,,20260818,1.503561700881817,2.8183829312644542,50
cui_fig6,925f2ab8975505e255f5c37af74d115be38bc302991267f95f440e5f61ce4472,A,6,3,9,36,3,1,16-QAM,genie_zf,detection_nmse,0.12435207828679162,0.37305623486037487,,3,,,ok,,,20260818,1.503561700881817,2.8183829312644542,50
cui_fig6,925f2ab8975505e255f5c37af74d115be38bc302991267f95f440e5f61ce4472,A,6,3,9,36,3,1,16-QAM,cui_crlb,detection_nmse,0.10029549696313141,0.30088649088939423,,3,,,ok,,,20260818,1.503561700881817,2.8183829312644542,50
cui_fig6,925f2ab8975505e255f5c37af74d115be38bc302991267f95f440e5f61ce4472,A,6,3,10,36,3,1,16-QAM,biased_gs,detection_nmse,0.30891773394147443,0.92675320182442333,,3,,,ok,,,20260818,1.503561700881817,3.1622776601683786,50
cui_fig6,925f2ab8975505e255f5c37af74d115be38bc302991267f95f440e5f61ce4472,A,6,3,10,36,3,1,16-QAM,em_gs,detection_nmse,0.24042788774830801,0.72128366324492399,,3,,,ok,,,20260818,1.503561700881817,3.1622776601683786,50
cui_fig6,925f2ab8975505e255f5c37af74d115be38bc302991267f95f440e5f61ce4472,A,6,3,10,36,3,1,16-QAM,genie_zf,detection_nmse,0.032194829584450746,0.096584488753352238,,3,,,ok,,,20260818,1.503561700881817,3.1622776601683786,50
cui_fig6,925f2ab8975505e255f5c37af74d115be38bc302991267f95f440e5f61ce4472,A,6,3,10,36,3,1,16-QAM,cui_crlb,detection_nmse,0.094574698856998415,0.28372409657099523,,3,,,ok,,,20260818,1.503561700881817,3.1622776601683786,50
cui_fig6,925f2ab8975505e255f5c37af74d115be38bc302991267f95f440e5f61ce4472,A,6,3,11,36,3,1,16-QAM,biased_gs,detection_nmse,0.14018200866707733,0.42054602600123203,,3,,,ok,,,20260818,1.503561700881817,3.5481338923357555,50
cui_fig6,925f2ab8975505e255f5c37af74d115be38bc302991267f95f440e5f61ce4472,A,6,3,11,36,3,1,16-QAM,em_gs,detection_nmse,0.14898622355454005,0.44695867066362016,,3,,,ok,,,20260818,1.503561700881817,3.5481338923357555,50
cui_fig6,925f2ab8975505e255f5c37af74d115be38bc302991267f95f440e5f61ce4472,A,6,3,11,36,3,1,16-QAM,genie_zf,detection_nmse,0.076307204416136157,0.22892161324840848,,3,,,ok,,,20260818,1.503561700881817,3.5481338923357555,50
cui_fig6,925f2ab8975505e255f5c37af74d115be38bc302991267f95f440e5f61ce4472,A,6,3,11,36,3,1,16-QAM,cui_crlb,detection_nmse,0.094946140701648418,0.28483842210494525,,3,,,ok,,,20260818,1.503561700881817,3.5481338923357555,50
cui_fig6,925f2ab8975505e255f5c37af74d115be38bc302991267f95f440e5f61ce4472,A,6,3,12,36,3,1,16-QAM,biased_gs,detection_nmse,0.073162882803707474,0.21948864841112242,,3,,,ok,,,20260818,1.503561700881817,3.9810717055349722,50
cui_fig6,925f2ab8975505e255f5c37af74d115be38bc302991267f95f440e5f61ce4472,A,6,3,12,36,3,1,16-QAM,em_gs,detection_nmse,0.089057016776491194,0.26717105032947358,,3,,,ok,,,20260818,1.503561700881817,3.9810717055349722,50
cui_fig6,925f2ab8975505e255f5c37af74d115be38bc302991267f95f440e5f61ce4472,A,6,3,12,36,3,1,16-QAM,genie_zf,detection_nmse,0.080067237550161138,0.24020171265048343,,3,,,ok,,,20260818,1.503561700881817,3.9810717055349722,50
cui_fig6,925f2ab8975505e255f5c37af74d115be38bc302991267f95f440e5f61ce4472,A,6,3,12,36,3,1,16-QAM,cui_crlb,detection_nmse,0.09916790178991447,0.29750370536974341,,3,,,ok,,,20260818,1.503561700881817,3.9810717055349722,50
cui_fig6,925f2ab8975505e255f5c37af74d115be38bc302991267f95f440e5f61ce4472,A,6,3,13,36,3,1,16-QAM,biased_gs,detection_nmse,0.10061513526873857,0.30184540580621572,,3,,,ok,,,20260818,1.503561700881817,4.4668359215096309,50
cui_fig6,925f2ab8975505e255f5c37af74d115be38bc302991267f95f440e5f61ce4472,A,6,3,13,36,3,1,16-QAM,em_gs,detection_nmse,0.12698702276891238,0.38096106830673715,,3,,,ok,,,20260818,1.503561700881817,4.4668359215096309,50
cui_fig6,925f2ab8975505e255f5c37af74d115be38bc302991267f95f440e5f61ce4472,A,6,3,13,36,3,1,16-QAM,genie_zf,detection_nmse,0.0721841054785783,0.21655231643573492,,3,,,ok,,,20260818,1.503561700881817,4.4668359215096309,50
cui_fig6,925f2ab8975505e255f5c37af74d115be38bc302991267f95f440e5f61ce4472,A,6,3,13,36,3,1,16-QAM,cui_crlb,detection_nmse,0.090524980323149193,0.27157494096944756,,3,,,ok,,,20260818,1.503561700881817,4.4668359215096309,50
cui_fig6,925f2ab8975505e255f5c37af74d115be38bc302991267f95f440e5f61ce4472,A,6,3,14,36,3,1,16-QAM,biased_gs,detection_nmse,0.075383593868509902,0.2261507816055297,,3,,,ok,,,20260818,1.503561700881817,5.011872336272722,50
cui_fig6,925f2ab8975505e255f5c37af74d115be38bc302991267f95f440e5f61ce4472,A,6,3,14,36,3,1,16-QAM,em_gs,detection_nmse,0.064098661748089786,0.19229598524426936,,3,,,ok,,,20260818,1.503561700881817,5.011872336272722,50
cui_fig6,925f2ab8975505e255f5c37af74d115be38bc302991267f95f440e5f61ce4472,A,6,3,14,36,3,1,16-QAM,genie_zf,detection_nmse,0.05529259409376247,0.16587778228128741,,3,,,ok,,,20260818,1.503561700881817,5.011872336272722,50
cui_fig6,925f2ab8975505e255f5c37af74d115be38bc302991267f95f440e5f61ce4472,A,6,3,14,36,3,1,16-QAM,cui_crlb,detection_nmse,0.091358184255959277,0.27407455276787784,,3,,,ok,,,20260818,1.503561700881817,5.011872336272722,50
cui_fig6,925f2ab8975505e255f5c37af74d115be38bc302991267f95f440e5f61ce4472,A,6,3,15,36,3,1,16-QAM,biased_gs,detection_nmse,0.14124623513051199,0.42373870539153596,,3,,,ok,,,20260818,1.503561700881817,5.6234132519034894,50
cui_fig6,925f2ab8975505e255f5c37af74d115be38bc302991267f95f440e5f61ce4472,A,6,3,15,36,3,1,16-QAM,em_gs,detection_nmse,0.11162456599163877,0.33487369797491628,,3,,,ok,,,20260818,1.503561700881817,5.6234132519034894,50
cui_fig6,925f2ab8975505e255f5c37af74d115be38bc302991267f95f440e5f61ce4472,A,6,3,15,36,3,1,16-QAM,genie_zf,detection_nmse,0.044718539742588916,0.13415561922776675,,3,,,ok,,,20260818,1.503561700881817,5.6234132519034894,50
cui_fig6,925f2ab8975505e255f5c37af74d115be38bc302991267f95f440e5f61ce4472,A,6,3,15,36,3,1,16-QAM,cui_crlb,detection_nmse,0.093151427504704828,0.27945428251411447,,3,,,ok,,,20260818,1.503561700881817,5.6234132519034894,50
cui_fig6,925f2ab8975505e255f5c37af74d115be38bc302991267f95f440e5f61ce4472,A,6,3,16,36,3,1,16-QAM,biased_gs,detection_nmse,0.35515650756250178,1.0654695226875053,,3,,,ok,,,20260818,1.503561700881817,6.3095734448019325,50
cui_fig6,925f2ab8975505e255f5c37af74d115be38bc302991267f95f440e5f61ce4472,A,6,3,16,36,3,1,16-QAM,em_gs,detection_nmse,0.32845439240678315,0.9853631772203495,,3,,,ok,,,20260818,1.503561700881817,6.3095734448019325,50
cui_fig6,925f2ab8975505e255f5c37af74d115be38bc302991267f95f440e5f61ce4472,A,6,3,16,36,3,1,16-QAM,genie_zf,detection_nmse,0.086504859480890386,0.25951457844267117,,3,,,ok,,,20260818,1.503561700881817,6.3095734448019325,50
cui_fig6,925f2ab8975505e255f5c37af74d115be38bc302991267f95f440e5f61ce4472,A,6,3,16,36,3,1,16-QAM,cui_crlb,detection_nmse,0.092683042552367367,0.2780491276571021,,3,,,ok,,,20260818,1.503561700881817,6.3095734448019325,50
cui_fig6,925f2ab8975505e255f5c37af74d115be38bc302991267f95f440e5f61ce4472,A,6,3,17,36,3,1,16-QAM,biased_gs,detection_nmse,0.17475089506619879,0.52425268519859636,,3,,,ok,,,20260818,1.503561700881817,7.0794578438413787,50
cui_fig6,925f2ab8975505e255f5c37af74d115be38bc302991267f95f440e5f61ce4472,A,6,3,17,36,3,1,16-QAM,em_gs,detection_nmse,0.15279102597099692,0.45837307791299076,,3,,,ok,,,20260818,1.503561700881817,7.0794578438413787,50
cui_fig6,925f2ab8975505e255f5c37af74d115be38bc302991267f95f440e5f61ce4472,A,6,3,17,36,3,1,16-QAM,genie_zf,detection_nmse,0.045048382982009971,0.13514514894602991,,3,,,ok,,,20260818,1.503561700881817,7.0794578438413787,50
cui_fig6,925f2ab8975505e255f5c37af74d115be38bc302991267f95f440e5f61ce4472,A,6,3,17,36,3,1,16-QAM,cui_crlb,detection_nmse,0.096090661394484078,0.28827198418345223,,3,,,ok,,,20260818,1.503561700881817,7.0794578438413787,50
cui_fig6,925f2ab8975505e255f5c37af74d115be38bc302991267f95f440e5f61ce4472,A,6,3,18,36,3,1,16-QAM,biased_gs,detection_nmse,0.089396441223102766,0.26818932366930831,,3,,,ok,,,20260818,1.503561700881817,7.9432823472428158,50
cui_fig6,925f2ab8975505e255f5c37af74d115be38bc302991267f95f440e5f61ce4472,A,6,3,18,36,3,1,16-QAM,em_gs,detection_nmse,0.068923063205034926,0.20676918961510476,,3,,,ok,,,20260818,1.503561700881817,7.9432823472428158,50
cui_fig6,925f2ab8975505e255f5c37af74d115be38bc302991267f95f440e5f61ce4472,A,6,3,18,36,3,1,16-QAM,genie_zf,detection_nmse,0.026855862157457069,0.080567586472371208,,3,,,ok,,,20260818,1.503561700881817,7.9432823472428158,50
cui_fig6,925f2ab8975505e255f5c37af74d115be38bc302991267f95f440e5f61ce4472,A,6,3,18,36,3,1,16-QAM,cui_crlb,detection_nmse,0.089376125004858142,0.26812837501457443,,3,,,ok,,,20260818,1.503561700881817,7.9432823472428158,50
cui_fig6,925f2ab8975505e255f5c37af74d115be38bc302991267f95f440e5f61ce4472,A,6,3,19,36,3,1,16-QAM,biased_gs,detection_nmse,0.3354302997514001,1.0062908992542003,,3,,,ok,,,20260818,1.503561700881817,8.9125093813374558,50
cui_fig6,925f2ab8975505e255f5c37af74d115be38bc302991267f95f440e5f61ce4472,A,6,3,19,36,3,1,16-QAM,em_gs,detection_nmse,0.31225004161582193,0.93675012484746578,,3,,,ok,,,20260818,1.503561700881817,8.9125093813374558,50
cui_fig6,925f2ab8975505e255f5c37af74d115be38bc302991267f95f440e5f61ce4472,A,6,3,19,36,3,1,16-QAM,genie_zf,detection_nmse,0.062043849122113665,0.18613154736634099,,3,,,ok,,,20260818,1.503561700881817,8.9125093813374558,50
cui_fig6,925f2ab8975505e255f5c37af74d115be38bc302991267f95f440e5f61ce4472,A,6,3,19,36,3,1,16-QAM,cui_crlb,detection_nmse,0.0975603288049402,0.2926809864148206,,3,,,ok,,,20260818,1.503561700881817,8.9125093813374558,50
cui_fig6,925f2ab8975505e255f5c37af74d115be38bc302991267f95f440e5f61ce4472,A,6,3,20,36,3,1,16-QAM,biased_gs,detection_nmse,0.044684348458470115,0.13405304537541035,,3,,,ok,,,20260818,1.503561700881817,9.9999999999999982,50
cui_fig6,925f2ab8975505e255f5c37af74d115be38bc302991267f95f440e5f61ce4472,A,6,3,20,36,3,1,16-QAM,em_gs,detection_nmse,0.046885786640450532,0.14065735992135159,,3,,,ok,,,20260818,1.503561700881817,9.9999999999999982,50
cui_fig6,925f2ab8975505e255f5c37af74d115be38bc302991267f95f440e5f61ce4472,A,6,3,20,36,3,1,16-QAM,genie_zf,detection_nmse,0.020159367075221542,0.060478101225664625,,3,,,ok,,,20260818,1.503561700881817,9.9999999999999982,50
cui_fig6,925f2ab8975505e255f5c37af74d115be38bc302991267f95f440e5f61ce4472,A,6,3,20,36,3,1,16-QAM,cui_crlb,detection_nmse,0.091648143350530523,0.27494443005159158,,3,,,ok,,,20260818,1.503561700881817,9.9999999999999982,50
cui_fig6,925f2ab8975505e255f5c37af74d115be38bc302991267f95f440e5f61ce4472,A,6,3,21,36,3,1,16-QAM,biased_gs,detection_nmse,0.15962262485429943,0.47886787456289825,,3,,,ok,,,20260818,1.503561700881817,11.220184543019634,50
cui_fig6,925f2ab8975505e255f5c37af74d115be38bc302991267f95f440e5f61ce4472,A,6,3,21,36,3,1,16-QAM,em_gs,detection_nmse,0.14532197403912672,0.43596592211738017,,3,,,ok,,,20260818,1.503561700881817,11.220184543019634,50
cui_fig6,925f2ab8975505e255f5c37af74d115be38bc302991267f95f440e5f61ce4472,A,6,3,21,36,3,1,16-QAM,genie_zf,detection_nmse,0.036783877040042996,0.110351631120129,,3,,,ok,,,20260818,1.503561700881817,11.220184543019634,50
cui_fig6,925f2ab8975505e255f5c37af74d115be38bc302991267f95f440e5f61ce4472,A,6,3,21,36,3,1,16-QAM,cui_crlb,detection_nmse,0.089512757446784219,0.26853827234035266,,3,,,ok,,,20260818,1.503561700881817,11.220184543019634,50
cui_fig6,925f2ab8975505e255f5c37af74d115be38bc302991267f95f440e5f61ce4472,A,6,3,22,36,3,1,16-QAM,biased_gs,detection_nmse,0.11271866922313274,0.33815600766939824,,3,,,ok,,,20260818,1.503561700881817,12.589254117941675,50
cui_fig6,925f2ab8975505e255f5c37af74d115be38bc302991267f95f440e5f61ce4472,A,6,3,22,36,3,1,16-QAM,em_gs,detection_nmse,0.092595508463932816,0.27778652539179843,,3,,,ok,,,20260818,1.503561700881817,12.589254117941675,50
cui_fig6,925f2ab8975505e255f5c37af74d115be38bc302991267f95f440e5f61ce4472,A,6,3,22,36,3,1,16-QAM,genie_zf,detection_nmse,0.03723522554711247,0.1117056766413374,,3,,,ok,,,20260818,1.503561700881817,12.589254117941675,50
cui_fig6,925f2ab8975505e255f5c37af74d115be38bc302991267f95f440e5f61ce4472,A,6,3,22,36,3,1,16-QAM,cui_crlb,detection_nmse,0.094137581190864669,0.28241274357259399,,3,,,ok,,,20260818,1.503561700881817,12.589254117941675,50
cui_fig6,925f2ab8975505e255f5c37af74d115be38bc302991267f95f440e5f61ce4472,A,6,3,23,36,3,1,16-QAM,biased_gs,detection_nmse,0.10950810603967752,0.32852431811903254,,3,,,ok,,,20260818,1.503561700881817,14.125375446227538,50
cui_fig6,925f2ab8975505e255f5c37af74d115be38bc302991267f95f440e5f61ce4472,A,6,3,23,36,3,1,16-QAM,em_gs,detection_nmse,0.10645712664985436,0.31937137994956311,,3,,,ok,,,20260818,1.503561700881817,14.125375446227538,50
cui_fig6,925f2ab8975505e255f5c37af74d115be38bc302991267f95f440e5f61ce4472,A,6,3,23,36,3,1,16-QAM,genie_zf,detection_nmse,0.034164259920705979,0.10249277976211793,,3,,,ok,,,20260818,1.503561700881817,14.125375446227538,50
cui_fig6,925f2ab8975505e255f5c37af74d115be38bc302991267f95f440e5f61ce4472,A,6,3,23,36,3,1,16-QAM,cui_crlb,detection_nmse,0.085049341489670929,0.2551480244690128,,3,,,ok,,,20260818,1.503561700881817,14.125375446227538,50
cui_fig6,925f2ab8975505e255f5c37af74d115be38bc302991267f95f440e5f61ce4472,A,6,3,24,36,3,1,16-QAM,biased_gs,detection_nmse,0.10813133453559987,0.3243940036067996,,3,,,ok,,,20260818,1.503561700881817,15.848931924611135,50
cui_fig6,925f2ab8975505e255f5c37af74d115be38bc302991267f95f440e5f61ce4472,A,6,3,24,36,3,1,16-QAM,em_gs,detection_nmse,0.10878468574039418,0.32635405722118255,,3,,,ok,,,20260818,1.503561700881817,15.848931924611135,50
cui_fig6,925f2ab8975505e255f5c37af74d115be38bc302991267f95f440e5f61ce4472,A,6,3,24,36,3,1,16-QAM,genie_zf,detection_nmse,0.04944184495334028,0.14832553486002084,,3,,,ok,,,20260818,1.503561700881817,15.848931924611135,50
cui_fig6,925f2ab8975505e255f5c37af74d115be38bc302991267f95f440e5f61ce4472,A,6,3,24,36,3,1,16-QAM,cui_crlb,detection_nmse,0.087128354334041924,0.26138506300212577,,3,,,ok,,,20260818,1.503561700881817,15.848931924611135,50
cui_fig6,925f2ab8975505e255f5c37af74d115be38bc302991267f95f440e5f61ce4472,A,6,3,25,36,3,1,16-QAM,biased_gs,detection_nmse,0.078706800698389937,0.23612040209516982,,3,,,ok,,,20260818,1.503561700881817,17.782794100389228,50
cui_fig6,925f2ab8975505e255f5c37af74d115be38bc302991267f95f440e5f61ce4472,A,6,3,25,36,3,1,16-QAM,em_gs,detection_nmse,0.067904676859794386,0.20371403057938317,,3,,,ok,,,20260818,1.503561700881817,17.782794100389228,50
cui_fig6,925f2ab8975505e255f5c37af74d115be38bc302991267f95f440e5f61ce4472,A,6,3,25,36,3,1,16-QAM,genie_zf,detection_nmse,0.015467388241142544,0.046402164723427633,,3,,,ok,,,20260818,1.503561700881817,17.782794100389228,50
cui_fig6,925f2ab8975505e255f5c37af74d115be38bc302991267f95f440e5f61ce4472,A,6,3,25,36,3,1,16-QAM,cui_crlb,detection_nmse,0.093338474791650361,0.28001542437495108,,3,,,ok,,,20260818,1.503561700881817,17.782794100389228,50
cui_fig6,925f2ab8975505e255f5c37af74d115be38bc302991267f95f440e5f61ce4472,A,7,3,0,36,3,1,16-QAM,biased_gs,detection_nmse,0.20874255925531093,0.6262276777659328,,3,,,ok,,,20260818,1.503561700881817,1,50
cui_fig6,925f2ab8975505e255f5c37af74d115be38bc302991267f95f440e5f61ce4472,A,7,3,0,36,3,1,16-QAM,em_gs,detection_nmse,0.2454762159519274,0.73642864785578221,,3,,,ok,,,20260818,1.503561700881817,1,50
cui_fig6,925f2ab8975505e255f5c37af74d115be38bc302991267f95f440e5f61ce4472,A,7,3,0,36,3,1,16-QAM,genie_zf,detection_nmse,0.054012401537382577,0.16203720461214774,,3,,,ok,,,20260818,1.503561700881817,1,50
cui_fig6,925f2ab8975505e255f5c37af74d115be38bc302991267f95f440e5f61ce4472,A,7,3,0,36,3,1,16-QAM,cui_crlb,detection_nmse,0.10919539160585191,0.32758617481755575,,3,,,ok,,,20260818,1.503561700881817,1,50
cui_fig6,925f2ab8975505e255f5c37af74d115be38bc302991267f95f440e5f61ce4472,A,7,3,1,36,3,1,16-QAM,biased_gs,detection_nmse,0.10371908904372723,0.31115726713118169,,3,,,ok,,,20260818,1.503561700881817,1.1220184543019633,50
cui_fig6,925f2ab8975505e255f5c37af74d115be38bc302991267f95f440e5f61ce4472,A,7,3,1,36,3,1,16-QAM,em_gs,detection_nmse,0.077803141517372346,0.23340942455211705,,3,,,ok,,,20260818,1.503561700881817,1.1220184543019633,50
cui_fig6,925f2ab8975505e255f5c37af74d115be38bc302991267f95f440e5f61ce4472,A,7,3,1,36,3,1,16-QAM,genie_zf,detection_nmse,0.026832884519530285,0.080498653558590857,,3,,,ok,,,20260818,1.503561700881817,1.1220184543019633,50
cui_fig6,925f2ab8975505e255f5c37af74d115be38bc302991267f95f440e5f61ce4472,A,7,3,1,36,3,1,16-QAM,cui_crlb,detection_nmse,0.11622518768691191,0.34867556306073572,,3,,,ok,,,20260818,1.503561700881817,1.1220184543019633,50
cui_fig6,925f2ab8975505e255f5c37af74d115be38bc302991267f95f440e5f61ce4472,A,7,3,2,36,3,1,16-QAM,biased_gs,detection_nmse,0.52682855939799278,1.5804856781939782,,3,,,ok,,,20260818,1.503561700881817,1.2589254117941673,50
cui_fig6,925f2ab8975505e255f5c37af74d115be38bc302991267f95f440e5f61ce4472,A,7,3,2,36,3,1,16-QAM,em_gs,detection_nmse,0.30255550006541915,0.90766650019625739,,3,,,ok,,,20260818,1.503561700881817,1.2589254117941673,50
cui_fig6,925f2ab8975505e255f5c37af74d115be38bc302991267f95f440e5f61ce4472,A,7,3,2,36,3,1,16-QAM,genie_zf,detection_nmse,0.032941025653135531,0.098823076959406592,,3,,,ok,,,20260818,1.503561700881817,1.2589254117941673,50
cui_fig6,925f2ab8975505e255f5c37af74d115be38bc302991267f95f440e5f61ce4472,A,7,3,2,36,3,1,16-QAM,cui_crlb,detection_nmse,0.12417046545819756,0.37251139637459268,,3,,,ok,,,20260818,1.503561700881817,1.2589254117941673,50
cui_fig6,925f2ab8975505e255f5c37af74d115be38bc302991267f95f440e5f61ce4472,A,7,3,3,36,3,1,16-QAM,biased_gs,detection_nmse,0.43164180099725308,1.2949254029917592,,3,,,ok,,,20260818,1.503561700881817,1.4125375446227544,50
cui_fig6,925f2ab8975505e255f5c37af74d115be38bc302991267f95f440e5f61ce4472,A,7,3,3,36,3,1,16-QAM,em_gs,detection_nmse,0.22523562218528304,0.67570686655584911,,3,,,ok,,,20260818,1.503561700881817,1.4125375446227544,50
cui_fig6,925f2ab8975505e255f5c37af74d115be38bc302991267f95f440e5f61ce4472,A,7,3,3,36,3,1,16-QAM,genie_zf,detection_nmse,0.027184226602306533,0.081552679806919604,,3,,,ok,,,20260818,1.503561700881817,1.4125375446227544,50
cui_fig6,925f2ab8975505e255f5c37af74d115be38bc302991267f95f440e5f61ce4472,A,7,3,3,36,3,1,16-QAM,cui_crlb,detection_nmse,0.11332405054653959,0.33997215163961875,,3,,,ok,,,20260818,1.503561700881817,1.4125375446227544,50
cui_fig6,925f2ab8975505e255f5c37af74d115be38bc302991267f95f440e5f61ce4472,A,7,3,4,36,3,1,16-QAM,biased_gs,detection_nmse,0.21075546679179583,0.63226640037538751,,3,,,ok,,,20260818,1.503561700881817,1.5848931924611136,50
cui_fig6,925f2ab8975505e255f5c37af74d115be38bc302991267f95f440e5f61ce4472,A,7,3,4,36,3,1,16-QAM,em_gs,detection_nmse,0.16331198072704292,0.48993594218112879,,3,,,ok,,,20260818,1.503561700881817,1.5848931924611136,50
cui_fig6,925f2ab8975505e255f5c37af74d115be38bc302991267f95f440e5f61ce4472,A,7,3,4,36,3,1,16-QAM,genie_zf,detection_nmse,0.030932217698013641,0.092796653094040921,,3,,,ok,,,20260818,1.503561700881817,1.5848931924611136,50
cui_fig6,925f2ab8975505e255f5c37af74d115be38bc302991267f95f440e5f61ce4472,A,7,3,4,36,3,1,16-QAM,cui_crlb,detection_nmse,0.10737505613613769,0.3221251684084131,,3,,,ok,,,20260818,1.503561700881817,1.5848931924611136,50
cui_fig6,925f2ab8975505e255f5c37af74d115be38bc302991267f95f440e5f61ce4472,A,7,3,5,36,3,1,16-QAM,biased_gs,detection_nmse,0.22351824274857476,0.67055472824572426,,3,,,ok,,,20260818,1.503561700881817,1.7782794100389228,50
cui_fig6,925f2ab8975505e255f5c37af74d115be38bc302991267f95f440e5f61ce4472,A,7,3,5,36,3,1,16-QAM,em_gs,detection_nmse,0.13807586077593989,0.41422758232781964,,3,,,ok,,,20260818,1.503561700881817,1.7782794100389228,50
cui_fig6,925f2ab8975505e255f5c37af74d115be38bc302991267f95f440e5f61ce4472,A,7,3,5,36,3,1,16-QAM,genie_zf,detection_nmse,0.022218675524344682,0.066656026573034044,,3,,,ok,,,20260818,1.503561700881817,1.7782794100389228,50
cui_fig6,925f2ab8975505e255f5c37af74d115be38bc302991267f95f440e5f61ce4472,A,7,3,5,36,3,1,16-QAM,cui_crlb,detection_nmse,0.10963224384092601,0.32889673152277804,,3,,,ok,,,20260818,1.503561700881817,1.7782794100389228,50
cui_fig6,925f2ab8975505e255f5c37af74d115be38bc302991267f95f440e5f61ce4472,A,7,3,6,36,3,1,16-QAM,biased_gs,detection_nmse,0.23848988118573564,0.71546964355720688,,3,,,ok,,,20260818,1.503561700881817,1.9952623149688797,50
cui_fig6,925f2ab8975505e255f5c37af74d115be38bc302991267f95f440e5f61ce4472,A,7,3,6,36,3,1,16-QAM,em_gs,detection_nmse,0.20582437198949585,0.61747311596848753,,3,,,ok,,,20260818,1.503561700881817,1.9952623149688797,50
cui_fig6,925f2ab8975505e255f5c37af74d115be38bc302991267f95f440e5f61ce4472,A,7,3,6,36,3,1,16-QAM,genie_zf,detection_nmse,0.0512859189320993,0.1538577567962979,,3,,,ok,,,20260818,1.503561700881817,1.9952623149688797,50
cui_fig6,925f2ab8975505e255f5c37af74d115be38bc302991267f95f440e5f61ce4472,A,7,3,6,36,3,1,16-QAM,cui_crlb,detection_nmse,0.098337482702933798,0.2950124481088014,,3,,,ok,,,20260818,1.503561700881817,1.9952623149688797,50
cui_fig6,925f2ab8975505e255f5c37af74d115be38bc302991267f95f440e5f61ce4472,A,7,3,7,36,3,1,16-QAM,biased_gs,detection_nmse,0.15227528384717287,0.45682585154151861,,3,,,ok,,,20260818,1.503561700881817,2.2387211385683394,50
cui_fig6,925f2ab8975505e255f5c37af74d115be38bc302991267f95f440e5f61ce4472,A,7,3,7,36,3,1,16-QAM,em_gs,detection_nmse,0.11569761981639824,0.34709285944919471,,3,,,ok,,,20260818,1.503561700881817,2.2387211385683394,50
cui_fig6,925f2ab8975505e255f5c37af74d115be38bc302991267f95f440e5f61ce4472,A,7,3,7,36,3,1,16-QAM,genie_zf,detection_nmse,0.070040077598714348,0.21012023279614306,,3,,,ok,,,20260818,1.503561700881817,2.2387211385683394,50
cui_fig6,925f2ab8975505e255f5c37af74d115be38bc302991267f95f440e5f61ce4472,A,7,3,7,36,3,1,16-QAM,cui_crlb,detection_nmse,0.10753619343104553,0.3226085802931366,,3,,,ok,,,20260818,1.503561700881817,2.2387211385683394,50
cui_fig6,925f2ab8975505e255f5c37af74d115be38bc302991267f95f440e5f61ce4472,A,7,3,8,36,3,1,16-QAM,biased_gs,detection_nmse,0.25854229647919125,0.77562688943757374,,3,,,ok,,,20260818,1.503561700881817,2.5118864315095801,50
cui_fig6,925f2ab8975505e255f5c37af74d115be38bc302991267f95f440e5f61ce4472,A,7,3,8,36,3,1,16-QAM,em_gs,detection_nmse,0.23334533618685227,0.70003600856055681,,3,,,ok,,,20260818,1.503561700881817,2.5118864315095801,50
cui_fig6,925f2ab8975505e255f5c37af74d115be38bc302991267f95f440e5f61ce4472,A,7,3,8,36,3,1,16-QAM,genie_zf,detection_nmse,0.064421751096838772,0.19326525329051633,,3,,,ok,,,20260818,1.503561700881817,2.5118864315095801,50
cui_fig6,925f2ab8975505e255f5c37af74d115be38bc302991267f95f440e5f61ce4472,A,7,3,8,36,3,1,16-QAM,cui_crlb,detection_nmse,0.10236408667670353,0.30709226003011059,,3,,,ok,,,20260818,1.503561700881817,2.5118864315095801,50
cui_fig6,925f2ab8975505e255f5c37af74d115be38bc302991267f95f440e5f61ce4472,A,7,3,9,36,3,1,16-QAM,biased_gs,detection_nmse,0.25636659910057191,0.76909979730171574,,3,,,ok,,,20260818,1.503561700881817,2.8183829312644546,50
cui_fig6,925f2ab8975505e255f5c37af74d115be38bc302991267f95f440e5f61ce4472,A,7,3,9,36,3,1,16-QAM,em_gs,detection_nmse,0.23256649309527808,0.6976994792858342,,3,,,ok,,,20260818,1.503561700881817,2.8183829312644546,50
cui_fig6,925f2ab8975505e255f5c37af74d115be38bc302991267f95f440e5f61ce4472,A,7,3,9,36,3,1,16-QAM,genie_zf,detection_nmse,0.032346949914550005,0.097040849743650015,,3,,,ok,,,20260818,1.503561700881817,2.8183829312644546,50
cui_fig6,925f2ab8975505e255f5c37af74d115be38bc302991267f95f440e5f61ce4472,A,7,3,9,36,3,1,16-QAM,cui_crlb,detection_nmse,0.10008427933839603,0.30025283801518809,,3,,,ok,,,20260818,1.503561700881817,2.8183829312644546,50
cui_fig6,925f2ab8975505e255f5c37af74d115be38bc302991267f95f440e5f61ce4472,A,7,3,10,36,3,1,16-QAM,biased_gs,detection_nmse,0.26953246654860191,0.80859739964580579,,3,,,ok,,,20260818,1.503561700881817,3.1622776601683795,50
cui_fig6,925f2ab8975505e255f5c37af74d115be38bc302991267f95f440e5f61ce4472,A,7,3,10,36,3,1,16-QAM,em_gs,detection_nmse,0.16108501677402559,0.48325505032207677,,3,,,ok,,,20260818,1.503561700881817,3.1622776601683795,50
cui_fig6,925f2ab8975505e255f5c37af74d115be38bc302991267f95f440e5f61ce4472,A,7,3,10,36,3,1,16-QAM,genie_zf,detection_nmse,0.065372619501256043,0.19611785850376814,,3,,,ok,,,20260818,1.503561700881817,3.1622776601683795,50
cui_fig6,925f2ab8975505e255f5c37af74d115be38bc302991267f95f440e5f61ce4472,A,7,3,10,36,3,1,16-QAM,cui_crlb,detection_nmse,0.094565746060926256,0.28369723818277875,,3,,,ok,,,20260818,1.503561700881817,3.1622776601683795,50
cui_fig6,925f2ab8975505e255f5c37af74d115be38bc302991267f95f440e5f61ce4472,A,7,3,11,36,3,1,16-QAM,biased_gs,detection_nmse,0.25824318274224062,0.77472954822672191,,3,,,ok,,,20260818,1.503561700881817,3.5481338923357546,50
cui_fig6,925f2ab8975505e255f5c37af74d115be38bc302991267f95f440e5f61ce4472,A,7,3,11,36,3,1,16-QAM,em_gs,detection_nmse,0.2264376814316813,0.67931304429504391,,3,,,ok,,,20260818,1.503561700881817,3.5481338923357546,50
cui_fig6,925f2ab8975505e255f5c37af74d115be38bc302991267f95f440e5f61ce4472,A,7,3,11,36,3,1,16-QAM,genie_zf,detection_nmse,0.050050508083749688,0.15015152425124906,,3,,,ok,,,20260818,1.503561700881817,3.5481338923357546,50
cui_fig6,925f2ab8975505e255f5c37af74d115be38bc302991267f95f440e5f61ce4472,A,7,3,11,36,3,1,16-QAM,cui_crlb,detection_nmse,0.094499238518798476,0.28349771555639541,,3,,,ok,,,20260818,1.503561700881817,3.5481338923357546,50
cui_fig6,925f2ab8975505e255f5c37af74d115be38bc302991267f95f440e5f61ce4472,A,7,3,12,36,3,1,16-QAM,biased_gs,detection_nmse,0.10503723915315039,0.31511171745945116,,3,,,ok,,,20260818,1.503561700881817,3.9810717055349722,50
cui_fig6,925f2ab8975505e255f5c37af74d115be38bc302991267f95f440e5f61ce4472,A,7,3,12,36,3,1,16-QAM,em_gs,detection_nmse,0.088354617048325479,0.26506385114497644,,3,,,ok,,,20260818,1.503561700881817,3.9810717055349722,50
cui_fig6,925f2ab8975505e255f5c37af74d115be38bc302991267f95f440e5f61ce4472,A,7,3,12,36,3,1,16-QAM,genie_zf,detection_nmse,0.05965600153209253,0.1789680045962776,,3,,,ok,,,20260818,1.503561700881817,3.9810717055349722,50
cui_fig6,925f2ab8975505e255f5c37af74d115be38bc302991267f95f440e5f61ce4472,A,7,3,12,36,3,1,16-QAM,cui_crlb,detection_nmse,0.096897104497564723,0.29069131349269417,,3,,,ok,,,20260818,1.503561700881817,3.9810717055349722,50
cui_fig6,925f2ab8975505e255f5c37af74d115be38bc302991267f95f440e5f61ce4472,A,7,3,13,36,3,1,16-QAM,biased_gs,detection_nmse,0.13831365771024073,0.4149409731307222,,3,,,ok,,,20260818,1.503561700881817,4.4668359215096309,50
cui_fig6,925f2ab8975505e255f5c37af74d115be38bc302991267f95f440e5f61ce4472,A,7,3,13,36,3,1,16-QAM,em_gs,detection_nmse,0.12015719161397546,0.36047157484192638,,3,,,ok,,,20260818,1.503561700881817,4.4668359215096309,50
cui_fig6,925f2ab8975505e255f5c37af74d115be38bc302991267f95f440e5f61ce4472,A,7,3,13,36,3,1,16-QAM,genie_zf,detection_nmse,0.029139264924501074,0.087417794773503227,,3,,,ok,,,20260818,1.503561700881817,4.4668359215096309,50
cui_fig6,925f2ab8975505e255f5c37af74d115be38bc302991267f95f440e5f61ce4472,A,7,3,13,36,3,1,16-QAM,cui_crlb,detection_nmse,0.092322197892266714,0.27696659367680015,,3,,,ok,,,20260818,1.503561700881817,4.4668359215096309,50
cui_fig6,925f2ab8975505e255f5c37af74d115be38bc302991267f95f440e5f61ce4472,A,7,3,14,36,3,1,16-QAM,biased_gs,detection_nmse,0.12212180055098386,0.36636540165295156,,3,,,ok,,,20260818,1.503561700881817,5.0118723362727229,50
cui_fig6,925f2ab8975505e255f5c37af74d115be38bc302991267f95f440e5f61ce4472,A,7,3,14,36,3,1,16-QAM,em_gs,detection_nmse,0.083800540121229061,0.25140162036368718,,3,,,ok,,,20260818,1.503561700881817,5.0118723362727229,50
cui_fig6,925f2ab8975505e255f5c37af74d115be38bc302991267f95f440e5f61ce4472,A,7,3,14,36,3,1,16-QAM,genie_zf,detection_nmse,0.056569362807655656,0.16970808842296697,,3,,,ok,,,20260818,1.503561700881817,5.0118723362727229,50
cui_fig6,925f2ab8975505e255f5c37af74d115be38bc302991267f95f440e5f61ce4472,A,7,3,14,36,3,1,16-QAM,cui_crlb,detection_nmse,0.092174959372289103,0.27652487811686732,,3,,,ok,,,20260818,1.503561700881817,5.0118723362727229,50
cui_fig6,925f2ab8975505e255f5c37af74d115be38bc302991267f95f440e5f61ce4472,A,7,3,15,36,3,1,16-QAM,biased_gs,detection_nmse,0.057465371615563525,0.17239611484669057,,3,,,ok,,,20260818,1.503561700881817,5.6234132519034921,50
cui_fig6,925f2ab8975505e255f5c37af74d115be38bc302991267f95f440e5f61ce4472,A,7,3,15,36,3,1,16-QAM,em_gs,detection_nmse,0.056593624897937345,0.16978087469381203,,3,,,ok,,,20260818,1.503561700881817,5.6234132519034921,50
cui_fig6,925f2ab8975505e255f5c37af74d115be38bc302991267f95f440e5f61ce4472,A,7,3,15,36,3,1,16-QAM,genie_zf,detection_nmse,0.053548592365869285,0.16064577709760786,,3,,,ok,,,20260818,1.503561700881817,5.6234132519034921,50
cui_fig6,925f2ab8975505e255f5c37af74d115be38bc302991267f95f440e5f61ce4472,A,7,3,15,36,3,1,16-QAM,cui_crlb,detection_nmse,0.091769668069374477,0.27530900420812343,,3,,,ok,,,20260818,1.503561700881817,5.6234132519034921,50
cui_fig6,925f2ab8975505e255f5c37af74d115be38bc302991267f95f440e5f61ce4472,A,7,3,16,36,3,1,16-QAM,biased_gs,detection_nmse,0.019536594192503361,0.058609782577510081,,3,,,ok,,,20260818,1.503561700881817,6.3095734448019325,50
cui_fig6,925f2ab8975505e255f5c37af74d115be38bc302991267f95f440e5f61ce4472,A,7,3,16,36,3,1,16-QAM,em_gs,detection_nmse,0.024423962942994221,0.073271888828982668,,3,,,ok,,,20260818,1.503561700881817,6.3095734448019325,50
cui_fig6,925f2ab8975505e255f5c37af74d115be38bc302991267f95f440e5f61ce4472,A,7,3,16,36,3,1,16-QAM,genie_zf,detection_nmse,0.018540879017332427,0.055622637051997284,,3,,,ok,,,20260818,1.503561700881817,6.3095734448019325,50
cui_fig6,925f2ab8975505e255f5c37af74d115be38bc302991267f95f440e5f61ce4472,A,7,3,16,36,3,1,16-QAM,cui_crlb,detection_nmse,0.089305009989271059,0.26791502996781319,,3,,,ok,,,20260818,1.503561700881817,6.3095734448019325,50
cui_fig6,925f2ab8975505e255f5c37af74d115be38bc302991267f95f440e5f61ce4472,A,7,3,17,36,3,1,16-QAM,biased_gs,detection_nmse,0.21472506215746925,0.64417518647240779,,3,,,ok,,,20260818,1.503561700881817,7.0794578438413795,50
cui_fig6,925f2ab8975505e255f5c37af74d115be38bc302991267f95f440e5f61ce4472,A,7,3,17,36,3,1,16-QAM,em_gs,detection_nmse,0.17165280807114069,0.51495842421342208,,3,,,ok,,,20260818,1.503561700881817,7.0794578438413795,50
cui_fig6,925f2ab8975505e255f5c37af74d115be38bc302991267f95f440e5f61ce4472,A,7,3,17,36,3,1,16-QAM,genie_zf,detection_nmse,0.028908345665022605,0.086725036995067811,,3,,,ok,,,20260818,1.503561700881817,7.0794578438413795,50
cui_fig6,925f2ab8975505e255f5c37af74d115be38bc302991267f95f440e5f61ce4472,A,7,3,17,36,3,1,16-QAM,cui_crlb,detection_nmse,0.096060918895837746,0.28818275668751325,,3,,,ok,,,20260818,1.503561700881817,7.0794578438413795,50
cui_fig6,925f2ab8975505e255f5c37af74d115be38bc302991267f95f440e5f61ce4472,A,7,3,18,36,3,1,16-QAM,biased_gs,detection_nmse,0.05635070965468341,0.16905212896405022,,3,,,ok,,,20260818,1.503561700881817,7.9432823472428158,50
cui_fig6,925f2ab8975505e255f5c37af74d115be38bc302991267f95f440e5f61ce4472,A,7,3,18,36,3,1,16-QAM,em_gs,detection_nmse,0.054519790092927102,0.16355937027878131,,3,,,ok,,,20260818,1.503561700881817,7.9432823472428158,50
cui_fig6,925f2ab8975505e255f5c37af74d115be38bc302991267f95f440e5f61ce4472,A,7,3,18,36,3,1,16-QAM,genie_zf,detection_nmse,0.041324641705699737,0.1239739251170992,,3,,,ok,,,20260818,1.503561700881817,7.9432823472428158,50
cui_fig6,925f2ab8975505e255f5c37af74d115be38bc302991267f95f440e5f61ce4472,A,7,3,18,36,3,1,16-QAM,cui_crlb,detection_nmse,0.092053592458134603,0.27616077737440381,,3,,,ok,,,20260818,1.503561700881817,7.9432823472428158,50
cui_fig6,925f2ab8975505e255f5c37af74d115be38bc302991267f95f440e5f61ce4472,A,7,3,19,36,3,1,16-QAM,biased_gs,detection_nmse,0.1126152065797809,0.33784561973934268,,3,,,ok,,,20260818,1.503561700881817,8.9125093813374558,50
cui_fig6,925f2ab8975505e255f5c37af74d115be38bc302991267f95f440e5f61ce4472,A,7,3,19,36,3,1,16-QAM,em_gs,detection_nmse,0.085970549953638134,0.25791164986091442,,3,,,ok,,,20260818,1.503561700881817,8.9125093813374558,50
cui_fig6,925f2ab8975505e255f5c37af74d115be38bc302991267f95f440e5f61ce4472,A,7,3,19,36,3,1,16-QAM,genie_zf,detection_nmse,0.026114887223394955,0.078344661670184862,,3,,,ok,,,20260818,1.503561700881817,8.9125093813374558,50
cui_fig6,925f2ab8975505e255f5c37af74d115be38bc302991267f95f440e5f61ce4472,A,7,3,19,36,3,1,16-QAM,cui_crlb,detection_nmse,0.098111892009926135,0.29433567602977839,,3,,,ok,,,20260818,1.503561700881817,8.9125093813374558,50
cui_fig6,925f2ab8975505e255f5c37af74d115be38bc302991267f95f440e5f61ce4472,A,7,3,20,36,3,1,16-QAM,biased_gs,detection_nmse,0.043465500910559639,0.13039650273167891,,3,,,ok,,,20260818,1.503561700881817,10.000000000000002,50
cui_fig6,925f2ab8975505e255f5c37af74d115be38bc302991267f95f440e5f61ce4472,A,7,3,20,36,3,1,16-QAM,em_gs,detection_nmse,0.035722132407730846,0.10716639722319253,,3,,,ok,,,20260818,1.503561700881817,10.000000000000002,50
cui_fig6,925f2ab8975505e255f5c37af74d115be38bc302991267f95f440e5f61ce4472,A,7,3,20,36,3,1,16-QAM,genie_zf,detection_nmse,0.014310305073519171,0.04293091522055751,,3,,,ok,,,20260818,1.503561700881817,10.000000000000002,50
cui_fig6,925f2ab8975505e255f5c37af74d115be38bc302991267f95f440e5f61ce4472,A,7,3,20,36,3,1,16-QAM,cui_crlb,detection_nmse,0.09017775283031236,0.27053325849093707,,3,,,ok,,,20260818,1.503561700881817,10.000000000000002,50
cui_fig6,925f2ab8975505e255f5c37af74d115be38bc302991267f95f440e5f61ce4472,A,7,3,21,36,3,1,16-QAM,biased_gs,detection_nmse,0.075636557746024347,0.22690967323807304,,3,,,ok,,,20260818,1.503561700881817,11.220184543019638,50
cui_fig6,925f2ab8975505e255f5c37af74d115be38bc302991267f95f440e5f61ce4472,A,7,3,21,36,3,1,16-QAM,em_gs,detection_nmse,0.072067884551839836,0.21620365365551952,,3,,,ok,,,20260818,1.503561700881817,11.220184543019638,50
cui_fig6,925f2ab8975505e255f5c37af74d115be38bc302991267f95f440e5f61ce4472,A,7,3,21,36,3,1,16-QAM,genie_zf,detection_nmse,0.021172761925908789,0.063518285777726363,,3,,,ok,,,20260818,1.503561700881817,11.220184543019638,50
cui_fig6,925f2ab8975505e255f5c37af74d115be38bc302991267f95f440e5f61ce4472,A,7,3,21,36,3,1,16-QAM,cui_crlb,detection_nmse,0.097329410019913534,0.29198823005974062,,3,,,ok,,,20260818,1.503561700881817,11.220184543019638,50
cui_fig6,925f2ab8975505e255f5c37af74d115be38bc302991267f95f440e5f61ce4472,A,7,3,22,36,3,1,16-QAM,biased_gs,detection_nmse,0.12974295872021518,0.38922887616064555,,3,,,ok,,,20260818,1.503561700881817,12.589254117941673,50
cui_fig6,925f2ab8975505e255f5c37af74d115be38bc302991267f95f440e5f61ce4472,A,7,3,22,36,3,1,16-QAM,em_gs,detection_nmse,0.12248910397238059,0.36746731191714177,,3,,,ok,,,20260818,1.503561700881817,12.589254117941673,50
cui_fig6,925f2ab8975505e255f5c37af74d115be38bc302991267f95f440e5f61ce4472,A,7,3,22,36,3,1,16-QAM,genie_zf,detection_nmse,0.049303089306265341,0.14790926791879602,,3,,,ok,,,20260818,1.503561700881817,12.589254117941673,50
cui_fig6,925f2ab8975505e255f5c37af74d115be38bc302991267f95f440e5f61ce4472,A,7,3,22,36,3,1,16-QAM,cui_crlb,detection_nmse,0.087665314337336708,0.26299594301201012,,3,,,ok,,,20260818,1.503561700881817,12.589254117941673,50
cui_fig6,925f2ab8975505e255f5c37af74d115be38bc302991267f95f440e5f61ce4472,A,7,3,23,36,3,1,16-QAM,biased_gs,detection_nmse,0.038841645602440307,0.11652493680732091,,3,,,ok,,,20260818,1.503561700881817,14.12537544622754,50
cui_fig6,925f2ab8975505e255f5c37af74d115be38bc302991267f95f440e5f61ce4472,A,7,3,23,36,3,1,16-QAM,em_gs,detection_nmse,0.036984458474754879,0.11095337542426464,,3,,,ok,,,20260818,1.503561700881817,14.12537544622754,50
cui_fig6,925f2ab8975505e255f5c37af74d115be38bc302991267f95f440e5f61ce4472,A,7,3,23,36,3,1,16-QAM,genie_zf,detection_nmse,0.017529103508827103,0.052587310526481308,,3,,,ok,,,20260818,1.503561700881817,14.12537544622754,50
cui_fig6,925f2ab8975505e255f5c37af74d115be38bc302991267f95f440e5f61ce4472,A,7,3,23,36,3,1,16-QAM,cui_crlb,detection_nmse,0.086915110920334604,0.26074533276100381,,3,,,ok,,,20260818,1.503561700881817,14.12537544622754,50
cui_fig6,925f2ab8975505e255f5c37af74d115be38bc302991267f95f440e5f61ce4472,A,7,3,24,36,3,1,16-QAM,biased_gs,detection_nmse,0.087037925953423592,0.26111377786027079,,3,,,ok,,,20260818,1.503561700881817,15.848931924611135,50
cui_fig6,925f2ab8975505e255f5c37af74d115be38bc302991267f95f440e5f61ce4472,A,7,3,24,36,3,1,16-QAM,em_gs,detection_nmse,0.087756478828204698,0.26326943648461409,,3,,,ok,,,20260818,1.503561700881817,15.848931924611135,50
cui_fig6,925f2ab8975505e255f5c37af74d115be38bc302991267f95f440e5f61ce4472,A,7,3,24,36,3,1,16-QAM,genie_zf,detection_nmse,0.019415248678355573,0.058245746035066714,,3,,,ok,,,20260818,1.503561700881817,15.848931924611135,50
cui_fig6,925f2ab8975505e255f5c37af74d115be38bc302991267f95f440e5f61ce4472,A,7,3,24,36,3,1,16-QAM,cui_crlb,detection_nmse,0.093550538354726195,0.28065161506417857,,3,,,ok,,,20260818,1.503561700881817,15.848931924611135,50
cui_fig6,925f2ab8975505e255f5c37af74d115be38bc302991267f95f440e5f61ce4472,A,7,3,25,36,3,1,16-QAM,biased_gs,detection_nmse,0.074563623595946482,0.22369087078783945,,3,,,ok,,,20260818,1.503561700881817,17.782794100389228,50
cui_fig6,925f2ab8975505e255f5c37af74d115be38bc302991267f95f440e5f61ce4472,A,7,3,25,36,3,1,16-QAM,em_gs,detection_nmse,0.071138609249722248,0.21341582774916676,,3,,,ok,,,20260818,1.503561700881817,17.782794100389228,50
cui_fig6,925f2ab8975505e255f5c37af74d115be38bc302991267f95f440e5f61ce4472,A,7,3,25,36,3,1,16-QAM,genie_zf,detection_nmse,0.026546177436774229,0.079638532310322682,,3,,,ok,,,20260818,1.503561700881817,17.782794100389228,50
cui_fig6,925f2ab8975505e255f5c37af74d115be38bc302991267f95f440e5f61ce4472,A,7,3,25,36,3,1,16-QAM,cui_crlb,detection_nmse,0.085143445976288187,0.25543033792886455,,3,,,ok,,,20260818,1.503561700881817,17.782794100389228,50
cui_fig6,925f2ab8975505e255f5c37af74d115be38bc302991267f95f440e5f61ce4472,A,8,3,0,36,3,1,16-QAM,biased_gs,detection_nmse,0.31532513952197155,0.94597541856591461,,3,,,ok,,,20260818,1.503561700881817,1,50
cui_fig6,925f2ab8975505e255f5c37af74d115be38bc302991267f95f440e5f61ce4472,A,8,3,0,36,3,1,16-QAM,em_gs,detection_nmse,0.12810678207740481,0.38432034623221439,,3,,,ok,,,20260818,1.503561700881817,1,50
cui_fig6,925f2ab8975505e255f5c37af74d115be38bc302991267f95f440e5f61ce4472,A,8,3,0,36,3,1,16-QAM,genie_zf,detection_nmse,0.037634146839888132,0.1129024405196644,,3,,,ok,,,20260818,1.503561700881817,1,50
cui_fig6,925f2ab8975505e255f5c37af74d115be38bc302991267f95f440e5f61ce4472,A,8,3,0,36,3,1,16-QAM,cui_crlb,detection_nmse,0.10803101667021793,0.3240930500106538,,3,,,ok,,,20260818,1.503561700881817,1,50
cui_fig6,925f2ab8975505e255f5c37af74d115be38bc302991267f95f440e5f61ce4472,A,8,3,1,36,3,1,16-QAM,biased_gs,detection_nmse,0.13191281436369737,0.39573844309109207,,3,,,ok,,,20260818,1.503561700881817,1.1220184543019633,50
cui_fig6,925f2ab8975505e255f5c37af74d115be38bc302991267f95f440e5f61ce4472,A,8,3,1,36,3,1,16-QAM,em_gs,detection_nmse,0.10155655725010325,0.30466967175030973,,3,,,ok,,,20260818,1.503561700881817,1.1220184543019633,50
cui_fig6,925f2ab8975505e255f5c37af74d115be38bc302991267f95f440e5f61ce4472,A,8,3,1,36,3,1,16-QAM,genie_zf,detection_nmse,0.054496314561843999,0.16348894368553199,,3,,,ok,,,20260818,1.503561700881817,1.1220184543019633,50
cui_fig6,925f2ab8975505e255f5c37af74d115be38bc302991267f95f440e5f61ce4472,A,8,3,1,36,3,1,16-QAM,cui_crlb,detection_nmse,0.11343721032527809,0.34031163097583428,,3,,,ok,,,20260818,1.503561700881817,1.1220184543019633,50
cui_fig6,925f2ab8975505e255f5c37af74d115be38bc302991267f95f440e5f61ce4472,A,8,3,2,36,3,1,16-QAM,biased_gs,detection_nmse,0.18672614888058472,0.5601784466417542,,3,,,ok,,,20260818,1.503561700881817,1.2589254117941673,50
cui_fig6,925f2ab8975505e255f5c37af74d115be38bc302991267f95f440e5f61ce4472,A,8,3,2,36,3,1,16-QAM,em_gs,detection_nmse,0.17084621276813131,0.51253863830439395,,3,,,ok,,,20260818,1.503561700881817,1.2589254117941673,50
cui_fig6,925f2ab8975505e255f5c37af74d115be38bc302991267f95f440e5f61ce4472,A,8,3,2,36,3,1,16-QAM,genie_zf,detection_nmse,0.016071280214863683,0.048213840644591048,,3,,,ok,,,20260818,1.503561700881817,1.2589254117941673,50
cui_fig6,925f2ab8975505e255f5c37af74d115be38bc302991267f95f440e5f61ce4472,A,8,3,2,36,3,1,16-QAM,cui_crlb,detection_nmse,0.11186172567890944,0.3355851770367283,,3,,,ok,,,20260818,1.503561700881817,1.2589254117941673,50
cui_fig6,925f2ab8975505e255f5c37af74d115be38bc302991267f95f440e5f61ce4472,A,8,3,3,36,3,1,16-QAM,biased_gs,detection_nmse,0.1913733232787416,0.57411996983622482,,3,,,ok,,,20260818,1.503561700881817,1.4125375446227542,50
cui_fig6,925f2ab8975505e255f5c37af74d115be38bc302991267f95f440e5f61ce4472,A,8,3,3,36,3,1,16-QAM,em_gs,detection_nmse,0.1657078906823565,0.49712367204706953,,3,,,ok,,,20260818,1.503561700881817,1.4125375446227542,50
cui_fig6,925f2ab8975505e255f5c37af74d115be38bc302991267f95f440e5f61ce4472,A,8,3,3,36,3,1,16-QAM,genie_zf,detection_nmse,0.053527060276231254,0.16058118082869377,,3,,,ok,,,20260818,1.503561700881817,1.4125375446227542,50
cui_fig6,925f2ab8975505e255f5c37af74d115be38bc302991267f95f440e5f61ce4472,A,8,3,3,36,3,1,16-QAM,cui_crlb,detection_nmse,0.12418309646907477,0.37254928940722432,,3,,,ok,,,20260818,1.503561700881817,1.4125375446227542,50
cui_fig6,925f2ab8975505e255f5c37af74d115be38bc302991267f95f440e5f61ce4472,A,8,3,4,36,3,1,16-QAM,biased_gs,detection_nmse,0.12712526840687191,0.38137580522061576,,3,,,ok,,,20260818,1.503561700881817,1.5848931924611138,50
cui_fig6,925f2ab8975505e255f5c37af74d115be38bc302991267f95f440e5f61ce4472,A,8,3,4,36,3,1,16-QAM,em_gs,detection_nmse,0.044671317596700129,0.13401395279010039,,3,,,ok,,,20260818,1.503561700881817,1.5848931924611138,50
cui_fig6,925f2ab8975505e255f5c37af74d115be38bc302991267f95f440e5f61ce4472,A,8,3,4,36,3,1,16-QAM,genie_zf,detection_nmse,0.022114478705035783,0.066343436115107346,,3,,,ok,,,20260818,1.503561700881817,1.5848931924611138,50
cui_fig6,925f2ab8975505e255f5c37af74d115be38bc302991267f95f440e5f61ce4472,A,8,3,4,36,3,1,16-QAM,cui_crlb,detection_nmse,0.11828138598731447,0.35484415796194341,,3,,,ok,,,20260818,1.503561700881817,1.5848931924611138,50
cui_fig6,925f2ab8975505e255f5c37af74d115be38bc302991267f95f440e5f61ce4472,A,8,3,5,36,3,1,16-QAM,biased_gs,detection_nmse,0.17185602642043518,0.51556807926130555,,3,,,ok,,,20260818,1.503561700881817,1.7782794100389228,50
cui_fig6,925f2ab8975505e255f5c37af74d115be38bc302991267f95f440e5f61ce4472,A,8,3,5,36,3,1,16-QAM,em_gs,detection_nmse,0.088382713981366837,0.26514814194410052,,3,,,ok,,,20260818,1.503561700881817,1.7782794100389228,50
cui_fig6,925f2ab8975505e255f5c37af74d115be38bc302991267f95f440e5f61ce4472,A,8,3,5,36,3,1,16-QAM,genie_zf,detection_nmse,0.046362719447815774,0.13908815834344732,,3,,,ok,,,20260818,1.503561700881817,1.7782794100389228,50
cui_fig6,925f2ab8975505e255f5c37af74d115be38bc302991267f95f440e5f61ce4472,A,8,3,5,36,3,1,16-QAM,cui_crlb,detection_nmse,0.1092613698165406,0.32778410944962177,,3,,,ok,,,20260818,1.503561700881817,1.7782794100389228,50
cui_fig6,925f2ab8975505e255f5c37af74d115be38bc302991267f95f440e5f61ce4472,A,8,3,6,36,3,1,16-QAM,biased_gs,detection_nmse,0.32415568913760312,0.97246706741280931,,3,,,ok,,,20260818,1.503561700881817,1.9952623149688795,50
cui_fig6,925f2ab8975505e255f5c37af74d115be38bc302991267f95f440e5f61ce4472,A,8,3,6,36,3,1,16-QAM,em_gs,detection_nmse,0.15000687820203537,0.45002063460610608,,3,,,ok,,,20260818,1.503561700881817,1.9952623149688795,50
cui_fig6,925f2ab8975505e255f5c37af74d115be38bc302991267f95f440e5f61ce4472,A,8,3,6,36,3,1,16-QAM,genie_zf,detection_nmse,0.013036661992215712,0.039109985976647138,,3,,,ok,,,20260818,1.503561700881817,1.9952623149688795,50
cui_fig6,925f2ab8975505e255f5c37af74d115be38bc302991267f95f440e5f61ce4472,A,8,3,6,36,3,1,16-QAM,cui_crlb,detection_nmse,0.111478185356596,0.334434556069788,,3,,,ok,,,20260818,1.503561700881817,1.9952623149688795,50
cui_fig6,925f2ab8975505e255f5c37af74d115be38bc302991267f95f440e5f61ce4472,A,8,3,7,36,3,1,16-QAM,biased_gs,detection_nmse,0.14589108326321984,0.43767324978965949,,3,,,ok,,,20260818,1.503561700881817,2.238721138568339,50
cui_fig6,925f2ab8975505e255f5c37af74d115be38bc302991267f95f440e5f61ce4472,A,8,3,7,36,3,1,16-QAM,em_gs,detection_nmse,0.13562248513240965,0.40686745539722896,,3,,,ok,,,20260818,1.503561700881817,2.238721138568339,50
cui_fig6,925f2ab8975505e255f5c37af74d115be38bc302991267f95f440e5f61ce4472,A,8,3,7,36,3,1,16-QAM,genie_zf,detection_nmse,0.055677489348909232,0.16703246804672769,,3,,,ok,,,20260818,1.503561700881817,2.238721138568339,50
cui_fig6,925f2ab8975505e255f5c37af74d115be38bc302991267f95f440e5f61ce4472,A,8,3,7,36,3,1,16-QAM,cui_crlb,detection_nmse,0.10106596364451541,0.30319789093354621,,3,,,ok,,,20260818,1.503561700881817,2.238721138568339,50
cui_fig6,925f2ab8975505e255f5c37af74d115be38bc302991267f95f440e5f61ce4472,A,8,3,8,36,3,1,16-QAM,biased_gs,detection_nmse,0.082982464554405708,0.24894739366321711,,3,,,ok,,,20260818,1.503561700881817,2.5118864315095801,50
cui_fig6,925f2ab8975505e255f5c37af74d115be38bc302991267f95f440e5f61ce4472,A,8,3,8,36,3,1,16-QAM,em_gs,detection_nmse,0.057138490729826963,0.17141547218948089,,3,,,ok,,,20260818,1.503561700881817,2.5118864315095801,50
cui_fig6,925f2ab8975505e255f5c37af74d115be38bc302991267f95f440e5f61ce4472,A,8,3,8,36,3,1,16-QAM,genie_zf,detection_nmse,0.082772925008461409,0.24831877502538424,,3,,,ok,,,20260818,1.503561700881817,2.5118864315095801,50
cui_fig6,925f2ab8975505e255f5c37af74d115be38bc302991267f95f440e5f61ce4472,A,8,3,8,36,3,1,16-QAM,cui_crlb,detection_nmse,0.10341215072153558,0.31023645216460671,,3,,,ok,,,20260818,1.503561700881817,2.5118864315095801,50
cui_fig6,925f2ab8975505e255f5c37af74d115be38bc302991267f95f440e5f61ce4472,A,8,3,9,36,3,1,16-QAM,biased_gs,detection_nmse,0.11997156094332366,0.35991468282997097,,3,,,ok,,,20260818,1.503561700881817,2.8183829312644542,50
cui_fig6,925f2ab8975505e255f5c37af74d115be38bc302991267f95f440e5f61ce4472,A,8,3,9,36,3,1,16-QAM,em_gs,detection_nmse,0.10296785061802038,0.30890355185406115,,3,,,ok,,,20260818,1.503561700881817,2.8183829312644542,50
cui_fig6,925f2ab8975505e255f5c37af74d115be38bc302991267f95f440e5f61ce4472,A,8,3,9,36,3,1,16-QAM,genie_zf,detection_nmse,0.019633909781217408,0.058901729343652225,,3,,,ok,,,20260818,1.503561700881817,2.8183829312644542,50
cui_fig6,925f2ab8975505e255f5c37af74d115be38bc302991267f95f440e5f61ce4472,A,8,3,9,36,3,1,16-QAM,cui_crlb,detection_nmse,0.10473627128990166,0.31420881386970501,,3,,,ok,,,20260818,1.503561700881817,2.8183829312644542,50
cui_fig6,925f2ab8975505e255f5c37af74d115be38bc302991267f95f440e5f61ce4472,A,8,3,10,36,3,1,16-QAM,biased_gs,detection_nmse,0.074213793611671325,0.22264138083501397,,3,,,ok,,,20260818,1.503561700881817,3.1622776601683795,50
cui_fig6,925f2ab8975505e255f5c37af74d115be38bc302991267f95f440e5f61ce4472,A,8,3,10,36,3,1,16-QAM,em_gs,detection_nmse,0.062697883483860198,0.18809365045158058,,3,,,ok,,,20260818,1.503561700881817,3.1622776601683795,50
cui_fig6,925f2ab8975505e255f5c37af74d115be38bc302991267f95f440e5f61ce4472,A,8,3,10,36,3,1,16-QAM,genie_zf,detection_nmse,0.0094786675044783025,0.028436002513434908,,3,,,ok,,,20260818,1.503561700881817,3.1622776601683795,50
cui_fig6,925f2ab8975505e255f5c37af74d115be38bc302991267f95f440e5f61ce4472,A,8,3,10,36,3,1,16-QAM,cui_crlb,detection_nmse,0.09446025199026431,0.28338075597079293,,3,,,ok,,,20260818,1.503561700881817,3.1622776601683795,50
cui_fig6,925f2ab8975505e255f5c37af74d115be38bc302991267f95f440e5f61ce4472,A,8,3,11,36,3,1,16-QAM,biased_gs,detection_nmse,0.19224464736802718,0.57673394210408158,,3,,,ok,,,20260818,1.503561700881817,3.548133892335755,50
cui_fig6,925f2ab8975505e255f5c37af74d115be38bc302991267f95f440e5f61ce4472,A,8,3,11,36,3,1,16-QAM,em_gs,detection_nmse,0.14531346075761797,0.43594038227285392,,3,,,ok,,,20260818,1.503561700881817,3.548133892335755,50
cui_fig6,925f2ab8975505e255f5c37af74d115be38bc302991267f95f440e5f61ce4472,A,8,3,11,36,3,1,16-QAM,genie_zf,detection_nmse,0.046975284340922713,0.14092585302276814,,3,,,ok,,,20260818,1.503561700881817,3.548133892335755,50
cui_fig6,925f2ab8975505e255f5c37af74d115be38bc302991267f95f440e5f61ce4472,A,8,3,11,36,3,1,16-QAM,cui_crlb,detection_nmse,0.10087002817600298,0.30261008452800892,,3,,,ok,,,20260818,1.503561700881817,3.548133892335755,50
cui_fig6,925f2ab8975505e255f5c37af74d115be38bc302991267f95f440e5f61ce4472,A,8,3,12,36,3,1,16-QAM,biased_gs,detection_nmse,0.11414149677264529,0.34242449031793587,,3,,,ok,,,20260818,1.503561700881817,3.9810717055349714,50
cui_fig6,925f2ab8975505e255f5c37af74d115be38bc302991267f95f440e5f61ce4472,A,8,3,12,36,3,1,16-QAM,em_gs,detection_nmse,0.11308498420544572,0.33925495261633715,,3,,,ok,,,20260818,1.503561700881817,3.9810717055349714,50
cui_fig6,925f2ab8975505e255f5c37af74d115be38bc302991267f95f440e5f61ce4472,A,8,3,12,36,3,1,16-QAM,genie_zf,detection_nmse,0.03682570325190878,0.11047710975572633,,3,,,ok,,,20260818,1.503561700881817,3.9810717055349714,50
cui_fig6,925f2ab8975505e255f5c37af74d115be38bc302991267f95f440e5f61ce4472,A,8,3,12,36,3,1,16-QAM,cui_crlb,detection_nmse,0.097376218932982428,0.29212865679894728,,3,,,ok,,,20260818,1.503561700881817,3.9810717055349714,50
cui_fig6,925f2ab8975505e255f5c37af74d115be38bc302991267f95f440e5f61ce4472,A,8,3,13,36,3,1,16-QAM,biased_gs,detection_nmse,0.068639970842014661,0.205919912526044,,3,,,ok,,,20260818,1.503561700881817,4.4668359215096318,50
cui_fig6,925f2ab8975505e255f5c37af74d115be38bc302991267f95f440e5f61ce4472,A,8,3,13,36,3,1,16-QAM,em_gs,detection_nmse,0.045966640344757927,0.13789992103427379,,3,,,ok,,,20260818,1.503561700881817,4.4668359215096318,50
cui_fig6,925f2ab8975505e255f5c37af74d115be38bc302991267f95f440e5f61ce4472,A,8,3,13,36,3,1,16-QAM,genie_zf,detection_nmse,0.0085810692957161549,0.025743207887148463,,3,,,ok,,,20260818,1.503561700881817,4.4668359215096318,50
cui_fig6,925f2ab8975505e255f5c37af74d115be38bc302991267f95f440e5f61ce4472,A,8,3,13,36,3,1,16-QAM,cui_crlb,detection_nmse,0.094719878503877544,0.28415963551163265,,3,,,ok,,,20260818,1.503561700881817,4.4668359215096318,50
cui_fig6,925f2ab8975505e255f5c37af74d115be38bc302991267f95f440e5f61ce4472,A,8,3,14,36,3,1,16-QAM,biased_gs,detection_nmse,0.10430006858246681,0.31290020574740041,,3,,,ok,,,20260818,1.503561700881817,5.011872336272722,50
cui_fig6,925f2ab8975505e255f5c37af74d115be38bc302991267f95f440e5f61ce4472,A,8,3,14,36,3,1,16-QAM,em_gs,detection_nmse,0.079927032457623087,0.23978109737286926,,3,,,ok,,,20260818,1.503561700881817,5.011872336272722,50
cui_fig6,925f2ab8975505e255f5c37af74d115be38bc302991267f95f440e5f61ce4472,A,8,3,14,36,3,1,16-QAM,genie_zf,detection_nmse,0.069617277028733784,0.20885183108620137,,3,,,ok,,,20260818,1.503561700881817,5.011872336272722,50
cui_fig6,925f2ab8975505e255f5c37af74d115be38bc302991267f95f440e5f61ce4472,A,8,3,14,36,3,1,16-QAM,cui_crlb,detection_nmse,0.096772681650626677,0.29031804495188002,,3,,,ok,,,20260818,1.503561700881817,5.011872336272722,50
cui_fig6,925f2ab8975505e255f5c37af74d115be38bc302991267f95f440e5f61ce4472,A,8,3,15,36,3,1,16-QAM,biased_gs,detection_nmse,0.063452474012239135,0.19035742203671741,,3,,,ok,,,20260818,1.503561700881817,5.6234132519034903,50
cui_fig6,925f2ab8975505e255f5c37af74d115be38bc302991267f95f440e5f61ce4472,A,8,3,15,36,3,1,16-QAM,em_gs,detection_nmse,0.049053462147816917,0.14716038644345075,,3,,,ok,,,20260818,1.503561700881817,5.6234132519034903,50
cui_fig6,925f2ab8975505e255f5c37af74d115be38bc302991267f95f440e5f61ce4472,A,8,3,15,36,3,1,16-QAM,genie_zf,detection_nmse,0.015718329951689407,0.047154989855068219,,3,,,ok,,,20260818,1.503561700881817,5.6234132519034903,50
cui_fig6,925f2ab8975505e255f5c37af74d115be38bc302991267f95f440e5f61ce4472,A,8,3,15,36,3,1,16-QAM,cui_crlb,detection_nmse,0.089397779819916076,0.26819333945974821,,3,,,ok,,,20260818,1.503561700881817,5.6234132519034903,50
cui_fig6,925f2ab8975505e255f5c37af74d115be38bc302991267f95f440e5f61ce4472,A,8,3,16,36,3,1,16-QAM,biased_gs,detection_nmse,0.11645529336950523,0.34936588010851571,,3,,,ok,,,20260818,1.503561700881817,6.3095734448019334,50
cui_fig6,925f2ab8975505e255f5c37af74d115be38bc302991267f95f440e5f61ce4472,A,8,3,16,36,3,1,16-QAM,em_gs,detection_nmse,0.12458436383672759,0.37375309151018277,,3,,,ok,,,20260818,1.503561700881817,6.3095734448019334,50
cui_fig6,925f2ab8975505e255f5c37af74d115be38bc302991267f95f440e5f61ce4472,A,8,3,16,36,3,1,16-QAM,genie_zf,detection_nmse,0.02413289033244204,0.072398670997326123,,3,,,ok,,,20260818,1.503561700881817,6.3095734448019334,50
cui_fig6,925f2ab8975505e255f5c37af74d115be38bc302991267f95f440e5f61ce4472,A,8,3,16,36,3,1,16-QAM,cui_crlb,detection_nmse,0.093028720566563153,0.27908616169968947,,3,,,ok,,,20260818,1.503561700881817,6.3095734448019334,50
cui_fig6,925f2ab8975505e255f5c37af74d115be38bc302991267f95f440e5f61ce4472,A,8,3,17,36,3,1,16-QAM,biased_gs,detection_nmse,0.18984656220828541,0.56953968662485621,,3,,,ok,,,20260818,1.503561700881817,7.0794578438413795,50
cui_fig6,925f2ab8975505e255f5c37af74d115be38bc302991267f95f440e5f61ce4472,A,8,3,17,36,3,1,16-QAM,em_gs,detection_nmse,0.18548727839834633,0.556461835195039,,3,,,ok,,,20260818,1.503561700881817,7.0794578438413795,50
cui_fig6,925f2ab8975505e255f5c37af74d115be38bc302991267f95f440e5f61ce4472,A,8,3,17,36,3,1,16-QAM,genie_zf,detection_nmse,0.070000953015764436,0.21000285904729329,,3,,,ok,,,20260818,1.503561700881817,7.0794578438413795,50
cui_fig6,925f2ab8975505e255f5c37af74d115be38bc302991267f95f440e5f61ce4472,A,8,3,17,36,3,1,16-QAM,cui_crlb,detection_nmse,0.095164036170620095,0.2854921085118603,,3,,,ok,,,20260818,1.503561700881817,7.0794578438413795,50
cui_fig6,925f2ab8975505e255f5c37af74d115be38bc302991267f95f440e5f61ce4472,A,8,3,18,36,3,1,16-QAM,biased_gs,detection_nmse,0.15331751941617683,0.45995255824853049,,3,,,ok,,,20260818,1.503561700881817,7.9432823472428149,50
cui_fig6,925f2ab8975505e255f5c37af74d115be38bc302991267f95f440e5f61ce4472,A,8,3,18,36,3,1,16-QAM,em_gs,detection_nmse,0.17944919391147093,0.53834758173441277,,3,,,ok,,,20260818,1.503561700881817,7.9432823472428149,50
cui_fig6,925f2ab8975505e255f5c37af74d115be38bc302991267f95f440e5f61ce4472,A,8,3,18,36,3,1,16-QAM,genie_zf,detection_nmse,0.046681077250041884,0.14004323175012565,,3,,,ok,,,20260818,1.503561700881817,7.9432823472428149,50
cui_fig6,925f2ab8975505e255f5c37af74d115be38bc302991267f95f440e5f61ce4472,A,8,3,18,36,3,1,16-QAM,cui_crlb,detection_nmse,0.093637067498816451,0.28091120249644935,,3,,,ok,,,20260818,1.503561700881817,7.9432823472428149,50
cui_fig6,925f2ab8975505e255f5c37af74d115be38bc302991267f95f440e5f61ce4472,A,8,3,19,36,3,1,16-QAM,biased_gs,detection_nmse,0.10786790597699726,0.3236037179309918,,3,,,ok,,,20260818,1.503561700881817,8.9125093813374541,50
cui_fig6,925f2ab8975505e255f5c37af74d115be38bc302991267f95f440e5f61ce4472,A,8,3,19,36,3,1,16-QAM,em_gs,detection_nmse,0.091086736926482448,0.27326021077944734,,3,,,ok,,,20260818,1.503561700881817,8.9125093813374541,50
cui_fig6,925f2ab8975505e255f5c37af74d115be38bc302991267f95f440e5f61ce4472,A,8,3,19,36,3,1,16-QAM,genie_zf,detection_nmse,0.030307955668890895,0.090923867006672682,,3,,,ok,,,20260818,1.503561700881817,8.9125093813374541,50
cui_fig6,925f2ab8975505e255f5c37af74d115be38bc302991267f95f440e5f61ce4472,A,8,3,19,36,3,1,16-QAM,cui_crlb,detection_nmse,0.091709104546246992,0.27512731363874099,,3,,,ok,,,20260818,1.503561700881817,8.9125093813374541,50
cui_fig6,925f2ab8975505e255f5c37af74d115be38bc302991267f95f440e5f61ce4472,A,8,3,20,36,3,1,16-QAM,biased_gs,detection_nmse,0.068922649524381194,0.20676794857314357,,3,,,ok,,,20260818,1.503561700881817,10.000000000000002,50
cui_fig6,925f2ab8975505e255f5c37af74d115be38bc302991267f95f440e5f61ce4472,A,8,3,20,36,3,1,16-QAM,em_gs,detection_nmse,0.070381130783835635,0.21114339235150689,,3,,,ok,,,20260818,1.503561700881817,10.000000000000002,50
cui_fig6,925f2ab8975505e255f5c37af74d115be38bc302991267f95f440e5f61ce4472,A,8,3,20,36,3,1,16-QAM,genie_zf,detection_nmse,0.11218593787079928,0.33655781361239784,,3,,,ok,,,20260818,1.503561700881817,10.000000000000002,50
cui_fig6,925f2ab8975505e255f5c37af74d115be38bc302991267f95f440e5f61ce4472,A,8,3,20,36,3,1,16-QAM,cui_crlb,detection_nmse,0.095733868662507438,0.28720160598752231,,3,,,ok,,,20260818,1.503561700881817,10.000000000000002,50
cui_fig6,925f2ab8975505e255f5c37af74d115be38bc302991267f95f440e5f61ce4472,A,8,3,21,36,3,1,16-QAM,biased_gs,detection_nmse,0.071638205079902276,0.21491461523970684,,3,,,ok,,,20260818,1.503561700881817,11.220184543019634,50
cui_fig6,925f2ab8975505e255f5c37af74d115be38bc302991267f95f440e5f61ce4472,A,8,3,21,36,3,1,16-QAM,em_gs,detection_nmse,0.072681145642681452,0.21804343692804434,,3,,,ok,,,20260818,1.503561700881817,11.220184543019634,50
cui_fig6,925f2ab8975505e255f5c37af74d115be38bc302991267f95f440e5f61ce4472,A,8,3,21,36,3,1,16-QAM,genie_zf,detection_nmse,0.028006660333627611,0.084019981000882829,,3,,,ok,,,20260818,1.503561700881817,11.220184543019634,50
cui_fig6,925f2ab8975505e255f5c37af74d115be38bc302991267f95f440e5f61ce4472,A,8,3,21,36,3,1,16-QAM,cui_crlb,detection_nmse,0.087017716739477627,0.26105315021843289,,3,,,ok,,,20260818,1.503561700881817,11.220184543019634,50
cui_fig6,925f2ab8975505e255f5c37af74d115be38bc302991267f95f440e5f61ce4472,A,8,3,22,36,3,1,16-QAM,biased_gs,detection_nmse,0.092046510104390453,0.27613953031317134,,3,,,ok,,,20260818,1.503561700881817,12.589254117941676,50
cui_fig6,925f2ab8975505e255f5c37af74d115be38bc302991267f95f440e5f61ce4472,A,8,3,22,36,3,1,16-QAM,em_gs,detection_nmse,0.090336279572022726,0.27100883871606818,,3,,,ok,,,20260818,1.503561700881817,12.589254117941676,50
cui_fig6,925f2ab8975505e255f5c37af74d115be38bc302991267f95f440e5f61ce4472,A,8,3,22,36,3,1,16-QAM,genie_zf,detection_nmse,0.043138267703144141,0.12941480310943243,,3,,,ok,,,20260818,1.503561700881817,12.589254117941676,50
cui_fig6,925f2ab8975505e255f5c37af74d115be38bc302991267f95f440e5f61ce4472,A,8,3,22,36,3,1,16-QAM,cui_crlb,detection_nmse,0.088773474979602474,0.26632042493880742,,3,,,ok,,,20260818,1.503561700881817,12.589254117941676,50
cui_fig6,925f2ab8975505e255f5c37af74d115be38bc302991267f95f440e5f61ce4472,A,8,3,23,36,3,1,16-QAM,biased_gs,detection_nmse,0.10910292888710064,0.32730878666130192,,3,,,ok,,,20260818,1.503561700881817,14.125375446227538,50
cui_fig6,925f2ab8975505e255f5c37af74d115be38bc302991267f95f440e5f61ce4472,A,8,3,23,36,3,1,16-QAM,em_gs,detection_nmse,0.087228008178742475,0.26168402453622741,,3,,,ok,,,20260818,1.503561700881817,14.125375446227538,50
cui_fig6,925f2ab8975505e255f5c37af74d115be38bc302991267f95f440e5f61ce4472,A,8,3,23,36,3,1,16-QAM,genie_zf,detection_nmse,0.029390265076116331,0.088170795228348989,,3,,,ok,,,20260818,1.503561700881817,14.125375446227538,50
cui_fig6,925f2ab8975505e255f5c37af74d115be38bc302991267f95f440e5f61ce4472,A,8,3,23,36,3,1,16-QAM,cui_crlb,detection_nmse,0.093128585365977123,0.27938575609793137,,3,,,ok,,,20260818,1.503561700881817,14.125375446227538,50
cui_fig6,925f2ab8975505e255f5c37af74d115be38bc302991267f95f440e5f61ce4472,A,8,3,24,36,3,1,16-QAM,biased_gs,detection_nmse,0.24339682925808181,0.73019048777424544,,3,,,ok,,,20260818,1.503561700881817,15.848931924611135,50
cui_fig6,925f2ab8975505e255f5c37af74d115be38bc302991267f95f440e5f61ce4472,A,8,3,24,36,3,1,16-QAM,em_gs,detection_nmse,0.2373305725329915,0.71199171759897451,,3,,,ok,,,20260818,1.503561700881817,15.848931924611135,50
cui_fig6,925f2ab8975505e255f5c37af74d115be38bc302991267f95f440e5f61ce4472,A,8,3,24,36,3,1,16-QAM,genie_zf,detection_nmse,0.047166379872455012,0.14149913961736504,,3,,,ok,,,20260818,1.503561700881817,15.848931924611135,50
cui_fig6,925f2ab8975505e255f5c37af74d115be38bc302991267f95f440e5f61ce4472,A,8,3,24,36,3,1,16-QAM,cui_crlb,detection_nmse,0.095978461199714538,0.28793538359914361,,3,,,ok,,,20260818,1.503561700881817,15.848931924611135,50
cui_fig6,925f2ab8975505e255f5c37af74d115be38bc302991267f95f440e5f61ce4472,A,8,3,25,36,3,1,16-QAM,biased_gs,detection_nmse,0.046696665661268892,0.14008999698380667,,3,,,ok,,,20260818,1.503561700881817,17.782794100389232,50
cui_fig6,925f2ab8975505e255f5c37af74d115be38bc302991267f95f440e5f61ce4472,A,8,3,25,36,3,1,16-QAM,em_gs,detection_nmse,0.034356159702736935,0.10306847910821081,,3,,,ok,,,20260818,1.503561700881817,17.782794100389232,50
cui_fig6,925f2ab8975505e255f5c37af74d115be38bc302991267f95f440e5f61ce4472,A,8,3,25,36,3,1,16-QAM,genie_zf,detection_nmse,0.011166978657735438,0.033500935973206317,,3,,,ok,,,20260818,1.503561700881817,17.782794100389232,50
cui_fig6,925f2ab8975505e255f5c37af74d115be38bc302991267f95f440e5f61ce4472,A,8,3,25,36,3,1,16-QAM,cui_crlb,detection_nmse,0.091074288082061194,0.27322286424618358,,3,,,ok,,,20260818,1.503561700881817,17.782794100389232,50
cui_fig6,925f2ab8975505e255f5c37af74d115be38bc302991267f95f440e5f61ce4472,A,9,3,0,36,3,1,16-QAM,biased_gs,detection_nmse,0.061361369726855464,0.18408410918056639,,3,,,ok,,,20260818,1.503561700881817,0.99999999999999989,50
cui_fig6,925f2ab8975505e255f5c37af74d115be38bc302991267f95f440e5f61ce4472,A,9,3,0,36,3,1,16-QAM,em_gs,detection_nmse,0.019309357839472328,0.05792807351841698,,3,,,ok,,,20260818,1.503561700881817,0.99999999999999989,50
cui_fig6,925f2ab8975505e255f5c37af74d115be38bc302991267f95f440e5f61ce4472,A,9,3,0,36,3,1,16-QAM,genie_zf,detection_nmse,0.032775466175270357,0.098326398525811071,,3,,,ok,,,20260818,1.503561700881817,0.99999999999999989,50
cui_fig6,925f2ab8975505e255f5c37af74d115be38bc302991267f95f440e5f61ce4472,A,9,3,0,36,3,1,16-QAM,cui_crlb,detection_nmse,0.1149562444215792,0.3448687332647376,,3,,,ok,,,20260818,1.503561700881817,0.99999999999999989,50
cui_fig6,925f2ab8975505e255f5c37af74d115be38bc302991267f95f440e5f61ce4472,A,9,3,1,36,3,1,16-QAM,biased_gs,detection_nmse,0.6281082640714839,1.8843247922144517,,3,,,ok,,,20260818,1.503561700881817,1.1220184543019636,50
cui_fig6,925f2ab8975505e255f5c37af74d115be38bc302991267f95f440e5f61ce4472,A,9,3,1,36,3,1,16-QAM,em_gs,detection_nmse,0.11149208987269039,0.3344762696180712,,3,,,ok,,,20260818,1.503561700881817,1.1220184543019636,50
cui_fig6,925f2ab8975505e255f5c37af74d115be38bc302991267f95f440e5f61ce4472,A,9,3,1,36,3,1,16-QAM,genie_zf,detection_nmse,0.031985959201004395,0.095957877603013178,,3,,,ok,,,20260818,1.503561700881817,1.1220184543019636,50
cui_fig6,925f2ab8975505e255f5c37af74d115be38bc302991267f95f440e5f61ce4472,A,9,3,1,36,3,1,16-QAM,cui_crlb,detection_nmse,0.12100053931401751,0.36300161794205255,,3,,,ok,,,20260818,1.503561700881817,1.1220184543019636,50
cui_fig6,925f2ab8975505e255f5c37af74d115be38bc302991267f95f440e5f61ce4472,A,9,3,2,36,3,1,16-QAM,biased_gs,detection_nmse,0.088686797508637061,0.26606039252591118,,3,,,ok,,,20260818,1.503561700881817,1.2589254117941671,50
cui_fig6,925f2ab8975505e255f5c37af74d115be38bc302991267f95f440e5f61ce4472,A,9,3,2,36,3,1,16-QAM,em_gs,detection_nmse,0.049863352591250278,0.14959005777375084,,3,,,ok,,,20260818,1.503561700881817,1.2589254117941671,50
cui_fig6,925f2ab8975505e255f5c37af74d115be38bc302991267f95f440e5f61ce4472,A,9,3,2,36,3,1,16-QAM,genie_zf,detection_nmse,0.036412488489693286,0.10923746546907986,,3,,,ok,,,20260818,1.503561700881817,1.2589254117941671,50
cui_fig6,925f2ab8975505e255f5c37af74d115be38bc302991267f95f440e5f61ce4472,A,9,3,2,36,3,1,16-QAM,cui_crlb,detection_nmse,0.099064190505988303,0.29719257151796491,,3,,,ok,,,20260818,1.503561700881817,1.2589254117941671,50
cui_fig6,925f2ab8975505e255f5c37af74d115be38bc302991267f95f440e5f61ce4472,A,9,3,3,36,3,1,16-QAM,biased_gs,detection_nmse,0.23908139139117066,0.71724417417351194,,3,,,ok,,,20260818,1.503561700881817,1.4125375446227539,50
cui_fig6,925f2ab8975505e255f5c37af74d115be38bc302991267f95f440e5f61ce4472,A,9,3,3,36,3,1,16-QAM,em_gs,detection_nmse,0.2008287960086895,0.60248638802606846,,3,,,ok,,,20260818,1.503561700881817,1.4125375446227539,50
cui_fig6,925f2ab8975505e255f5c37af74d115be38bc302991267f95f440e5f61ce4472,A,9,3,3,36,3,1,16-QAM,genie_zf,detection_nmse,0.037896963992809111,0.11369089197842734,,3,,,ok,,,20260818,1.503561700881817,1.4125375446227539,50
cui_fig6,925f2ab8975505e255f5c37af74d115be38bc302991267f95f440e5f61ce4472,A,9,3,3,36,3,1,16-QAM,cui_crlb,detection_nmse,0.11643622366076099,0.34930867098228296,,3,,,ok,,,20260818,1.503561700881817,1.4125375446227539,50
cui_fig6,925f2ab8975505e255f5c37af74d115be38bc302991267f95f440e5f61ce4472,A,9,3,4,36,3,1,16-QAM,biased_gs,detection_nmse,0.094338607975033059,0.28301582392509916,,3,,,ok,,,20260818,1.503561700881817,1.5848931924611134,50
cui_fig6,925f2ab8975505e255f5c37af74d115be38bc302991267f95f440e5f61ce4472,A,9,3,4,36,3,1,16-QAM,em_gs,detection_nmse,0.066641239201414418,0.19992371760424324,,3,,,ok,,,20260818,1.503561700881817,1.5848931924611134,50
cui_fig6,925f2ab8975505e255f5c37af74d115be38bc302991267f95f440e5f61ce4472,A,9,3,4,36,3,1,16-QAM,genie_zf,detection_nmse,0.063148350236013909,0.18944505070804174,,3,,,ok,,,20260818,1.503561700881817,1.5848931924611134,50
cui_fig6,925f2ab8975505e255f5c37af74d115be38bc302991267f95f440e5f61ce4472,A,9,3,4,36,3,1,16-QAM,cui_crlb,detection_nmse,0.093852015560878854,0.28155604668263656,,3,,,ok,,,20260818,1.503561700881817,1.5848931924611134,50
cui_fig6,925f2ab8975505e255f5c37af74d115be38bc302991267f95f440e5f61ce4472,A,9,3,5,36,3,1,16-QAM,biased_gs,detection_nmse,0.051523360064499486,0.15457008019349847,,3,,,ok,,,20260818,1.503561700881817,1.7782794100389232,50
cui_fig6,925f2ab8975505e255f5c37af74d115be38bc302991267f95f440e5f61ce4472,A,9,3,5,36,3,1,16-QAM,em_gs,detection_nmse,0.022537724891983944,0.067613174675951834,,3,,,ok,,,20260818,1.503561700881817,1.7782794100389232,50
cui_fig6,925f2ab8975505e255f5c37af74d115be38bc302991267f95f440e5f61ce4472,A,9,3,5,36,3,1,16-QAM,genie_zf,detection_nmse,0.023393234832927035,0.070179704498781109,,3,,,ok,,,20260818,1.503561700881817,1.7782794100389232,50
cui_fig6,925f2ab8975505e255f5c37af74d115be38bc302991267f95f440e5f61ce4472,A,9,3,5,36,3,1,16-QAM,cui_crlb,detection_nmse,0.12104506313480816,0.36313518940442446,,3,,,ok,,,20260818,1.503561700881817,1.7782794100389232,50
cui_fig6,925f2ab8975505e255f5c37af74d115be38bc302991267f95f440e5f61ce4472,A,9,3,6,36,3,1,16-QAM,biased_gs,detection_nmse,0.21869783317896149,0.65609349953688445,,3,,,ok,,,20260818,1.503561700881817,1.9952623149688797,50
cui_fig6,925f2ab8975505e255f5c37af74d115be38bc302991267f95f440e5f61ce4472,A,9,3,6,36,3,1,16-QAM,em_gs,detection_nmse,0.15560538813438532,0.46681616440315599,,3,,,ok,,,20260818,1.503561700881817,1.9952623149688797,50
cui_fig6,925f2ab8975505e255f5c37af74d115be38bc302991267f95f440e5f61ce4472,A,9,3,6,36,3,1,16-QAM,genie_zf,detection_nmse,0.050519907932803206,0.15155972379840962,,3,,,ok,,,20260818,1.503561700881817,1.9952623149688797,50
cui_fig6,925f2ab8975505e255f5c37af74d115be38bc302991267f95f440e5f61ce4472,A,9,3,6,36,3,1,16-QAM,cui_crlb,detection_nmse,0.11870904148547719,0.35612712445643158,,3,,,ok,,,20260818,1.503561700881817,1.9952623149688797,50
cui_fig6,925f2ab8975505e255f5c37af74d115be38bc302991267f95f440e5f61ce4472,A,9,3,7,36,3,1,16-QAM,biased_gs,detection_nmse,0.20153175228685538,0.60459525686056614,,3,,,ok,,,20260818,1.503561700881817,2.2387211385683394,50
cui_fig6,925f2ab8975505e255f5c37af74d115be38bc302991267f95f440e5f61ce4472,A,9,3,7,36,3,1,16-QAM,em_gs,detection_nmse,0.16377604016640521,0.49132812049921559,,3,,,ok,,,20260818,1.503561700881817,2.2387211385683394,50
cui_fig6,925f2ab8975505e255f5c37af74d115be38bc302991267f95f440e5f61ce4472,A,9,3,7,36,3,1,16-QAM,genie_zf,detection_nmse,0.053604968227574545,0.16081490468272364,,3,,,ok,,,20260818,1.503561700881817,2.2387211385683394,50
cui_fig6,925f2ab8975505e255f5c37af74d115be38bc302991267f95f440e5f61ce4472,A,9,3,7,36,3,1,16-QAM,cui_crlb,detection_nmse,0.10511029131772771,0.31533087395318316,,3,,,ok,,,20260818,1.503561700881817,2.2387211385683394,50
cui_fig6,925f2ab8975505e255f5c37af74d115be38bc302991267f95f440e5f61ce4472,A,9,3,8,36,3,1,16-QAM,biased_gs,detection_nmse,0.079660582215652323,0.23898174664695696,,3,,,ok,,,20260818,1.503561700881817,2.5118864315095806,50
cui_fig6,925f2ab8975505e255f5c37af74d115be38bc302991267f95f440e5f61ce4472,A,9,3,8,36,3,1,16-QAM,em_gs,detection_nmse,0.073099509003029486,0.21929852700908847,,3,,,ok,,,20260818,1.503561700881817,2.5118864315095806,50
cui_fig6,925f2ab8975505e255f5c37af74d115be38bc302991267f95f440e5f61ce4472,A,9,3,8,36,3,1,16-QAM,genie_zf,detection_nmse,0.036344290808836673,0.10903287242651002,,3,,,ok,,,20260818,1.503561700881817,2.5118864315095806,50
cui_fig6,925f2ab8975505e255f5c37af74d115be38bc302991267f95f440e5f61ce4472,A,9,3,8,36,3,1,16-QAM,cui_crlb,detection_nmse,0.10081522076259837,0.30244566228779513,,3,,,ok,,,20260818,1.503561700881817,2.5118864315095806,50
cui_fig6,925f2ab8975505e255f5c37af74d115be38bc302991267f95f440e5f61ce4472,A,9,3,9,36,3,1,16-QAM,biased_gs,detection_nmse,0.23671444188435378,0.71014332565306137,,3,,,ok,,,20260818,1.503561700881817,2.8183829312644546,50
cui_fig6,925f2ab8975505e255f5c37af74d115be38bc302991267f95f440e5f61ce4472,A,9,3,9,36,3,1,16-QAM,em_gs,detection_nmse,0.16320227714646796,0.48960683143940387,,3,,,ok,,,20260818,1.503561700881817,2.8183829312644546,50
cui_fig6,925f2ab8975505e255f5c37af74d115be38bc302991267f95f440e5f61ce4472,A,9,3,9,36,3,1,16-QAM,genie_zf,detection_nmse,0.037512881764494396,0.11253864529348319,,3,,,ok,,,20260818,1.503561700881817,2.8183829312644546,50
cui_fig6,925f2ab8975505e255f5c37af74d115be38bc302991267f95f440e5f61ce4472,A,9,3,9,36,3,1,16-QAM,cui_crlb,detection_nmse,0.10956680653052535,0.32870041959157603,,3,,,ok,,,20260818,1.503561700881817,2.8183829312644546,50
cui_fig6,925f2ab8975505e255f5c37af74d115be38bc302991267f95f440e5f61ce4472,A,9,3,10,36,3,1,16-QAM,biased_gs,detection_nmse,0.045875825838200379,0.13762747751460114,,3,,,ok,,,20260818,1.503561700881817,3.1622776601683791,50
cui_fig6,925f2ab8975505e255f5c37af74d115be38bc302991267f95f440e5f61ce4472,A,9,3,10,36,3,1,16-QAM,em_gs,detection_nmse,0.044554022230618599,0.13366206669185579,,3,,,ok,,,20260818,1.503561700881817,3.1622776601683791,50
cui_fig6,925f2ab8975505e255f5c37af74d115be38bc302991267f95f440e5f61ce4472,A,9,3,10,36,3,1,16-QAM,genie_zf,detection_nmse,0.040679622334408132,0.12203886700322439,,3,,,ok,,,20260818,1.503561700881817,3.1622776601683791,50
cui_fig6,925f2ab8975505e255f5c37af74d115be38bc302991267f95f440e5f61ce4472,A,9,3,10,36,3,1,16-QAM,cui_crlb,detection_nmse,0.09694818518299346,0.29084455554898037,,3,,,ok,,,20260818,1.503561700881817,3.1622776601683791,50
cui_fig6,925f2ab8975505e255f5c37af74d115be38bc302991267f95f440e5f61ce4472,A,9,3,11,36,3,1,16-QAM,biased_gs,detection_nmse,0.15705863144881715,0.47117589434645146,,3,,,ok,,,20260818,1.503561700881817,3.548133892335755,50
cui_fig6,925f2ab8975505e255f5c37af74d115be38bc302991267f95f440e5f61ce4472,A,9,3,11,36,3,1,16-QAM,em_gs,detection_nmse,0.14205935974944417,0.42617807924833251,,3,,,ok,,,20260818,1.503561700881817,3.548133892335755,50
cui_fig6,925f2ab8975505e255f5c37af74d115be38bc302991267f95f440e5f61ce4472,A,9,3,11,36,3,1,16-QAM,genie_zf,detection_nmse,0.034155655197537042,0.10246696559261113,,3,,,ok,,,20260818,1.503561700881817,3.548133892335755,50
cui_fig6,925f2ab8975505e255f5c37af74d115be38bc302991267f95f440e5f61ce4472,A,9,3,11,36,3,1,16-QAM,cui_crlb,detection_nmse,0.095980175058905756,0.28794052517671725,,3,,,ok,,,20260818,1.503561700881817,3.548133892335755,50
cui_fig6,925f2ab8975505e255f5c37af74d115be38bc302991267f95f440e5f61ce4472,A,9,3,12,36,3,1,16-QAM,biased_gs,detection_nmse,0.12345890730747767,0.37037672192243304,,3,,,ok,,,20260818,1.503561700881817,3.9810717055349722,50
cui_fig6,925f2ab8975505e255f5c37af74d115be38bc302991267f95f440e5f61ce4472,A,9,3,12,36,3,1,16-QAM,em_gs,detection_nmse,0.10180592073203378,0.30541776219610134,,3,,,ok,,,20260818,1.503561700881817,3.9810717055349722,50
cui_fig6,925f2ab8975505e255f5c37af74d115be38bc302991267f95f440e5f61ce4472,A,9,3,12,36,3,1,16-QAM,genie_zf,detection_nmse,0.011975947199275789,0.035927841597827366,,3,,,ok,,,20260818,1.503561700881817,3.9810717055349722,50
cui_fig6,925f2ab8975505e255f5c37af74d115be38bc302991267f95f440e5f61ce4472,A,9,3,12,36,3,1,16-QAM,cui_crlb,detection_nmse,0.098498337234976474,0.29549501170492942,,3,,,ok,,,20260818,1.503561700881817,3.9810717055349722,50
cui_fig6,925f2ab8975505e255f5c37af74d115be38bc302991267f95f440e5f61ce4472,A,9,3,13,36,3,1,16-QAM,biased_gs,detection_nmse,0.16082399148622942,0.48247197445868828,,3,,,ok,,,20260818,1.503561700881817,4.4668359215096309,50
cui_fig6,925f2ab8975505e255f5c37af74d115be38bc302991267f95f440e5f61ce4472,A,9,3,13,36,3,1,16-QAM,em_gs,detection_nmse,0.10344725134027476,0.31034175402082426,,3,,,ok,,,20260818,1.503561700881817,4.4668359215096309,50
cui_fig6,925f2ab8975505e255f5c37af74d115be38bc302991267f95f440e5f61ce4472,A,9,3,13,36,3,1,16-QAM,genie_zf,detection_nmse,0.027249227622574489,0.081747682867723465,,3,,,ok,,,20260818,1.503561700881817,4.4668359215096309,50
cui_fig6,925f2ab8975505e255f5c37af74d115be38bc302991267f95f440e5f61ce4472,A,9,3,13,36,3,1,16-QAM,cui_crlb,detection_nmse,0.097562604232975067,0.29268781269892519,,3,,,ok,,,20260818,1.503561700881817,4.4668359215096309,50
cui_fig6,925f2ab8975505e255f5c37af74d115be38bc302991267f95f440e5f61ce4472,A,9,3,14,36,3,1,16-QAM,biased_gs,detection_nmse,0.059175884737619484,0.17752765421285846,,3,,,ok,,,20260818,1.503561700881817,5.011872336272722,50
cui_fig6,925f2ab8975505e255f5c37af74d115be38bc302991267f95f440e5f61ce4472,A,9,3,14,36,3,1,16-QAM,em_gs,detection_nmse,0.061870481520144488,0.18561144456043346,,3,,,ok,,,20260818,1.503561700881817,5.011872336272722,50
cui_fig6,925f2ab8975505e255f5c37af74d115be38bc302991267f95f440e5f61ce4472,A,9,3,14,36,3,1,16-QAM,genie_zf,detection_nmse,0.037618504683764105,0.11285551405129232,,3,,,ok,,,20260818,1.503561700881817,5.011872336272722,50
cui_fig6,925f2ab8975505e255f5c37af74d115be38bc302991267f95f440e5f61ce4472,A,9,3,14,36,3,1,16-QAM,cui_crlb,detection_nmse,0.095058315143514524,0.28517494543054356,,3,,,ok,,,20260818,1.503561700881817,5.011872336272722,50
cui_fig6,925f2ab8975505e255f5c37af74d115be38bc302991267f95f440e5f61ce4472,A,9,3,15,36,3,1,16-QAM,biased_gs,detection_nmse,0.18766371296996498,0.56299113890989494,,3,,,ok,,,20260818,1.503561700881817,5.6234132519034912,50
cui_fig6,925f2ab8975505e255f5c37af74d115be38bc302991267f95f440e5f61ce4472,A,9,3,15,36,3,1,16-QAM,em_gs,detection_nmse,0.18276567104158747,0.54829701312476242,,3,,,ok,,,20260818,1.503561700881817,5.6234132519034912,50
cui_fig6,925f2ab8975505e255f5c37af74d115be38bc302991267f95f440e5f61ce4472,A,9,3,15,36,3,1,16-QAM,genie_zf,detection_nmse,0.020773736552585735,0.062321209657757205,,3,,,ok,,,20260818,1.503561700881817,5.6234132519034912,50
cui_fig6,925f2ab8975505e255f5c37af74d115be38bc302991267f95f440e5f61ce4472,A,9,3,15,36,3,1,16-QAM,cui_crlb,detection_nmse,0.091902656853714529,0.2757079705611436,,3,,,ok,,,20260818,1.503561700881817,5.6234132519034912,50
cui_fig6,925f2ab8975505e255f5c37af74d115be38bc302991267f95f440e5f61ce4472,A,9,3,16,36,3,1,16-QAM,biased_gs,detection_nmse,0.12002967855445403,0.36008903566336209,,3,,,ok,,,20260818,1.503561700881817,6.3095734448019334,50
cui_fig6,925f2ab8975505e255f5c37af74d115be38bc302991267f95f440e5f61ce4472,A,9,3,16,36,3,1,16-QAM,em_gs,detection_nmse,0.13389778827084417,0.40169336481253248,,3,,,ok,,,20260818,1.503561700881817,6.3095734448019334,50
cui_fig6,925f2ab8975505e255f5c37af74d115be38bc302991267f95f440e5f61ce4472,A,9,3,16,36,3,1,16-QAM,genie_zf,detection_nmse,0.055447693361245977,0.16634308008373794,,3,,,ok,,,20260818,1.503561700881817,6.3095734448019334,50
cui_fig6,925f2ab8975505e255f5c37af74d115be38bc302991267f95f440e5f61ce4472,A,9,3,16,36,3,1,16-QAM,cui_crlb,detection_nmse,0.089990870781444923,0.26997261234433478,,3,,,ok,,,20260818,1.503561700881817,6.3095734448019334,50
cui_fig6,925f2ab8975505e255f5c37af74d115be38bc302991267f95f440e5f61ce4472,A,9,3,17,36,3,1,16-QAM,biased_gs,detection_nmse,0.11237491771091794,0.33712475313275381,,3,,,ok,,,20260818,1.503561700881817,7.0794578438413769,50
cui_fig6,925f2ab8975505e255f5c37af74d115be38bc302991267f95f440e5f61ce4472,A,9,3,17,36,3,1,16-QAM,em_gs,detection_nmse,0.10639931385660135,0.31919794156980408,,3,,,ok,,,20260818,1.503561700881817,7.0794578438413769,50
cui_fig6,925f2ab8975505e255f5c37af74d115be38bc302991267f95f440e5f61ce4472,A,9,3,17,36,3,1,16-QAM,genie_zf,detection_nmse,0.019488398178566842,0.058465194535700524,,3,,,ok,,,20260818,1.503561700881817,7.0794578438413769,50
cui_fig6,925f2ab8975505e255f5c37af74d115be38bc302991267f95f440e5f61ce4472,A,9,3,17,36,3,1,16-QAM,cui_crlb,detection_nmse,0.089861848023463933,0.26958554407039181,,3,,,ok,,,20260818,1.503561700881817,7.0794578438413769,50
cui_fig6,925f2ab8975505e255f5c37af74d115be38bc302991267f95f440e5f61ce4472,A,9,3,18,36,3,1,16-QAM,biased_gs,detection_nmse,0.14829309328833237,0.44487927986499715,,3,,,ok,,,20260818,1.503561700881817,7.9432823472428149,50
cui_fig6,925f2ab8975505e255f5c37af74d115be38bc302991267f95f440e5f61ce4472,A,9,3,18,36,3,1,16-QAM,em_gs,detection_nmse,0.14261113404817746,0.42783340214453236,,3,,,ok,,,20260818,1.503561700881817,7.9432823472428149,50
cui_fig6,925f2ab8975505e255f5c37af74d115be38bc302991267f95f440e5f61ce4472,A,9,3,18,36,3,1,16-QAM,genie_zf,detection_nmse,0.03846681215378369,0.11540043646135108,,3,,,ok,,,20260818,1.503561700881817,7.9432823472428149,50
cui_fig6,925f2ab8975505e255f5c37af74d115be38bc302991267f95f440e5f61ce4472,A,9,3,18,36,3,1,16-QAM,cui_crlb,detection_nmse,0.087243449919343866,0.26173034975803161,,3,,,ok,,,20260818,1.503561700881817,7.9432823472428149,50
cui_fig6,925f2ab8975505e255f5c37af74d115be38bc302991267f95f440e5f61ce4472,A,9,3,19,36,3,1,16-QAM,biased_gs,detection_nmse,0.10059622389461111,0.30178867168383333,,3,,,ok,,,20260818,1.503561700881817,8.9125093813374558,50
cui_fig6,925f2ab8975505e255f5c37af74d115be38bc302991267f95f440e5f61ce4472,A,9,3,19,36,3,1,16-QAM,em_gs,detection_nmse,0.093375791539025935,0.28012737461707782,,3,,,ok,,,20260818,1.503561700881817,8.9125093813374558,50
cui_fig6,925f2ab8975505e255f5c37af74d115be38bc302991267f95f440e5f61ce4472,A,9,3,19,36,3,1,16-QAM,genie_zf,detection_nmse,0.029669168509199206,0.089007505527597619,,3,,,ok,,,20260818,1.503561700881817,8.9125093813374558,50
cui_fig6,925f2ab8975505e255f5c37af74d115be38bc302991267f95f440e5f61ce4472,A,9,3,19,36,3,1,16-QAM,cui_crlb,detection_nmse,0.087713033680088023,0.26313910104026406,,3,,,ok,,,20260818,1.503561700881817,8.9125093813374558,50
cui_fig6,925f2ab8975505e255f5c37af74d115be38bc302991267f95f440e5f61ce4472,A,9,3,20,36,3,1,16-QAM,biased_gs,detection_nmse,0.091559618676158153,0.27467885602847447,,3,,,ok,,,20260818,1.503561700881817,10.000000000000002,50
cui_fig6,925f2ab8975505e255f5c37af74d115be38bc302991267f95f440e5f61ce4472,A,9,3,20,36,3,1,16-QAM,em_gs,detection_nmse,0.10537690676283983,0.31613072028851946,,3,,,ok,,,20260818,1.503561700881817,10.000000000000002,50
cui_fig6,925f2ab8975505e255f5c37af74d115be38bc302991267f95f440e5f61ce4472,A,9,3,20,36,3,1,16-QAM,genie_zf,detection_nmse,0.027512215239090695,0.082536645717272081,,3,,,ok,,,20260818,1.503561700881817,10.000000000000002,50
cui_fig6,925f2ab8975505e255f5c37af74d115be38bc302991267f95f440e5f61ce4472,A,9,3,20,36,3,1,16-QAM,cui_crlb,detection_nmse,0.089178779910923392,0.26753633973277019,,3,,,ok,,,20260818,1.503561700881817,10.000000000000002,50
cui_fig6,925f2ab8975505e255f5c37af74d115be38bc302991267f95f440e5f61ce4472,A,9,3,21,36,3,1,16-QAM,biased_gs,detection_nmse,0.20792199173943904,0.62376597521831711,,3,,,ok,,,20260818,1.503561700881817,11.220184543019633,50
cui_fig6,925f2ab8975505e255f5c37af74d115be38bc302991267f95f440e5f61ce4472,A,9,3,21,36,3,1,16-QAM,em_gs,detection_nmse,0.20266597965153429,0.60799793895460286,,3,,,ok,,,20260818,1.503561700881817,11.220184543019633,50
cui_fig6,925f2ab8975505e255f5c37af74d115be38bc302991267f95f440e5f61ce4472,A,9,3,21,36,3,1,16-QAM,genie_zf,detection_nmse,0.023343097254720977,0.070029291764162935,,3,,,ok,,,20260818,1.503561700881817,11.220184543019633,50
cui_fig6,925f2ab8975505e255f5c37af74d115be38bc302991267f95f440e5f61ce4472,A,9,3,21,36,3,1,16-QAM,cui_crlb,detection_nmse,0.087129880019963316,0.26138964005988996,,3,,,ok,,,20260818,1.503561700881817,11.220184543019633,50
cui_fig6,925f2ab8975505e255f5c37af74d115be38bc302991267f95f440e5f61ce4472,A,9,3,22,36,3,1,16-QAM,biased_gs,detection_nmse,0.13880497419664645,0.41641492258993934,,3,,,ok,,,20260818,1.503561700881817,12.589254117941676,50
cui_fig6,925f2ab8975505e255f5c37af74d115be38bc302991267f95f440e5f61ce4472,A,9,3,22,36,3,1,16-QAM,em_gs,detection_nmse,0.14111448783864192,0.42334346351592578,,3,,,ok,,,20260818,1.503561700881817,12.589254117941676,50
cui_fig6,925f2ab8975505e255f5c37af74d115be38bc302991267f95f440e5f61ce4472,A,9,3,22,36,3,1,16-QAM,genie_zf,detection_nmse,0.067624361011291781,0.20287308303387536,,3,,,ok,,,20260818,1.503561700881817,12.589254117941676,50
cui_fig6,925f2ab8975505e255f5c37af74d115be38bc302991267f95f440e5f61ce4472,A,9,3,22,36,3,1,16-QAM,cui_crlb,detection_nmse,0.084675745962672175,0.25402723788801651,,3,,,ok,,,20260818,1.503561700881817,12.589254117941676,50
cui_fig6,925f2ab8975505e255f5c37af74d115be38bc302991267f95f440e5f61ce4472,A,9,3,23,36,3,1,16-QAM,biased_gs,detection_nmse,0.13336097250239101,0.40008291750717306,,3,,,ok,,,20260818,1.503561700881817,14.125375446227542,50
cui_fig6,925f2ab8975505e255f5c37af74d115be38bc302991267f95f440e5f61ce4472,A,9,3,23,36,3,1,16-QAM,em_gs,detection_nmse,0.11269633991549004,0.3380890197464701,,3,,,ok,,,20260818,1.503561700881817,14.125375446227542,50
cui_fig6,925f2ab8975505e255f5c37af74d115be38bc302991267f95f440e5f61ce4472,A,9,3,23,36,3,1,16-QAM,genie_zf,detection_nmse,0.035698730525111293,0.10709619157533387,,3,,,ok,,,20260818,1.503561700881817,14.125375446227542,50
cui_fig6,925f2ab8975505e255f5c37af74d115be38bc302991267f95f440e5f61ce4472,A,9,3,23,36,3,1,16-QAM,cui_crlb,detection_nmse,0.095699501929847261,0.28709850578954177,,3,,,ok,,,20260818,1.503561700881817,14.125375446227542,50
cui_fig6,925f2ab8975505e255f5c37af74d115be38bc302991267f95f440e5f61ce4472,A,9,3,24,36,3,1,16-QAM,biased_gs,detection_nmse,0.0769008733519774,0.2307026200559322,,3,,,ok,,,20260818,1.503561700881817,15.848931924611133,50
cui_fig6,925f2ab8975505e255f5c37af74d115be38bc302991267f95f440e5f61ce4472,A,9,3,24,36,3,1,16-QAM,em_gs,detection_nmse,0.076099879400642043,0.22829963820192611,,3,,,ok,,,20260818,1.503561700881817,15.848931924611133,50
cui_fig6,925f2ab8975505e255f5c37af74d115be38bc302991267f95f440e5f61ce4472,A,9,3,24,36,3,1,16-QAM,genie_zf,detection_nmse,0.050395191001421501,0.1511855730042645,,3,,,ok,,,20260818,1.503561700881817,15.848931924611133,50
cui_fig6,925f2ab8975505e255f5c37af74d115be38bc302991267f95f440e5f61ce4472,A,9,3,24,36,3,1,16-QAM,cui_crlb,detection_nmse,0.092148127254176634,0.27644438176252989,,3,,,ok,,,20260818,1.503561700881817,15.848931924611133,50
cui_fig6,925f2ab8975505e255f5c37af74d115be38bc302991267f95f440e5f61ce4472,A,9,3,25,36,3,1,16-QAM,biased_gs,detection_nmse,0.031996047702372417,0.095988143107117258,,3,,,ok,,,20260818,1.503561700881817,17.782794100389228,50
cui_fig6,925f2ab8975505e255f5c37af74d115be38bc302991267f95f440e5f61ce4472,A,9,3,25,36,3,1,16-QAM,em_gs,detection_nmse,0.027247328533042969,0.081741985599128902,,3,,,ok,,,20260818,1.503561700881817,17.782794100389228,50
cui_fig6,925f2ab8975505e255f5c37af74d115be38bc302991267f95f440e5f61ce4472,A,9,3,25,36,3,1,16-QAM,genie_zf,detection_nmse,0.028716359862236682,0.086149079586710045,,3,,,ok,,,20260818,1.503561700881817,17.782794100389228,50
cui_fig6,925f2ab8975505e255f5c37af74d115be38bc302991267f95f440e5f61ce4472,A,9,3,25,36,3,1,16-QAM,cui_crlb,detection_nmse,0.089112881132821009,0.26733864339846303,,3,,,ok,,,20260818,1.503561700881817,17.782794100389228,50
cui_fig6,925f2ab8975505e255f5c37af74d115be38bc302991267f95f440e5f61ce4472,A,10,3,0,36,3,1,16-QAM,biased_gs,detection_nmse,0.25941634503264677,0.7782490350979403,,3,,,ok,,,20260818,1.503561700881817,1,50
cui_fig6,925f2ab8975505e255f5c37af74d115be38bc302991267f95f440e5f61ce4472,A,10,3,0,36,3,1,16-QAM,em_gs,detection_nmse,0.22864644185558969,0.68593932556676906,,3,,,ok,,,20260818,1.503561700881817,1,50
cui_fig6,925f2ab8975505e255f5c37af74d115be38bc302991267f95f440e5f61ce4472,A,10,3,0,36,3,1,16-QAM,genie_zf,detection_nmse,0.022756514033338889,0.068269542100016664,,3,,,ok,,,20260818,1.503561700881817,1,50
cui_fig6,925f2ab8975505e255f5c37af74d115be38bc302991267f95f440e5f61ce4472,A,10,3,0,36,3,1,16-QAM,cui_crlb,detection_nmse,0.11032086088353606,0.33096258265060818,,3,,,ok,,,20260818,1.503561700881817,1,50
cui_fig6,925f2ab8975505e255f5c37af74d115be38bc302991267f95f440e5f61ce4472,A,10,3,1,36,3,1,16-QAM,biased_gs,detection_nmse,0.45601927233849376,1.3680578170154813,,3,,,ok,,,20260818,1.503561700881817,1.1220184543019636,50
cui_fig6,925f2ab8975505e255f5c37af74d115be38bc302991267f95f440e5f61ce4472,A,10,3,1,36,3,1,16-QAM,em_gs,detection_nmse,0.42266418713355075,1.2679925614006522,,3,,,ok,,,20260818,1.503561700881817,1.1220184543019636,50
cui_fig6,925f2ab8975505e255f5c37af74d115be38bc302991267f95f440e5f61ce4472,A,10,3,1,36,3,1,16-QAM,genie_zf,detection_nmse,0.059980895844843264,0.1799426875345298,,3,,,ok,,,20260818,1.503561700881817,1.1220184543019636,50
cui_fig6,925f2ab8975505e255f5c37af74d115be38bc302991267f95f440e5f61ce4472,A,10,3,1,36,3,1,16-QAM,cui_crlb,detection_nmse,0.11321681773478391,0.33965045320435172,,3,,,ok,,,20260818,1.503561700881817,1.1220184543019636,50
cui_fig6,925f2ab8975505e255f5c37af74d115be38bc302991267f95f440e5f61ce4472,A,10,3,2,36,3,1,16-QAM,biased_gs,detection_nmse,0.2874459663033091,0.86233789890992729,,3,,,ok,,,20260818,1.503561700881817,1.2589254117941673,50
cui_fig6,925f2ab8975505e255f5c37af74d115be38bc302991267f95f440e5f61ce4472,A,10,3,2,36,3,1,16-QAM,em_gs,detection_nmse,0.096385236251837383,0.28915570875551216,,3,,,ok,,,20260818,1.503561700881817,1.2589254117941673,50
cui_fig6,925f2ab8975505e255f5c37af74d115be38bc302991267f95f440e5f61ce4472,A,10,3,2,36,3,1,16-QAM,genie_zf,detection_nmse,0.014207281857024752,0.042621845571074256,,3,,,ok,,,20260818,1.503561700881817,1.2589254117941673,50
cui_fig6,925f2ab8975505e255f5c37af74d115be38bc302991267f95f440e5f61ce4472,A,10,3,2,36,3,1,16-QAM,cui_crlb,detection_nmse,0.10306625583679692,0.30919876751039077,,3,,,ok,,,20260818,1.503561700881817,1.2589254117941673,50
cui_fig6,925f2ab8975505e255f5c37af74d115be38bc302991267f95f440e5f61ce4472,A,10,3,3,36,3,1,16-QAM,biased_gs,detection_nmse,0.45553523992443568,1.366605719773307,,3,,,ok,,,20260818,1.503561700881817,1.4125375446227542,50
cui_fig6,925f2ab8975505e255f5c37af74d115be38bc302991267f95f440e5f61ce4472,A,10,3,3,36,3,1,16-QAM,em_gs,detection_nmse,0.38025118612910802,1.1407535583873241,,3,,,ok,,,20260818,1.503561700881817,1.4125375446227542,50
cui_fig6,925f2ab8975505e255f5c37af74d115be38bc302991267f95f440e5f61ce4472,A,10,3,3,36,3,1,16-QAM,genie_zf,detection_nmse,0.030773104994929201,0.092319314984787598,,3,,,ok,,,20260818,1.503561700881817,1.4125375446227542,50
cui_fig6,925f2ab8975505e255f5c37af74d115be38bc302991267f95f440e5f61ce4472,A,10,3,3,36,3,1,16-QAM,cui_crlb,detection_nmse,0.10052280591274104,0.30156841773822313,,3,,,ok,,,20260818,1.503561700881817,1.4125375446227542,50
cui_fig6,925f2ab8975505e255f5c37af74d115be38bc302991267f95f440e5f61ce4472,A,10,3,4,36,3,1,16-QAM,biased_gs,detection_nmse,0.42427056676578756,1.2728117002973627,,3,,,ok,,,20260818,1.503561700881817,1.5848931924611136,50
cui_fig6,925f2ab8975505e255f5c37af74d115be38bc302991267f95f440e5f61ce4472,A,10,3,4,36,3,1,16-QAM,em_gs,detection_nmse,0.20710624809840436,0.62131874429521305,,3,,,ok,,,20260818,1.503561700881817,1.5848931924611136,50
cui_fig6,925f2ab8975505e255f5c37af74d115be38bc302991267f95f440e5f61ce4472,A,10,3,4,36,3,1,16-QAM,genie_zf,detection_nmse,0.026392108646479531,0.079176325939438588,,3,,,ok,,,20260818,1.503561700881817,1.5848931924611136,50
cui_fig6,925f2ab8975505e255f5c37af74d115be38bc302991267f95f440e5f61ce4472,A,10,3,4,36,3,1,16-QAM,cui_crlb,detection_nmse,0.1289610274608077,0.38688308238242308,,3,,,ok,,,20260818,1.503561700881817,1.5848931924611136,50
cui_fig6,925f2ab8975505e255f5c37af74d115be38bc302991267f95f440e5f61ce4472,A,10,3,5,36,3,1,16-QAM,biased_gs,detection_nmse,0.11678661053098066,0.35035983159294198,,3,,,ok,,,20260818,1.503561700881817,1.778279410038923,50
cui_fig6,925f2ab8975505e255f5c37af74d115be38bc302991267f95f440e5f61ce4472,A,10,3,5,36,3,1,16-QAM,em_gs,detection_nmse,0.11300744221940291,0.33902232665820875,,3,,,ok,,,20260818,1.503561700881817,1.778279410038923,50
cui_fig6,925f2ab8975505e255f5c37af74d115be38bc302991267f95f440e5f61ce4472,A,10,3,5,36,3,1,16-QAM,genie_zf,detection_nmse,0.017683659563230106,0.053050978689690317,,3,,,ok,,,20260818,1.503561700881817,1.778279410038923,50
cui_fig6,925f2ab8975505e255f5c37af74d115be38bc302991267f95f440e5f61ce4472,A,10,3,5,36,3,1,16-QAM,cui_crlb,detection_nmse,0.10766165265543248,0.32298495796629745,,3,,,ok,,,20260818,1.503561700881817,1.778279410038923,50
cui_fig6,925f2ab8975505e255f5c37af74d115be38bc302991267f95f440e5f61ce4472,A,10,3,6,36,3,1,16-QAM,biased_gs,detection_nmse,0.10689118976920288,0.32067356930760865,,3,,,ok,,,20260818,1.503561700881817,1.9952623149688797,50
cui_fig6,925f2ab8975505e255f5c37af74d115be38bc302991267f95f440e5f61ce4472,A,10,3,6,36,3,1,16-QAM,em_gs,detection_nmse,0.097816576056959523,0.29344972817087855,,3,,,ok,,,20260818,1.503561700881817,1.9952623149688797,50
cui_fig6,925f2ab8975505e255f5c37af74d115be38bc302991267f95f440e5f61ce4472,A,10,3,6,36,3,1,16-QAM,genie_zf,detection_nmse,0.03726225380215898,0.11178676140647693,,3,,,ok,,,20260818,1.503561700881817,1.9952623149688797,50
cui_fig6,925f2ab8975505e255f5c37af74d115be38bc302991267f95f440e5f61ce4472,A,10,3,6,36,3,1,16-QAM,cui_crlb,detection_nmse,0.1087222382120147,0.32616671463604407,,3,,,ok,,,20260818,1.503561700881817,1.9952623149688797,50
cui_fig6,925f2ab8975505e255f5c37af74d115be38bc302991267f95f440e5f61ce4472,A,10,3,7,36,3,1,16-QAM,biased_gs,detection_nmse,0.19880276326161839,0.59640828978485516,,3,,,ok,,,20260818,1.503561700881817,2.2387211385683394,50
cui_fig6,925f2ab8975505e255f5c37af74d115be38bc302991267f95f440e5f61ce4472,A,10,3,7,36,3,1,16-QAM,em_gs,detection_nmse,0.061021460796025544,0.18306438238807662,,3,,,ok,,,20260818,1.503561700881817,2.2387211385683394,50
cui_fig6,925f2ab8975505e255f5c37af74d115be38bc302991267f95f440e5f61ce4472,A,10,3,7,36,3,1,16-QAM,genie_zf,detection_nmse,0.032488540134706159,0.097465620404118478,,3,,,ok,,,20260818,1.503561700881817,2.2387211385683394,50
cui_fig6,925f2ab8975505e255f5c37af74d115be38bc302991267f95f440e5f61ce4472,A,10,3,7,36,3,1,16-QAM,cui_crlb,detection_nmse,0.11496908751531776,0.34490726254595327,,3,,,ok,,,20260818,1.503561700881817,2.2387211385683394,50
cui_fig6,925f2ab8975505e255f5c37af74d115be38bc302991267f95f440e5f61ce4472,A,10,3,8,36,3,1,16-QAM,biased_gs,detection_nmse,0.38036042941013709,1.1410812882304113,,3,,,ok,,,20260818,1.503561700881817,2.5118864315095801,50
cui_fig6,925f2ab8975505e255f5c37af74d115be38bc302991267f95f440e5f61ce4472,A,10,3,8,36,3,1,16-QAM,em_gs,detection_nmse,0.16725209959476714,0.50175629878430139,,3,,,ok,,,20260818,1.503561700881817,2.5118864315095801,50
cui_fig6,925f2ab8975505e255f5c37af74d115be38bc302991267f95f440e5f61ce4472,A,10,3,8,36,3,1,16-QAM,genie_zf,detection_nmse,0.02541218448032043,0.076236553440961294,,3,,,ok,,,20260818,1.503561700881817,2.5118864315095801,50
cui_fig6,925f2ab8975505e255f5c37af74d115be38bc302991267f95f440e5f61ce4472,A,10,3,8,36,3,1,16-QAM,cui_crlb,detection_nmse,0.10339379816775374,0.31018139450326121,,3,,,ok,,,20260818,1.503561700881817,2.5118864315095801,50
cui_fig6,925f2ab8975505e255f5c37af74d115be38bc302991267f95f440e5f61ce4472,A,10,3,9,36,3,1,16-QAM,biased_gs,detection_nmse,0.16178729145937815,0.48536187437813444,,3,,,ok,,,20260818,1.503561700881817,2.8183829312644542,50
cui_fig6,925f2ab8975505e255f5c37af74d115be38bc302991267f95f440e5f61ce4472,A,10,3,9,36,3,1,16-QAM,em_gs,detection_nmse,0.15632331915933603,0.46896995747800807,,3,,,ok,,,20260818,1.503561700881817,2.8183829312644542,50
cui_fig6,925f2ab8975505e255f5c37af74d115be38bc302991267f95f440e5f61ce4472,A,10,3,9,36,3,1,16-QAM,genie_zf,detection_nmse,0.043335520924645377,0.13000656277393613,,3,,,ok,,,20260818,1.503561700881817,2.8183829312644542,50
cui_fig6,925f2ab8975505e255f5c37af74d115be38bc302991267f95f440e5f61ce4472,A,10,3,9,36,3,1,16-QAM,cui_crlb,detection_nmse,0.098370243337004837,0.29511073001101451,,3,,,ok,,,20260818,1.503561700881817,2.8183829312644542,50
cui_fig6,925f2ab8975505e255f5c37af74d115be38bc302991267f95f440e5f61ce4472,A,10,3,10,36,3,1,16-QAM,biased_gs,detection_nmse,0.19108869893252201,0.57326609679756602,,3,,,ok,,,20260818,1.503561700881817,3.1622776601683795,50
cui_fig6,925f2ab8975505e255f5c37af74d115be38bc302991267f95f440e5f61ce4472,A,10,3,10,36,3,1,16-QAM,em_gs,detection_nmse,0.16423466861718419,0.49270400585155261,,3,,,ok,,,20260818,1.503561700881817,3.1622776601683795,50
cui_fig6,925f2ab8975505e255f5c37af74d115be38bc302991267f95f440e5f61ce4472,A,10,3,10,36,3,1,16-QAM,genie_zf,detection_nmse,0.01254955720978799,0.037648671629363972,,3,,,ok,,,20260818,1.503561700881817,3.1622776601683795,50
cui_fig6,925f2ab8975505e255f5c37af74d115be38bc302991267f95f440e5f61ce4472,A,10,3,10,36,3,1,16-QAM,cui_crlb,detection_nmse,0.10312975013707808,0.30938925041123422,,3,,,ok,,,20260818,1.503561700881817,3.1622776601683795,50
cui_fig6,925f2ab8975505e255f5c37af74d115be38bc302991267f95f440e5f61ce4472,A,10,3,11,36,3,1,16-QAM,biased_gs,detection_nmse,0.17072453831328968,0.51217361493986902,,3,,,ok,,,20260818,1.503561700881817,3.5481338923357546,50
cui_fig6,925f2ab8975505e255f5c37af74d115be38bc302991267f95f440e5f61ce4472,A,10,3,11,36,3,1,16-QAM,em_gs,detection_nmse,0.099745708259049604,0.29923712477714881,,3,,,ok,,,20260818,1.503561700881817,3.5481338923357546,50
cui_fig6,925f2ab8975505e255f5c37af74d115be38bc302991267f95f440e5f61ce4472,A,10,3,11,36,3,1,16-QAM,genie_zf,detection_nmse,0.044183983689669776,0.13255195106900933,,3,,,ok,,,20260818,1.503561700881817,3.5481338923357546,50
cui_fig6,925f2ab8975505e255f5c37af74d115be38bc302991267f95f440e5f61ce4472,A,10,3,11,36,3,1,16-QAM,cui_crlb,detection_nmse,0.10170866230013707,0.30512598690041121,,3,,,ok,,,20260818,1.503561700881817,3.5481338923357546,50
cui_fig6,925f2ab8975505e255f5c37af74d115be38bc302991267f95f440e5f61ce4472,A,10,3,12,36,3,1,16-QAM,biased_gs,detection_nmse,0.12531020694719086,0.37593062084157258,,3,,,ok,,,20260818,1.503561700881817,3.9810717055349722,50
cui_fig6,925f2ab8975505e255f5c37af74d115be38bc302991267f95f440e5f61ce4472,A,10,3,12,36,3,1,16-QAM,em_gs,detection_nmse,0.10585908054897435,0.31757724164692303,,3,,,ok,,,20260818,1.503561700881817,3.9810717055349722,50
cui_fig6,925f2ab8975505e255f5c37af74d115be38bc302991267f95f440e5f61ce4472,A,10,3,12,36,3,1,16-QAM,genie_zf,detection_nmse,0.084425155254417392,0.25327546576325216,,3,,,ok,,,20260818,1.503561700881817,3.9810717055349722,50
cui_fig6,925f2ab8975505e255f5c37af74d115be38bc302991267f95f440e5f61ce4472,A,10,3,12,36,3,1,16-QAM,cui_crlb,detection_nmse,0.096924837511280684,0.29077451253384207,,3,,,ok,,,20260818,1.503561700881817,3.9810717055349722,50
cui_fig6,925f2ab8975505e255f5c37af74d115be38bc302991267f95f440e5f61ce4472,A,10,3,13,36,3,1,16-QAM,biased_gs,detection_nmse,0.061079524835759125,0.18323857450727737,,3,,,ok,,,20260818,1.503561700881817,4.4668359215096318,50
cui_fig6,925f2ab8975505e255f5c37af74d115be38bc302991267f95f440e5f61ce4472,A,10,3,13,36,3,1,16-QAM,em_gs,detection_nmse,0.064060895473984372,0.1921826864219531,,3,,,ok,,,20260818,1.503561700881817,4.4668359215096318,50
cui_fig6,925f2ab8975505e255f5c37af74d115be38bc302991267f95f440e5f61ce4472,A,10,3,13,36,3,1,16-QAM,genie_zf,detection_nmse,0.037350344264954087,0.11205103279486225,,3,,,ok,,,20260818,1.503561700881817,4.4668359215096318,50
cui_fig6,925f2ab8975505e255f5c37af74d115be38bc302991267f95f440e5f61ce4472,A,10,3,13,36,3,1,16-QAM,cui_crlb,detection_nmse,0.088889709443847484,0.26666912833154244,,3,,,ok,,,20260818,1.503561700881817,4.4668359215096318,50
cui_fig6,925f2ab8975505e255f5c37af74d115be38bc302991267f95f440e5f61ce4472,A,10,3,14,36,3,1,16-QAM,biased_gs,detection_nmse,0.26038332461386121,0.78114997384158358,,3,,,ok,,,20260818,1.503561700881817,5.011872336272722,50
cui_fig6,925f2ab8975505e255f5c37af74d115be38bc302991267f95f440e5f61ce4472,A,10,3,14,36,3,1,16-QAM,em_gs,detection_nmse,0.18797630224427289,0.5639289067328187,,3,,,ok,,,20260818,1.503561700881817,5.011872336272722,50
cui_fig6,925f2ab8975505e255f5c37af74d115be38bc302991267f95f440e5f61ce4472,A,10,3,14,36,3,1,16-QAM,genie_zf,detection_nmse,0.038876497101373489,0.11662949130412047,,3,,,ok,,,20260818,1.503561700881817,5.011872336272722,50
cui_fig6,925f2ab8975505e255f5c37af74d115be38bc302991267f95f440e5f61ce4472,A,10,3,14,36,3,1,16-QAM,cui_crlb,detection_nmse,0.097088907069263986,0.29126672120779196,,3,,,ok,,,20260818,1.503561700881817,5.011872336272722,50
cui_fig6,925f2ab8975505e255f5c37af74d115be38bc302991267f95f440e5f61ce4472,A,10,3,15,36,3,1,16-QAM,biased_gs,detection_nmse,0.031866742308974065,0.095600226926922202,,3,,,ok,,,20260818,1.503561700881817,5.6234132519034903,50
cui_fig6,925f2ab8975505e255f5c37af74d115be38bc302991267f95f440e5f61ce4472,A,10,3,15,36,3,1,16-QAM,em_gs,detection_nmse,0.035317632164589663,0.10595289649376899,,3,,,ok,,,20260818,1.503561700881817,5.6234132519034903,50
cui_fig6,925f2ab8975505e255f5c37af74d115be38bc302991267f95f440e5f61ce4472,A,10,3,15,36,3,1,16-QAM,genie_zf,detection_nmse,0.03489475387585559,0.10468426162756676,,3,,,ok,,,20260818,1.503561700881817,5.6234132519034903,50
cui_fig6,925f2ab8975505e255f5c37af74d115be38bc302991267f95f440e5f61ce4472,A,10,3,15,36,3,1,16-QAM,cui_crlb,detection_nmse,0.089331515697649647,0.26799454709294895,,3,,,ok,,,20260818,1.503561700881817,5.6234132519034903,50
cui_fig6,925f2ab8975505e255f5c37af74d115be38bc302991267f95f440e5f61ce4472,A,10,3,16,36,3,1,16-QAM,biased_gs,detection_nmse,0.31429779379724571,0.94289338139173706,,3,,,ok,,,20260818,1.503561700881817,6.3095734448019334,50
cui_fig6,925f2ab8975505e255f5c37af74d115be38bc302991267f95f440e5f61ce4472,A,10,3,16,36,3,1,16-QAM,em_gs,detection_nmse,0.27408711090200139,0.8222613327060041,,3,,,ok,,,20260818,1.503561700881817,6.3095734448019334,50
cui_fig6,925f2ab8975505e255f5c37af74d115be38bc302991267f95f440e5f61ce4472,A,10,3,16,36,3,1,16-QAM,genie_zf,detection_nmse,0.019105862607259036,0.057317587821777108,,3,,,ok,,,20260818,1.503561700881817,6.3095734448019334,50
cui_fig6,925f2ab8975505e255f5c37af74d115be38bc302991267f95f440e5f61ce4472,A,10,3,16,36,3,1,16-QAM,cui_crlb,detection_nmse,0.094033187599299198,0.28209956279789761,,3,,,ok,,,20260818,1.503561700881817,6.3095734448019334,50
cui_fig6,925f2ab8975505e255f5c37af74d115be38bc302991267f95f440e5f61ce4472,A,10,3,17,36,3,1,16-QAM,biased_gs,detection_nmse,0.15490609252296769,0.4647182775689031,,3,,,ok,,,20260818,1.503561700881817,7.0794578438413787,50
cui_fig6,925f2ab8975505e255f5c37af74d115be38bc302991267f95f440e5f61ce4472,A,10,3,17,36,3,1,16-QAM,em_gs,detection_nmse,0.12332015877171947,0.36996047631515838,,3,,,ok,,,20260818,1.503561700881817,7.0794578438413787,50
cui_fig6,925f2ab8975505e255f5c37af74d115be38bc302991267f95f440e5f61ce4472,A,10,3,17,36,3,1,16-QAM,genie_zf,detection_nmse,0.01817778604296949,0.054533358128908471,,3,,,ok,,,20260818,1.503561700881817,7.0794578438413787,50
cui_fig6,925f2ab8975505e255f5c37af74d115be38bc302991267f95f440e5f61ce4472,A,10,3,17,36,3,1,16-QAM,cui_crlb,detection_nmse,0.092728765556963813,0.27818629667089145,,3,,,ok,,,20260818,1.503561700881817,7.0794578438413787,50
cui_fig6,925f2ab8975505e255f5c37af74d115be38bc302991267f95f440e5f61ce4472,A,10,3,18,36,3,1,16-QAM,biased_gs,detection_nmse,0.034555637633394913,0.10366691290018473,,3,,,ok,,,20260818,1.503561700881817,7.9432823472428158,50
cui_fig6,925f2ab8975505e255f5c37af74d115be38bc302991267f95f440e5f61ce4472,A,10,3,18,36,3,1,16-QAM,em_gs,detection_nmse,0.022884351585033307,0.068653054755099918,,3,,,ok,,,20260818,1.503561700881817,7.9432823472428158,50
cui_fig6,925f2ab8975505e255f5c37af74d115be38bc302991267f95f440e5f61ce4472,A,10,3,18,36,3,1,16-QAM,genie_zf,detection_nmse,0.015757627363767426,0.04727288209130228,,3,,,ok,,,20260818,1.503561700881817,7.9432823472428158,50
cui_fig6,925f2ab8975505e255f5c37af74d115be38bc302991267f95f440e5f61ce4472,A,10,3,18,36,3,1,16-QAM,cui_crlb,detection_nmse,0.091239401506498161,0.27371820451949447,,3,,,ok,,,20260818,1.503561700881817,7.9432823472428158,50
cui_fig6,925f2ab8975505e255f5c37af74d115be38bc302991267f95f440e5f61ce4472,A,10,3,19,36,3,1,16-QAM,biased_gs,detection_nmse,0.19385762146051455,0.58157286438154365,,3,,,ok,,,20260818,1.503561700881817,8.9125093813374541,50
cui_fig6,925f2ab8975505e255f5c37af74d115be38bc302991267f95f440e5f61ce4472,A,10,3,19,36,3,1,16-QAM,em_gs,detection_nmse,0.17446875002760229,0.52340625008280683,,3,,,ok,,,20260818,1.503561700881817,8.9125093813374541,50
cui_fig6,925f2ab8975505e255f5c37af74d115be38bc302991267f95f440e5f61ce4472,A,10,3,19,36,3,1,16-QAM,genie_zf,detection_nmse,0.041598531885331594,0.12479559565599478,,3,,,ok,,,20260818,1.503561700881817,8.9125093813374541,50
cui_fig6,925f2ab8975505e255f5c37af74d115be38bc302991267f95f440e5f61ce4472,A,10,3,19,36,3,1,16-QAM,cui_crlb,detection_nmse,0.087558158572857758,0.26267447571857327,,3,,,ok,,,20260818,1.503561700881817,8.9125093813374541,50
cui_fig6,925f2ab8975505e255f5c37af74d115be38bc302991267f95f440e5f61ce4472,A,10,3,20,36,3,1,16-QAM,biased_gs,detection_nmse,0.13304637499658412,0.39913912498975235,,3,,,ok,,,20260818,1.503561700881817,10.000000000000002,50
cui_fig6,925f2ab8975505e255f5c37af74d115be38bc302991267f95f440e5f61ce4472,A,10,3,20,36,3,1,16-QAM,em_gs,detection_nmse,0.12009313138031193,0.36027939414093579,,3,,,ok,,,20260818,1.503561700881817,10.000000000000002,50
cui_fig6,925f2ab8975505e255f5c37af74d115be38bc302991267f95f440e5f61ce4472,A,10,3,20,36,3,1,16-QAM,genie_zf,detection_nmse,0.036552623862952389,0.10965787158885716,,3,,,ok,,,20260818,1.503561700881817,10.000000000000002,50
cui_fig6,925f2ab8975505e255f5c37af74d115be38bc302991267f95f440e5f61ce4472,A,10,3,20,36,3,1,16-QAM,cui_crlb,detection_nmse,0.090198213091460741,0.27059463927438221,,3,,,ok,,,20260818,1.503561700881817,10.000000000000002,50
cui_fig6,925f2ab8975505e255f5c37af74d115be38bc302991267f95f440e5f61ce4472,A,10,3,21,36,3,1,16-QAM,biased_gs,detection_nmse,0.09204931791217609,0.27614795373652828,,3,,,ok,,,20260818,1.503561700881817,11.220184543019633,50
cui_fig6,925f2ab8975505e255f5c37af74d115be38bc302991267f95f440e5f61ce4472,A,10,3,21,36,3,1,16-QAM,em_gs,detection_nmse,0.10071302518254656,0.30213907554763969,,3,,,ok,,,20260818,1.503561700881817,11.220184543019633,50
cui_fig6,925f2ab8975505e255f5c37af74d115be38bc302991267f95f440e5f61ce4472,A,10,3,21,36,3,1,16-QAM,genie_zf,detection_nmse,0.04265142771025867,0.127954283130776,,3,,,ok,,,20260818,1.503561700881817,11.220184543019633,50
cui_fig6,925f2ab8975505e255f5c37af74d115be38bc302991267f95f440e5f61ce4472,A,10,3,21,36,3,1,16-QAM,cui_crlb,detection_nmse,0.093376495722818212,0.28012948716845465,,3,,,ok,,,20260818,1.503561700881817,11.220184543019633,50
cui_fig6,925f2ab8975505e255f5c37af74d115be38bc302991267f95f440e5f61ce4472,A,10,3,22,36,3,1,16-QAM,biased_gs,detection_nmse,0.045862519355139762,0.13758755806541928,,3,,,ok,,,20260818,1.503561700881817,12.589254117941675,50
cui_fig6,925f2ab8975505e255f5c37af74d115be38bc302991267f95f440e5f61ce4472,A,10,3,22,36,3,1,16-QAM,em_gs,detection_nmse,0.03592252033909437,0.10776756101728312,,3,,,ok,,,20260818,1.503561700881817,12.589254117941675,50
cui_fig6,925f2ab8975505e255f5c37af74d115be38bc302991267f95f440e5f61ce4472,A,10,3,22,36,3,1,16-QAM,genie_zf,detection_nmse,0.02874977792192759,0.086249333765782768,,3,,,ok,,,20260818,1.503561700881817,12.589254117941675,50
cui_fig6,925f2ab8975505e255f5c37af74d115be38bc302991267f95f440e5f61ce4472,A,10,3,22,36,3,1,16-QAM,cui_crlb,detection_nmse,0.090968929542646071,0.27290678862793821,,3,,,ok,,,20260818,1.503561700881817,12.589254117941675,50
cui_fig6,925f2ab8975505e255f5c37af74d115be38bc302991267f95f440e5f61ce4472,A,10,3,23,36,3,1,16-QAM,biased_gs,detection_nmse,0.1127252070658757,0.33817562119762712,,3,,,ok,,,20260818,1.503561700881817,14.12537544622754,50
cui_fig6,925f2ab8975505e255f5c37af74d115be38bc302991267f95f440e5f61ce4472,A,10,3,23,36,3,1,16-QAM,em_gs,detection_nmse,0.11303625756037861,0.33910877268113582,,3,,,ok,,,20260818,1.503561700881817,14.12537544622754,50
cui_fig6,925f2ab8975505e255f5c37af74d115be38bc302991267f95f440e5f61ce4472,A,10,3,23,36,3,1,16-QAM,genie_zf,detection_nmse,0.034129927748647391,0.10238978324594218,,3,,,ok,,,20260818,1.503561700881817,14.12537544622754,50
cui_fig6,925f2ab8975505e255f5c37af74d115be38bc302991267f95f440e5f61ce4472,A,10,3,23,36,3,1,16-QAM,cui_crlb,detection_nmse,0.091747632490319531,0.27524289747095859,,3,,,ok,,,20260818,1.503561700881817,14.12537544622754,50
cui_fig6,925f2ab8975505e255f5c37af74d115be38bc302991267f95f440e5f61ce4472,A,10,3,24,36,3,1,16-QAM,biased_gs,detection_nmse,0.047099762375814723,0.14129928712744416,,3,,,ok,,,20260818,1.503561700881817,15.848931924611135,50
cui_fig6,925f2ab8975505e255f5c37af74d115be38bc302991267f95f440e5f61ce4472,A,10,3,24,36,3,1,16-QAM,em_gs,detection_nmse,0.038197031640945199,0.1145910949228356,,3,,,ok,,,20260818,1.503561700881817,15.848931924611135,50
cui_fig6,925f2ab8975505e255f5c37af74d115be38bc302991267f95f440e5f61ce4472,A,10,3,24,36,3,1,16-QAM,genie_zf,detection_nmse,0.016587407125332305,0.049762221375996916,,3,,,ok,,,20260818,1.503561700881817,15.848931924611135,50
cui_fig6,925f2ab8975505e255f5c37af74d115be38bc302991267f95f440e5f61ce4472,A,10,3,24,36,3,1,16-QAM,cui_crlb,detection_nmse,0.093696288434969896,0.28108886530490967,,3,,,ok,,,20260818,1.503561700881817,15.848931924611135,50
cui_fig6,925f2ab8975505e255f5c37af74d115be38bc302991267f95f440e5f61ce4472,A,10,3,25,36,3,1,16-QAM,biased_gs,detection_nmse,0.0230904967601759,0.069271490280527703,,3,,,ok,,,20260818,1.503561700881817,17.782794100389232,50
cui_fig6,925f2ab8975505e255f5c37af74d115be38bc302991267f95f440e5f61ce4472,A,10,3,25,36,3,1,16-QAM,em_gs,detection_nmse,0.020863025418294576,0.062589076254883733,,3,,,ok,,,20260818,1.503561700881817,17.782794100389232,50
cui_fig6,925f2ab8975505e255f5c37af74d115be38bc302991267f95f440e5f61ce4472,A,10,3,25,36,3,1,16-QAM,genie_zf,detection_nmse,0.012628011539671809,0.037884034619015426,,3,,,ok,,,20260818,1.503561700881817,17.782794100389232,50
cui_fig6,925f2ab8975505e255f5c37af74d115be38bc302991267f95f440e5f61ce4472,A,10,3,25,36,3,1,16-QAM,cui_crlb,detection_nmse,0.089986418546996225,0.26995925564098866,,3,,,ok,,,20260818,1.503561700881817,17.782794100389232,50
cui_fig6,925f2ab8975505e255f5c37af74d115be38bc302991267f95f440e5f61ce4472,A,11,3,0,36,3,1,16-QAM,biased_gs,detection_nmse,5.4693465081375452,16.408039524412636,,3,,,ok,,,20260818,1.503561700881817,1,50
cui_fig6,925f2ab8975505e255f5c37af74d115be38bc302991267f95f440e5f61ce4472,A,11,3,0,36,3,1,16-QAM,em_gs,detection_nmse,5.1417917849634049,15.425375354890214,,3,,,ok,,,20260818,1.503561700881817,1,50
cui_fig6,925f2ab8975505e255f5c37af74d115be38bc302991267f95f440e5f61ce4472,A,11,3,0,36,3,1,16-QAM,genie_zf,detection_nmse,0.056493938362695555,0.16948181508808666,,3,,,ok,,,20260818,1.503561700881817,1,50
cui_fig6,925f2ab8975505e255f5c37af74d115be38bc302991267f95f440e5f61ce4472,A,11,3,0,36,3,1,16-QAM,cui_crlb,detection_nmse,0.11196806173780301,0.33590418521340903,,3,,,ok,,,20260818,1.503561700881817,1,50
cui_fig6,925f2ab8975505e255f5c37af74d115be38bc302991267f95f440e5f61ce4472,A,11,3,1,36,3,1,16-QAM,biased_gs,detection_nmse,0.11181849349446481,0.33545548048339441,,3,,,ok,,,20260818,1.503561700881817,1.1220184543019636,50
cui_fig6,925f2ab8975505e255f5c37af74d115be38bc302991267f95f440e5f61ce4472,A,11,3,1,36,3,1,16-QAM,em_gs,detection_nmse,0.10583457447643559,0.31750372342930677,,3,,,ok,,,20260818,1.503561700881817,1.1220184543019636,50
cui_fig6,925f2ab8975505e255f5c37af74d115be38bc302991267f95f440e5f61ce4472,A,11,3,1,36,3,1,16-QAM,genie_zf,detection_nmse,0.088523152553057163,0.2655694576591715,,3,,,ok,,,20260818,1.503561700881817,1.1220184543019636,50
cui_fig6,925f2ab8975505e255f5c37af74d115be38bc302991267f95f440e5f61ce4472,A,11,3,1,36,3,1,16-QAM,cui_crlb,detection_nmse,0.10325250543055135,0.30975751629165404,,3,,,ok,,,20260818,1.503561700881817,1.1220184543019636,50
cui_fig6,925f2ab8975505e255f5c37af74d115be38bc302991267f95f440e5f61ce4472,A,11,3,2,36,3,1,16-QAM,biased_gs,detection_nmse,0.1764780445402864,0.52943413362085923,,3,,,ok,,,20260818,1.503561700881817,1.2589254117941673,50
cui_fig6,925f2ab8975505e255f5c37af74d115be38bc302991267f95f440e5f61ce4472,A,11,3,2,36,3,1,16-QAM,em_gs,detection_nmse,0.24729093125283788,0.74187279375851367,,3,,,ok,,,20260818,1.503561700881817,1.2589254117941673,50
cui_fig6,925f2ab8975505e255f5c37af74d115be38bc302991267f95f440e5f61ce4472,A,11,3,2,36,3,1,16-QAM,genie_zf,detection_nmse,0.065461175947740355,0.19638352784322105,,3,,,ok,,,20260818,1.503561700881817,1.2589254117941673,50
cui_fig6,925f2ab8975505e255f5c37af74d115be38bc302991267f95f440e5f61ce4472,A,11,3,2,36,3,1,16-QAM,cui_crlb,detection_nmse,0.10743121243595836,0.32229363730787508,,3,,,ok,,,20260818,1.503561700881817,1.2589254117941673,50
cui_fig6,925f2ab8975505e255f5c37af74d115be38bc302991267f95f440e5f61ce4472,A,11,3,3,36,3,1,16-QAM,biased_gs,detection_nmse,0.15591256209147678,0.46773768627443035,,3,,,ok,,,20260818,1.503561700881817,1.4125375446227542,50
cui_fig6,925f2ab8975505e255f5c37af74d115be38bc302991267f95f440e5f61ce4472,A,11,3,3,36,3,1,16-QAM,em_gs,detection_nmse,0.094789946112445109,0.28436983833733531,,3,,,ok,,,20260818,1.503561700881817,1.4125375446227542,50
cui_fig6,925f2ab8975505e255f5c37af74d115be38bc302991267f95f440e5f61ce4472,A,11,3,3,36,3,1,16-QAM,genie_zf,detection_nmse,0.029141164825026739,0.087423494475080216,,3,,,ok,,,20260818,1.503561700881817,1.4125375446227542,50
cui_fig6,925f2ab8975505e255f5c37af74d115be38bc302991267f95f440e5f61ce4472,A,11,3,3,36,3,1,16-QAM,cui_crlb,detection_nmse,0.11219378254167946,0.33658134762503839,,3,,,ok,,,20260818,1.503561700881817,1.4125375446227542,50
cui_fig6,925f2ab8975505e255f5c37af74d115be38bc302991267f95f440e5f61ce4472,A,11,3,4,36,3,1,16-QAM,biased_gs,detection_nmse,0.11500897965020369,0.3450269389506111,,3,,,ok,,,20260818,1.503561700881817,1.5848931924611132,50
cui_fig6,925f2ab8975505e255f5c37af74d115be38bc302991267f95f440e5f61ce4472,A,11,3,4,36,3,1,16-QAM,em_gs,detection_nmse,0.073747306921665604,0.2212419207649968,,3,,,ok,,,20260818,1.503561700881817,1.5848931924611132,50
cui_fig6,925f2ab8975505e255f5c37af74d115be38bc302991267f95f440e5f61ce4472,A,11,3,4,36,3,1,16-QAM,genie_zf,detection_nmse,0.035843106223250792,0.10752931866975238,,3,,,ok,,,20260818,1.503561700881817,1.5848931924611132,50
cui_fig6,925f2ab8975505e255f5c37af74d115be38bc302991267f95f440e5f61ce4472,A,11,3,4,36,3,1,16-QAM,cui_crlb,detection_nmse,0.12009487474763236,0.36028462424289709,,3,,,ok,,,20260818,1.503561700881817,1.5848931924611132,50
cui_fig6,925f2ab8975505e255f5c37af74d115be38bc302991267f95f440e5f61ce4472,A,11,3,5,36,3,1,16-QAM,biased_gs,detection_nmse,0.31382089811577624,0.94146269434732865,,3,,,ok,,,20260818,1.503561700881817,1.7782794100389232,50
cui_fig6,925f2ab8975505e255f5c37af74d115be38bc302991267f95f440e5f61ce4472,A,11,3,5,36,3,1,16-QAM,em_gs,detection_nmse,0.20796979686189043,0.6239093905856713,,3,,,ok,,,20260818,1.503561700881817,1.7782794100389232,50
cui_fig6,925f2ab8975505e255f5c37af74d115be38bc302991267f95f440e5f61ce4472,A,11,3,5,36,3,1,16-QAM,genie_zf,detection_nmse,0.063222510132654716,0.18966753039796413,,3,,,ok,,,20260818,1.503561700881817,1.7782794100389232,50
cui_fig6,925f2ab8975505e255f5c37af74d115be38bc302991267f95f440e5f61ce4472,A,11,3,5,36,3,1,16-QAM,cui_crlb,detection_nmse,0.1073263616012079,0.32197908480362369,,3,,,ok,,,20260818,1.503561700881817,1.7782794100389232,50
cui_fig6,925f2ab8975505e255f5c37af74d115be38bc302991267f95f440e5f61ce4472,A,11,3,6,36,3,1,16-QAM,biased_gs,detection_nmse,0.1538052276735252,0.46141568302057556,,3,,,ok,,,20260818,1.503561700881817,1.99526231496888,50
cui_fig6,925f2ab8975505e255f5c37af74d115be38bc302991267f95f440e5f61ce4472,A,11,3,6,36,3,1,16-QAM,em_gs,detection_nmse,0.11483499357516673,0.34450498072550018,,3,,,ok,,,20260818,1.503561700881817,1.99526231496888,50
cui_fig6,925f2ab8975505e255f5c37af74d115be38bc302991267f95f440e5f61ce4472,A,11,3,6,36,3,1,16-QAM,genie_zf,detection_nmse,0.021570710718088668,0.064712132154266008,,3,,,ok,,,20260818,1.503561700881817,1.99526231496888,50
cui_fig6,925f2ab8975505e255f5c37af74d115be38bc302991267f95f440e5f61ce4472,A,11,3,6,36,3,1,16-QAM,cui_crlb,detection_nmse,0.10639252634779683,0.3191775790433905,,3,,,ok,,,20260818,1.503561700881817,1.99526231496888,50
cui_fig6,925f2ab8975505e255f5c37af74d115be38bc302991267f95f440e5f61ce4472,A,11,3,7,36,3,1,16-QAM,biased_gs,detection_nmse,0.15246450542797282,0.45739351628391844,,3,,,ok,,,20260818,1.503561700881817,2.2387211385683394,50
cui_fig6,925f2ab8975505e255f5c37af74d115be38bc302991267f95f440e5f61ce4472,A,11,3,7,36,3,1,16-QAM,em_gs,detection_nmse,0.10874635359903939,0.32623906079711817,,3,,,ok,,,20260818,1.503561700881817,2.2387211385683394,50
cui_fig6,925f2ab8975505e255f5c37af74d115be38bc302991267f95f440e5f61ce4472,A,11,3,7,36,3,1,16-QAM,genie_zf,detection_nmse,0.050252321970966247,0.15075696591289875,,3,,,ok,,,20260818,1.503561700881817,2.2387211385683394,50
cui_fig6,925f2ab8975505e255f5c37af74d115be38bc302991267f95f440e5f61ce4472,A,11,3,7,36,3,1,16-QAM,cui_crlb,detection_nmse,0.10225760486855469,0.30677281460566408,,3,,,ok,,,20260818,1.503561700881817,2.2387211385683394,50
cui_fig6,925f2ab8975505e255f5c37af74d115be38bc302991267f95f440e5f61ce4472,A,11,3,8,36,3,1,16-QAM,biased_gs,detection_nmse,0.23826156483448083,0.71478469450344251,,3,,,ok,,,20260818,1.503561700881817,2.5118864315095801,50
cui_fig6,925f2ab8975505e255f5c37af74d115be38bc302991267f95f440e5f61ce4472,A,11,3,8,36,3,1,16-QAM,em_gs,detection_nmse,0.13935615733148091,0.41806847199444269,,3,,,ok,,,20260818,1.503561700881817,2.5118864315095801,50
cui_fig6,925f2ab8975505e255f5c37af74d115be38bc302991267f95f440e5f61ce4472,A,11,3,8,36,3,1,16-QAM,genie_zf,detection_nmse,0.025404694180843384,0.076214082542530148,,3,,,ok,,,20260818,1.503561700881817,2.5118864315095801,50
cui_fig6,925f2ab8975505e255f5c37af74d115be38bc302991267f95f440e5f61ce4472,A,11,3,8,36,3,1,16-QAM,cui_crlb,detection_nmse,0.11325175090353673,0.33975525271061019,,3,,,ok,,,20260818,1.503561700881817,2.5118864315095801,50
cui_fig6,925f2ab8975505e255f5c37af74d115be38bc302991267f95f440e5f61ce4472,A,11,3,9,36,3,1,16-QAM,biased_gs,detection_nmse,0.12149067807374779,0.36447203422124336,,3,,,ok,,,20260818,1.503561700881817,2.8183829312644542,50
cui_fig6,925f2ab8975505e255f5c37af74d115be38bc302991267f95f440e5f61ce4472,A,11,3,9,36,3,1,16-QAM,em_gs,detection_nmse,0.097226074570070486,0.29167822371021146,,3,,,ok,,,20260818,1.503561700881817,2.8183829312644542,50
cui_fig6,925f2ab8975505e255f5c37af74d115be38bc302991267f95f440e5f61ce4472,A,11,3,9,36,3,1,16-QAM,genie_zf,detection_nmse,0.043948944163867749,0.13184683249160326,,3,,,ok,,,20260818,1.503561700881817,2.8183829312644542,50
cui_fig6,925f2ab8975505e255f5c37af74d115be38bc302991267f95f440e5f61ce4472,A,11,3,9,36,3,1,16-QAM,cui_crlb,detection_nmse,0.10235726239759717,0.30707178719279149,,3,,,ok,,,20260818,1.503561700881817,2.8183829312644542,50
cui_fig6,925f2ab8975505e255f5c37af74d115be38bc302991267f95f440e5f61ce4472,A,11,3,10,36,3,1,16-QAM,biased_gs,detection_nmse,0.10099050681999007,0.30297152045997022,,3,,,ok,,,20260818,1.503561700881817,3.16227766016838,50
cui_fig6,925f2ab8975505e255f5c37af74d115be38bc302991267f95f440e5f61ce4472,A,11,3,10,36,3,1,16-QAM,em_gs,detection_nmse,0.083464963297314301,0.25039488989194292,,3,,,ok,,,20260818,1.503561700881817,3.16227766016838,50
cui_fig6,925f2ab8975505e255f5c37af74d115be38bc302991267f95f440e5f61ce4472,A,11,3,10,36,3,1,16-QAM,genie_zf,detection_nmse,0.071070497932428048,0.21321149379728413,,3,,,ok,,,20260818,1.503561700881817,3.16227766016838,50
cui_fig6,925f2ab8975505e255f5c37af74d115be38bc302991267f95f440e5f61ce4472,A,11,3,10,36,3,1,16-QAM,cui_crlb,detection_nmse,0.096245887473376826,0.28873766242013049,,3,,,ok,,,20260818,1.503561700881817,3.16227766016838,50
cui_fig6,925f2ab8975505e255f5c37af74d115be38bc302991267f95f440e5f61ce4472,A,11,3,11,36,3,1,16-QAM,biased_gs,detection_nmse,0.17626045001206081,0.52878135003618243,,3,,,ok,,,20260818,1.503561700881817,3.548133892335755,50
cui_fig6,925f2ab8975505e255f5c37af74d115be38bc302991267f95f440e5f61ce4472,A,11,3,11,36,3,1,16-QAM,em_gs,detection_nmse,0.12431482107874953,0.37294446323624858,,3,,,ok,,,20260818,1.503561700881817,3.548133892335755,50
cui_fig6,925f2ab8975505e255f5c37af74d115be38bc302991267f95f440e5f61ce4472,A,11,3,11,36,3,1,16-QAM,genie_zf,detection_nmse,0.082050073098465903,0.24615021929539771,,3,,,ok,,,20260818,1.503561700881817,3.548133892335755,50
cui_fig6,925f2ab8975505e255f5c37af74d115be38bc302991267f95f440e5f61ce4472,A,11,3,11,36,3,1,16-QAM,cui_crlb,detection_nmse,0.094585327325114307,0.28375598197534291,,3,,,ok,,,20260818,1.503561700881817,3.548133892335755,50
cui_fig6,925f2ab8975505e255f5c37af74d115be38bc302991267f95f440e5f61ce4472,A,11,3,12,36,3,1,16-QAM,biased_gs,detection_nmse,0.22145300386036229,0.6643590115810869,,3,,,ok,,,20260818,1.503561700881817,3.9810717055349727,50
cui_fig6,925f2ab8975505e255f5c37af74d115be38bc302991267f95f440e5f61ce4472,A,11,3,12,36,3,1,16-QAM,em_gs,detection_nmse,0.20491128614537243,0.61473385843611728,,3,,,ok,,,20260818,1.503561700881817,3.9810717055349727,50
cui_fig6,925f2ab8975505e255f5c37af74d115be38bc302991267f95f440e5f61ce4472,A,11,3,12,36,3,1,16-QAM,genie_zf,detection_nmse,0.02113755502011307,0.063412665060339213,,3,,,ok,,,20260818,1.503561700881817,3.9810717055349727,50
cui_fig6,925f2ab8975505e255f5c37af74d115be38bc302991267f95f440e5f61ce4472,A,11,3,12,36,3,1,16-QAM,cui_crlb,detection_nmse,0.09915807039053337,0.29747421117160011,,3,,,ok,,,20260818,1.503561700881817,3.9810717055349727,50
cui_fig6,925f2ab8975505e255f5c37af74d115be38bc302991267f95f440e5f61ce4472,A,11,3,13,36,3,1,16-QAM,biased_gs,detection_nmse,0.1223591611060121,0.3670774833180363,,3,,,ok,,,20260818,1.503561700881817,4.4668359215096309,50
cui_fig6,925f2ab8975505e255f5c37af74d115be38bc302991267f95f440e5f61ce4472,A,11,3,13,36,3,1,16-QAM,em_gs,detection_nmse,0.13427739655956941,0.40283218967870826,,3,,,ok,,,20260818,1.503561700881817,4.4668359215096309,50
cui_fig6,925f2ab8975505e255f5c37af74d115be38bc302991267f95f440e5f61ce4472,A,11,3,13,36,3,1,16-QAM,genie_zf,detection_nmse,0.081096803952104682,0.24329041185631403,,3,,,ok,,,20260818,1.503561700881817,4.4668359215096309,50
cui_fig6,925f2ab8975505e255f5c37af74d115be38bc302991267f95f440e5f61ce4472,A,11,3,13,36,3,1,16-QAM,cui_crlb,detection_nmse,0.094826299999517319,0.28447889999855197,,3,,,ok,,,20260818,1.503561700881817,4.4668359215096309,50
cui_fig6,925f2ab8975505e255f5c37af74d115be38bc302991267f95f440e5f61ce4472,A,11,3,14,36,3,1,16-QAM,biased_gs,detection_nmse,0.23424995726178799,0.70274987178536397,,3,,,ok,,,20260818,1.503561700881817,5.011872336272722,50
cui_fig6,925f2ab8975505e255f5c37af74d115be38bc302991267f95f440e5f61ce4472,A,11,3,14,36,3,1,16-QAM,em_gs,detection_nmse,0.20593583508381777,0.61780750525145334,,3,,,ok,,,20260818,1.503561700881817,5.011872336272722,50
cui_fig6,925f2ab8975505e255f5c37af74d115be38bc302991267f95f440e5f61ce4472,A,11,3,14,36,3,1,16-QAM,genie_zf,detection_nmse,0.026503429277464113,0.079510287832392335,,3,,,ok,,,20260818,1.503561700881817,5.011872336272722,50
cui_fig6,925f2ab8975505e255f5c37af74d115be38bc302991267f95f440e5f61ce4472,A,11,3,14,36,3,1,16-QAM,cui_crlb,detection_nmse,0.096459549871184991,0.28937864961355497,,3,,,ok,,,20260818,1.503561700881817,5.011872336272722,50
cui_fig6,925f2ab8975505e255f5c37af74d115be38bc302991267f95f440e5f61ce4472,A,11,3,15,36,3,1,16-QAM,biased_gs,detection_nmse,0.061216733078432874,0.18365019923529863,,3,,,ok,,,20260818,1.503561700881817,5.6234132519034912,50
cui_fig6,925f2ab8975505e255f5c37af74d115be38bc302991267f95f440e5f61ce4472,A,11,3,15,36,3,1,16-QAM,em_gs,detection_nmse,0.046737551549976775,0.14021265464993032,,3,,,ok,,,20260818,1.503561700881817,5.6234132519034912,50
cui_fig6,925f2ab8975505e255f5c37af74d115be38bc302991267f95f440e5f61ce4472,A,11,3,15,36,3,1,16-QAM,genie_zf,detection_nmse,0.011807286541438542,0.035421859624315627,,3,,,ok,,,20260818,1.503561700881817,5.6234132519034912,50
cui_fig6,925f2ab8975505e255f5c37af74d115be38bc302991267f95f440e5f61ce4472,A,11,3,15,36,3,1,16-QAM,cui_crlb,detection_nmse,0.090791061336108883,0.27237318400832666,,3,,,ok,,,20260818,1.503561700881817,5.6234132519034912,50
cui_fig6,925f2ab8975505e255f5c37af74d115be38bc302991267f95f440e5f61ce4472,A,11,3,16,36,3,1,16-QAM,biased_gs,detection_nmse,0.060912703978829842,0.18273811193648953,,3,,,ok,,,20260818,1.503561700881817,6.3095734448019325,50
cui_fig6,925f2ab8975505e255f5c37af74d115be38bc302991267f95f440e5f61ce4472,A,11,3,16,36,3,1,16-QAM,em_gs,detection_nmse,0.0471536496659275,0.1414609489977825,,3,,,ok,,,20260818,1.503561700881817,6.3095734448019325,50
cui_fig6,925f2ab8975505e255f5c37af74d115be38bc302991267f95f440e5f61ce4472,A,11,3,16,36,3,1,16-QAM,genie_zf,detection_nmse,0.019101686841184028,0.057305060523552082,,3,,,ok,,,20260818,1.503561700881817,6.3095734448019325,50
cui_fig6,925f2ab8975505e255f5c37af74d115be38bc302991267f95f440e5f61ce4472,A,11,3,16,36,3,1,16-QAM,cui_crlb,detection_nmse,0.087291089509301326,0.26187326852790399,,3,,,ok,,,20260818,1.503561700881817,6.3095734448019325,50
cui_fig6,925f2ab8975505e255f5c37af74d115be38bc302991267f95f440e5f61ce4472,A,11,3,17,36,3,1,16-QAM,biased_gs,detection_nmse,0.012736546341297408,0.038209639023892225,,3,,,ok,,,20260818,1.503561700881817,7.0794578438413795,50
cui_fig6,925f2ab8975505e255f5c37af74d115be38bc302991267f95f440e5f61ce4472,A,11,3,17,36,3,1,16-QAM,em_gs,detection_nmse,0.010205558740737907,0.030616676222213719,,3,,,ok,,,20260818,1.503561700881817,7.0794578438413795,50
cui_fig6,925f2ab8975505e255f5c37af74d115be38bc302991267f95f440e5f61ce4472,A,11,3,17,36,3,1,16-QAM,genie_zf,detection_nmse,0.010320099275507349,0.030960297826522046,,3,,,ok,,,20260818,1.503561700881817,7.0794578438413795,50
cui_fig6,925f2ab8975505e255f5c37af74d115be38bc302991267f95f440e5f61ce4472,A,11,3,17,36,3,1,16-QAM,cui_crlb,detection_nmse,0.088760285828978144,0.26628085748693442,,3,,,ok,,,20260818,1.503561700881817,7.0794578438413795,50
cui_fig6,925f2ab8975505e255f5c37af74d115be38bc302991267f95f440e5f61ce4472,A,11,3,18,36,3,1,16-QAM,biased_gs,detection_nmse,0.012407176960368986,0.037221530881106961,,3,,,ok,,,20260818,1.503561700881817,7.9432823472428149,50
cui_fig6,925f2ab8975505e255f5c37af74d115be38bc302991267f95f440e5f61ce4472,A,11,3,18,36,3,1,16-QAM,em_gs,detection_nmse,0.011912131405383435,0.035736394216150304,,3,,,ok,,,20260818,1.503561700881817,7.9432823472428149,50
cui_fig6,925f2ab8975505e255f5c37af74d115be38bc302991267f95f440e5f61ce4472,A,11,3,18,36,3,1,16-QAM,genie_zf,detection_nmse,0.020641277174669473,0.061923831524008419,,3,,,ok,,,20260818,1.503561700881817,7.9432823472428149,50
cui_fig6,925f2ab8975505e255f5c37af74d115be38bc302991267f95f440e5f61ce4472,A,11,3,18,36,3,1,16-QAM,cui_crlb,detection_nmse,0.090370843075978605,0.27111252922793583,,3,,,ok,,,20260818,1.503561700881817,7.9432823472428149,50
cui_fig6,925f2ab8975505e255f5c37af74d115be38bc302991267f95f440e5f61ce4472,A,11,3,19,36,3,1,16-QAM,biased_gs,detection_nmse,0.15096983403298178,0.45290950209894532,,3,,,ok,,,20260818,1.503561700881817,8.9125093813374541,50
cui_fig6,925f2ab8975505e255f5c37af74d115be38bc302991267f95f440e5f61ce4472,A,11,3,19,36,3,1,16-QAM,em_gs,detection_nmse,0.12415993101407546,0.37247979304222639,,3,,,ok,,,20260818,1.503561700881817,8.9125093813374541,50
cui_fig6,925f2ab8975505e255f5c37af74d115be38bc302991267f95f440e5f61ce4472,A,11,3,19,36,3,1,16-QAM,genie_zf,detection_nmse,0.020693520329839576,0.062080560989518731,,3,,,ok,,,20260818,1.503561700881817,8.9125093813374541,50
cui_fig6,925f2ab8975505e255f5c37af74d115be38bc302991267f95f440e5f61ce4472,A,11,3,19,36,3,1,16-QAM,cui_crlb,detection_nmse,0.091838128002697306,0.27551438400809192,,3,,,ok,,,20260818,1.503561700881817,8.9125093813374541,50
cui_fig6,925f2ab8975505e255f5c37af74d115be38bc302991267f95f440e5f61ce4472,A,11,3,20,36,3,1,16-QAM,biased_gs,detection_nmse,0.065741048215679443,0.19722314464703833,,3,,,ok,,,20260818,1.503561700881817,9.9999999999999982,50
cui_fig6,925f2ab8975505e255f5c37af74d115be38bc302991267f95f440e5f61ce4472,A,11,3,20,36,3,1,16-QAM,em_gs,detection_nmse,0.05829340618999293,0.17488021856997879,,3,,,ok,,,20260818,1.503561700881817,9.9999999999999982,50
cui_fig6,925f2ab8975505e255f5c37af74d115be38bc302991267f95f440e5f61ce4472,A,11,3,20,36,3,1,16-QAM,genie_zf,detection_nmse,0.031002131941648563,0.093006395824945687,,3,,,ok,,,20260818,1.503561700881817,9.9999999999999982,50
cui_fig6,925f2ab8975505e255f5c37af74d115be38bc302991267f95f440e5f61ce4472,A,11,3,20,36,3,1,16-QAM,cui_crlb,detection_nmse,0.090878259942006892,0.27263477982602069,,3,,,ok,,,20260818,1.503561700881817,9.9999999999999982,50
cui_fig6,925f2ab8975505e255f5c37af74d115be38bc302991267f95f440e5f61ce4472,A,11,3,21,36,3,1,16-QAM,biased_gs,detection_nmse,0.016683364877388921,0.05005009463216676,,3,,,ok,,,20260818,1.503561700881817,11.220184543019634,50
cui_fig6,925f2ab8975505e255f5c37af74d115be38bc302991267f95f440e5f61ce4472,A,11,3,21,36,3,1,16-QAM,em_gs,detection_nmse,0.02037382910399721,0.061121487311991629,,3,,,ok,,,20260818,1.503561700881817,11.220184543019634,50
cui_fig6,925f2ab8975505e255f5c37af74d115be38bc302991267f95f440e5f61ce4472,A,11,3,21,36,3,1,16-QAM,genie_zf,detection_nmse,0.028763527765755956,0.086290583297267867,,3,,,ok,,,20260818,1.503561700881817,11.220184543019634,50
cui_fig6,925f2ab8975505e255f5c37af74d115be38bc302991267f95f440e5f61ce4472,A,11,3,21,36,3,1,16-QAM,cui_crlb,detection_nmse,0.10010126296404294,0.30030378889212883,,3,,,ok,,,20260818,1.503561700881817,11.220184543019634,50
cui_fig6,925f2ab8975505e255f5c37af74d115be38bc302991267f95f440e5f61ce4472,A,11,3,22,36,3,1,16-QAM,biased_gs,detection_nmse,0.051604213412276105,0.15481264023682831,,3,,,ok,,,20260818,1.503561700881817,12.589254117941675,50
cui_fig6,925f2ab8975505e255f5c37af74d115be38bc302991267f95f440e5f61ce4472,A,11,3,22,36,3,1,16-QAM,em_gs,detection_nmse,0.052337474631524807,0.15701242389457443,,3,,,ok,,,20260818,1.503561700881817,12.589254117941675,50
cui_fig6,925f2ab8975505e255f5c37af74d115be38bc302991267f95f440e5f61ce4472,A,11,3,22,36,3,1,16-QAM,genie_zf,detection_nmse,0.020004563393926589,0.060013690181779766,,3,,,ok,,,20260818,1.503561700881817,12.589254117941675,50
cui_fig6,925f2ab8975505e255f5c37af74d115be38bc302991267f95f440e5f61ce4472,A,11,3,22,36,3,1,16-QAM,cui_crlb,detection_nmse,0.090388701558363718,0.27116610467509117,,3,,,ok,,,20260818,1.503561700881817,12.589254117941675,50
cui_fig6,925f2ab8975505e255f5c37af74d115be38bc302991267f95f440e5f61ce4472,A,11,3,23,36,3,1,16-QAM,biased_gs,detection_nmse,0.065531172748696062,0.19659351824608817,,3,,,ok,,,20260818,1.503561700881817,14.12537544622754,50
cui_fig6,925f2ab8975505e255f5c37af74d115be38bc302991267f95f440e5f61ce4472,A,11,3,23,36,3,1,16-QAM,em_gs,detection_nmse,0.061400562405351612,0.18420168721605484,,3,,,ok,,,20260818,1.503561700881817,14.12537544622754,50
cui_fig6,925f2ab8975505e255f5c37af74d115be38bc302991267f95f440e5f61ce4472,A,11,3,23,36,3,1,16-QAM,genie_zf,detection_nmse,0.01111613647350207,0.033348409420506209,,3,,,ok,,,20260818,1.503561700881817,14.12537544622754,50
cui_fig6,925f2ab8975505e255f5c37af74d115be38bc302991267f95f440e5f61ce4472,A,11,3,23,36,3,1,16-QAM,cui_crlb,detection_nmse,0.088795196611192354,0.26638558983357707,,3,,,ok,,,20260818,1.503561700881817,14.12537544622754,50
cui_fig6,925f2ab8975505e255f5c37af74d115be38bc302991267f95f440e5f61ce4472,A,11,3,24,36,3,1,16-QAM,biased_gs,detection_nmse,0.13086531792948561,0.3925959537884568,,3,,,ok,,,20260818,1.503561700881817,15.848931924611133,50
cui_fig6,925f2ab8975505e255f5c37af74d115be38bc302991267f95f440e5f61ce4472,A,11,3,24,36,3,1,16-QAM,em_gs,detection_nmse,0.12873763954681772,0.38621291864045315,,3,,,ok,,,20260818,1.503561700881817,15.848931924611133,50
cui_fig6,925f2ab8975505e255f5c37af74d115be38bc302991267f95f440e5f61ce4472,A,11,3,24,36,3,1,16-QAM,genie_zf,detection_nmse,0.053890400049016664,0.16167120014705,,3,,,ok,,,20260818,1.503561700881817,15.848931924611133,50
cui_fig6,925f2ab8975505e255f5c37af74d115be38bc302991267f95f440e5f61ce4472,A,11,3,24,36,3,1,16-QAM,cui_crlb,detection_nmse,0.09065698941841642,0.27197096825524925,,3,,,ok,,,20260818,1.503561700881817,15.848931924611133,50
cui_fig6,925f2ab8975505e255f5c37af74d115be38bc302991267f95f440e5f61ce4472,A,11,3,25,36,3,1,16-QAM,biased_gs,detection_nmse,0.056834353213324251,0.17050305963997275,,3,,,ok,,,20260818,1.503561700881817,17.782794100389232,50
cui_fig6,925f2ab8975505e255f5c37af74d115be38bc302991267f95f440e5f61ce4472,A,11,3,25,36,3,1,16-QAM,em_gs,detection_nmse,0.058887586679989334,0.176662760039968,,3,,,ok,,,20260818,1.503561700881817,17.782794100389232,50
cui_fig6,925f2ab8975505e255f5c37af74d115be38bc302991267f95f440e5f61ce4472,A,11,3,25,36,3,1,16-QAM,genie_zf,detection_nmse,0.04019068002806734,0.12057204008420203,,3,,,ok,,,20260818,1.503561700881817,17.782794100389232,50
cui_fig6,925f2ab8975505e255f5c37af74d115be38bc302991267f95f440e5f61ce4472,A,11,3,25,36,3,1,16-QAM,cui_crlb,detection_nmse,0.092065461550128902,0.27619638465038671,,3,,,ok,,,20260818,1.503561700881817,17.782794100389232,50
cui_fig6,925f2ab8975505e255f5c37af74d115be38bc302991267f95f440e5f61ce4472,A,12,3,0,36,3,1,16-QAM,biased_gs,detection_nmse,0.17263806460868614,0.51791419382605841,,3,,,ok,,,20260818,1.503561700881817,0.99999999999999978,50
cui_fig6,925f2ab8975505e255f5c37af74d115be38bc302991267f95f440e5f61ce4472,A,12,3,0,36,3,1,16-QAM,em_gs,detection_nmse,0.12839487674492758,0.38518463023478272,,3,,,ok,,,20260818,1.503561700881817,0.99999999999999978,50
cui_fig6,925f2ab8975505e255f5c37af74d115be38bc302991267f95f440e5f61ce4472,A,12,3,0,36,3,1,16-QAM,genie_zf,detection_nmse,0.038772586996704182,0.11631776099011254,,3,,,ok,,,20260818,1.503561700881817,0.99999999999999978,50
cui_fig6,925f2ab8975505e255f5c37af74d115be38bc302991267f95f440e5f61ce4472,A,12,3,0,36,3,1,16-QAM,cui_crlb,detection_nmse,0.10483558516149394,0.31450675548448181,,3,,,ok,,,20260818,1.503561700881817,0.99999999999999978,50
cui_fig6,925f2ab8975505e255f5c37af74d115be38bc302991267f95f440e5f61ce4472,A,12,3,1,36,3,1,16-QAM,biased_gs,detection_nmse,0.24814240007282218,0.74442720021846653,,3,,,ok,,,20260818,1.503561700881817,1.1220184543019636,50
cui_fig6,925f2ab8975505e255f5c37af74d115be38bc302991267f95f440e5f61ce4472,A,12,3,1,36,3,1,16-QAM,em_gs,detection_nmse,0.23239077999985014,0.69717233999955042,,3,,,ok,,,20260818,1.503561700881817,1.1220184543019636,50
cui_fig6,925f2ab8975505e255f5c37af74d115be38bc302991267f95f440e5f61ce4472,A,12,3,1,36,3,1,16-QAM,genie_zf,detection_nmse,0.028291166675068046,0.084873500025204135,,3,,,ok,,,20260818,1.503561700881817,1.1220184543019636,50
cui_fig6,925f2ab8975505e255f5c37af74d115be38bc302991267f95f440e5f61ce4472,A,12,3,1,36,3,1,16-QAM,cui_crlb,detection_nmse,0.10447060000546855,0.31341180001640567,,3,,,ok,,,20260818,1.503561700881817,1.1220184543019636,50
cui_fig6,925f2ab8975505e255f5c37af74d115be38bc302991267f95f440e5f61ce4472,A,12,3,2,36,3,1,16-QAM,biased_gs,detection_nmse,0.26493560661836807,0.79480681985510415,,3,,,ok,,,20260818,1.503561700881817,1.2589254117941673,50
cui_fig6,925f2ab8975505e255f5c37af74d115be38bc302991267f95f440e5f61ce4472,A,12,3,2,36,3,1,16-QAM,em_gs,detection_nmse,0.18928514264027249,0.56785542792081745,,3,,,ok,,,20260818,1.503561700881817,1.2589254117941673,50
cui_fig6,925f2ab8975505e255f5c37af74d115be38bc302991267f95f440e5f61ce4472,A,12,3,2,36,3,1,16-QAM,genie_zf,detection_nmse,0.016440305244841392,0.049320915734524177,,3,,,ok,,,20260818,1.503561700881817,1.2589254117941673,50
cui_fig6,925f2ab8975505e255f5c37af74d115be38bc302991267f95f440e5f61ce4472,A,12,3,2,36,3,1,16-QAM,cui_crlb,detection_nmse,0.11048318656730503,0.33144955970191509,,3,,,ok,,,20260818,1.503561700881817,1.2589254117941673,50
cui_fig6,925f2ab8975505e255f5c37af74d115be38bc302991267f95f440e5f61ce4472,A,12,3,3,36,3,1,16-QAM,biased_gs,detection_nmse,0.14145756721120753,0.42437270163362256,,3,,,ok,,,20260818,1.503561700881817,1.4125375446227542,50
cui_fig6,925f2ab8975505e255f5c37af74d115be38bc302991267f95f440e5f61ce4472,A,12,3,3,36,3,1,16-QAM,em_gs,detection_nmse,0.065216085705156746,0.19564825711547024,,3,,,ok,,,20260818,1.503561700881817,1.4125375446227542,50
cui_fig6,925f2ab8975505e255f5c37af74d115be38bc302991267f95f440e5f61ce4472,A,12,3,3,36,3,1,16-QAM,genie_zf,detection_nmse,0.038632413158980257,0.11589723947694076,,3,,,ok,,,20260818,1.503561700881817,1.4125375446227542,50
cui_fig6,925f2ab8975505e255f5c37af74d115be38bc302991267f95f440e5f61ce4472,A,12,3,3,36,3,1,16-QAM,cui_crlb,detection_nmse,0.10786926785899924,0.3236078035769977,,3,,,ok,,,20260818,1.503561700881817,1.4125375446227542,50
cui_fig6,925f2ab8975505e255f5c37af74d115be38bc302991267f95f440e5f61ce4472,A,12,3,4,36,3,1,16-QAM,biased_gs,detection_nmse,0.26696336296470352,0.80089008889411062,,3,,,ok,,,20260818,1.503561700881817,1.5848931924611136,50
cui_fig6,925f2ab8975505e255f5c37af74d115be38bc302991267f95f440e5f61ce4472,A,12,3,4,36,3,1,16-QAM,em_gs,detection_nmse,0.2126493389311819,0.63794801679354574,,3,,,ok,,,20260818,1.503561700881817,1.5848931924611136,50
cui_fig6,925f2ab8975505e255f5c37af74d115be38bc302991267f95f440e5f61ce4472,A,12,3,4,36,3,1,16-QAM,genie_zf,detection_nmse,0.093068070198034911,0.27920421059410472,,3,,,ok,,,20260818,1.503561700881817,1.5848931924611136,50
cui_fig6,925f2ab8975505e255f5c37af74d115be38bc302991267f95f440e5f61ce4472,A,12,3,4,36,3,1,16-QAM,cui_crlb,detection_nmse,0.11181149126931193,0.33543447380793578,,3,,,ok,,,20260818,1.503561700881817,1.5848931924611136,50
cui_fig6,925f2ab8975505e255f5c37af74d115be38bc302991267f95f440e5f61ce4472,A,12,3,5,36,3,1,16-QAM,biased_gs,detection_nmse,0.30751746804238644,0.92255240412715933,,3,,,ok,,,20260818,1.503561700881817,1.778279410038923,50
cui_fig6,925f2ab8975505e255f5c37af74d115be38bc302991267f95f440e5f61ce4472,A,12,3,5,36,3,1,16-QAM,em_gs,detection_nmse,0.18283419993833908,0.54850259981501726,,3,,,ok,,,20260818,1.503561700881817,1.778279410038923,50
cui_fig6,925f2ab8975505e255f5c37af74d115be38bc302991267f95f440e5f61ce4472,A,12,3,5,36,3,1,16-QAM,genie_zf,detection_nmse,0.045832638196771296,0.13749791459031388,,3,,,ok,,,20260818,1.503561700881817,1.778279410038923,50
cui_fig6,925f2ab8975505e255f5c37af74d115be38bc302991267f95f440e5f61ce4472,A,12,3,5,36,3,1,16-QAM,cui_crlb,detection_nmse,0.11439025265823814,0.34317075797471441,,3,,,ok,,,20260818,1.503561700881817,1.778279410038923,50
cui_fig6,925f2ab8975505e255f5c37af74d115be38bc302991267f95f440e5f61ce4472,A,12,3,6,36,3,1,16-QAM,biased_gs,detection_nmse,0.25358685531571878,0.76076056594715635,,3,,,ok,,,20260818,1.503561700881817,1.9952623149688802,50
cui_fig6,925f2ab8975505e255f5c37af74d115be38bc302991267f95f440e5f61ce4472,A,12,3,6,36,3,1,16-QAM,em_gs,detection_nmse,0.1828769552226793,0.54863086566803787,,3,,,ok,,,20260818,1.503561700881817,1.9952623149688802,50
cui_fig6,925f2ab8975505e255f5c37af74d115be38bc302991267f95f440e5f61ce4472,A,12,3,6,36,3,1,16-QAM,genie_zf,detection_nmse,0.13896169340928813,0.41688508022786441,,3,,,ok,,,20260818,1.503561700881817,1.9952623149688802,50
cui_fig6,925f2ab8975505e255f5c37af74d115be38bc302991267f95f440e5f61ce4472,A,12,3,6,36,3,1,16-QAM,cui_crlb,detection_nmse,0.10639377960605896,0.3191813388181769,,3,,,ok,,,20260818,1.503561700881817,1.9952623149688802,50
cui_fig6,925f2ab8975505e255f5c37af74d115be38bc302991267f95f440e5f61ce4472,A,12,3,7,36,3,1,16-QAM,biased_gs,detection_nmse,0.041831208214523186,0.12549362464356956,,3,,,ok,,,20260818,1.503561700881817,2.2387211385683394,50
cui_fig6,925f2ab8975505e255f5c37af74d115be38bc302991267f95f440e5f61ce4472,A,12,3,7,36,3,1,16-QAM,em_gs,detection_nmse,0.022278247326883046,0.066834741980649134,,3,,,ok,,,20260818,1.503561700881817,2.2387211385683394,50
cui_fig6,925f2ab8975505e255f5c37af74d115be38bc302991267f95f440e5f61ce4472,A,12,3,7,36,3,1,16-QAM,genie_zf,detection_nmse,0.048903254821878094,0.14670976446563427,,3,,,ok,,,20260818,1.503561700881817,2.2387211385683394,50
cui_fig6,925f2ab8975505e255f5c37af74d115be38bc302991267f95f440e5f61ce4472,A,12,3,7,36,3,1,16-QAM,cui_crlb,detection_nmse,0.10499966020563628,0.31499898061690884,,3,,,ok,,,20260818,1.503561700881817,2.2387211385683394,50
cui_fig6,925f2ab8975505e255f5c37af74d115be38bc302991267f95f440e5f61ce4472,A,12,3,8,36,3,1,16-QAM,biased_gs,detection_nmse,0.21156149830158055,0.63468449490474166,,3,,,ok,,,20260818,1.503561700881817,2.5118864315095806,50
cui_fig6,925f2ab8975505e255f5c37af74d115be38bc302991267f95f440e5f61ce4472,A,12,3,8,36,3,1,16-QAM,em_gs,detection_nmse,0.18028642355431498,0.54085927066294492,,3,,,ok,,,20260818,1.503561700881817,2.5118864315095806,50
cui_fig6,925f2ab8975505e255f5c37af74d115be38bc302991267f95f440e5f61ce4472,A,12,3,8,36,3,1,16-QAM,genie_zf,detection_nmse,0.044587680631653824,0.13376304189496147,,3,,,ok,,,20260818,1.503561700881817,2.5118864315095806,50
cui_fig6,925f2ab8975505e255f5c37af74d115be38bc302991267f95f440e5f61ce4472,A,12,3,8,36,3,1,16-QAM,cui_crlb,detection_nmse,0.10004732494776887,0.30014197484330662,,3,,,ok,,,20260818,1.503561700881817,2.5118864315095806,50
cui_fig6,925f2ab8975505e255f5c37af74d115be38bc302991267f95f440e5f61ce4472,A,12,3,9,36,3,1,16-QAM,biased_gs,detection_nmse,0.05642635793692858,0.16927907381078575,,3,,,ok,,,20260818,1.503561700881817,2.8183829312644542,50
cui_fig6,925f2ab8975505e255f5c37af74d115be38bc302991267f95f440e5f61ce4472,A,12,3,9,36,3,1,16-QAM,em_gs,detection_nmse,0.13425201282936794,0.40275603848810382,,3,,,ok,,,20260818,1.503561700881817,2.8183829312644542,50
cui_fig6,925f2ab8975505e255f5c37af74d115be38bc302991267f95f440e5f61ce4472,A,12,3,9,36,3,1,16-QAM,genie_zf,detection_nmse,0.055834506939769622,0.16750352081930886,,3,,,ok,,,20260818,1.503561700881817,2.8183829312644542,50
cui_fig6,925f2ab8975505e255f5c37af74d115be38bc302991267f95f440e5f61ce4472,A,12,3,9,36,3,1,16-QAM,cui_crlb,detection_nmse,0.10657195079558431,0.31971585238675293,,3,,,ok,,,20260818,1.503561700881817,2.8183829312644542,50
cui_fig6,925f2ab8975505e255f5c37af74d115be38bc302991267f95f440e5f61ce4472,A,12,3,10,36,3,1,16-QAM,biased_gs,detection_nmse,0.30867372031842844,0.92602116095528531,,3,,,ok,,,20260818,1.503561700881817,3.1622776601683786,50
cui_fig6,925f2ab8975505e255f5c37af74d115be38bc302991267f95f440e5f61ce4472,A,12,3,10,36,3,1,16-QAM,em_gs,detection_nmse,0.21300367631227987,0.63901102893683959,,3,,,ok,,,20260818,1.503561700881817,3.1622776601683786,50
cui_fig6,925f2ab8975505e255f5c37af74d115be38bc302991267f95f440e5f61ce4472,A,12,3,10,36,3,1,16-QAM,genie_zf,detection_nmse,0.074102657269085895,0.22230797180725767,,3,,,ok,,,20260818,1.503561700881817,3.1622776601683786,50
cui_fig6,925f2ab8975505e255f5c37af74d115be38bc302991267f95f440e5f61ce4472,A,12,3,10,36,3,1,16-QAM,cui_crlb,detection_nmse,0.10677797840742936,0.32033393522228809,,3,,,ok,,,20260818,1.503561700881817,3.1622776601683786,50
cui_fig6,925f2ab8975505e255f5c37af74d115be38bc302991267f95f440e5f61ce4472,A,12,3,11,36,3,1,16-QAM,biased_gs,detection_nmse,0.079121367652321209,0.23736410295696364,,3,,,ok,,,20260818,1.503561700881817,3.5481338923357555,50
cui_fig6,925f2ab8975505e255f5c37af74d115be38bc302991267f95f440e5f61ce4472,A,12,3,11,36,3,1,16-QAM,em_gs,detection_nmse,0.086366227358471839,0.25909868207541553,,3,,,ok,,,20260818,1.503561700881817,3.5481338923357555,50
cui_fig6,925f2ab8975505e255f5c37af74d115be38bc302991267f95f440e5f61ce4472,A,12,3,11,36,3,1,16-QAM,genie_zf,detection_nmse,0.038173965561341255,0.11452189668402377,,3,,,ok,,,20260818,1.503561700881817,3.5481338923357555,50
cui_fig6,925f2ab8975505e255f5c37af74d115be38bc302991267f95f440e5f61ce4472,A,12,3,11,36,3,1,16-QAM,cui_crlb,detection_nmse,0.094903938800331655,0.28471181640099497,,3,,,ok,,,20260818,1.503561700881817,3.5481338923357555,50
cui_fig6,925f2ab8975505e255f5c37af74d115be38bc302991267f95f440e5f61ce4472,A,12,3,12,36,3,1,16-QAM,biased_gs,detection_nmse,0.13598578445448886,0.40795735336346656,,3,,,ok,,,20260818,1.503561700881817,3.9810717055349727,50
cui_fig6,925f2ab8975505e255f5c37af74d115be38bc302991267f95f440e5f61ce4472,A,12,3,12,36,3,1,16-QAM,em_gs,detection_nmse,0.12589621392758701,0.37768864178276101,,3,,,ok,,,20260818,1.503561700881817,3.9810717055349727,50
cui_fig6,925f2ab8975505e255f5c37af74d115be38bc302991267f95f440e5f61ce4472,A,12,3,12,36,3,1,16-QAM,genie_zf,detection_nmse,0.075044427247459272,0.22513328174237782,,3,,,ok,,,20260818,1.503561700881817,3.9810717055349727,50
cui_fig6,925f2ab8975505e255f5c37af74d115be38bc302991267f95f440e5f61ce4472,A,12,3,12,36,3,1,16-QAM,cui_crlb,detection_nmse,0.090563297219277653,0.27168989165783297,,3,,,ok,,,20260818,1.503561700881817,3.9810717055349727,50
cui_fig6,925f2ab8975505e255f5c37af74d115be38bc302991267f95f440e5f61ce4472,A,12,3,13,36,3,1,16-QAM,biased_gs,detection_nmse,0.42259103853114266,1.267773115593428,,3,,,ok,,,20260818,1.503561700881817,4.4668359215096318,50
cui_fig6,925f2ab8975505e255f5c37af74d115be38bc302991267f95f440e5f61ce4472,A,12,3,13,36,3,1,16-QAM,em_gs,detection_nmse,0.32769034470934116,0.98307103412802355,,3,,,ok,,,20260818,1.503561700881817,4.4668359215096318,50
cui_fig6,925f2ab8975505e255f5c37af74d115be38bc302991267f95f440e5f61ce4472,A,12,3,13,36,3,1,16-QAM,genie_zf,detection_nmse,0.02613655360336967,0.078409660810109014,,3,,,ok,,,20260818,1.503561700881817,4.4668359215096318,50
cui_fig6,925f2ab8975505e255f5c37af74d115be38bc302991267f95f440e5f61ce4472,A,12,3,13,36,3,1,16-QAM,cui_crlb,detection_nmse,0.094127435413011371,0.2823823062390341,,3,,,ok,,,20260818,1.503561700881817,4.4668359215096318,50
cui_fig6,925f2ab8975505e255f5c37af74d115be38bc302991267f95f440e5f61ce4472,A,12,3,14,36,3,1,16-QAM,biased_gs,detection_nmse,0.075921486353848877,0.22776445906154663,,3,,,ok,,,20260818,1.503561700881817,5.011872336272722,50
cui_fig6,925f2ab8975505e255f5c37af74d115be38bc302991267f95f440e5f61ce4472,A,12,3,14,36,3,1,16-QAM,em_gs,detection_nmse,0.085684164025395818,0.25705249207618747,,3,,,ok,,,20260818,1.503561700881817,5.011872336272722,50
cui_fig6,925f2ab8975505e255f5c37af74d115be38bc302991267f95f440e5f61ce4472,A,12,3,14,36,3,1,16-QAM,genie_zf,detection_nmse,0.030940257387821416,0.092820772163464252,,3,,,ok,,,20260818,1.503561700881817,5.011872336272722,50
cui_fig6,925f2ab8975505e255f5c37af74d115be38bc302991267f95f440e5f61ce4472,A,12,3,14,36,3,1,16-QAM,cui_crlb,detection_nmse,0.092682179222564762,0.27804653766769427,,3,,,ok,,,20260818,1.503561700881817,5.011872336272722,50
cui_fig6,925f2ab8975505e255f5c37af74d115be38bc302991267f95f440e5f61ce4472,A,12,3,15,36,3,1,16-QAM,biased_gs,detection_nmse,0.15078913100831282,0.45236739302493845,,3,,,ok,,,20260818,1.503561700881817,5.6234132519034921,50
cui_fig6,925f2ab8975505e255f5c37af74d115be38bc302991267f95f440e5f61ce4472,A,12,3,15,36,3,1,16-QAM,em_gs,detection_nmse,0.12446470944552464,0.37339412833657393,,3,,,ok,,,20260818,1.503561700881817,5.6234132519034921,50
cui_fig6,925f2ab8975505e255f5c37af74d115be38bc302991267f95f440e5f61ce4472,A,12,3,15,36,3,1,16-QAM,genie_zf,detection_nmse,0.058040207089107655,0.17412062126732297,,3,,,ok,,,20260818,1.503561700881817,5.6234132519034921,50
cui_fig6,925f2ab8975505e255f5c37af74d115be38bc302991267f95f440e5f61ce4472,A,12,3,15,36,3,1,16-QAM,cui_crlb,detection_nmse,0.090558351574166432,0.27167505472249931,,3,,,ok,,,20260818,1.503561700881817,5.6234132519034921,50
cui_fig6,925f2ab8975505e255f5c37af74d115be38bc302991267f95f440e5f61ce4472,A,12,3,16,36,3,1,16-QAM,biased_gs,detection_nmse,0.19671671545879957,0.59015014637639873,,3,,,ok,,,20260818,1.503561700881817,6.3095734448019334,50
cui_fig6,925f2ab8975505e255f5c37af74d115be38bc302991267f95f440e5f61ce4472,A,12,3,16,36,3,1,16-QAM,em_gs,detection_nmse,0.17634609817047894,0.5290382945114368,,3,,,ok,,,20260818,1.503561700881817,6.3095734448019334,50
cui_fig6,925f2ab8975505e255f5c37af74d115be38bc302991267f95f440e5f61ce4472,A,12,3,16,36,3,1,16-QAM,genie_zf,detection_nmse,0.0092429551381204601,0.02772886541436138,,3,,,ok,,,20260818,1.503561700881817,6.3095734448019334,50
cui_fig6,925f2ab8975505e255f5c37af74d115be38bc302991267f95f440e5f61ce4472,A,12,3,16,36,3,1,16-QAM,cui_crlb,detection_nmse,0.089207663018228564,0.26762298905468568,,3,,,ok,,,20260818,1.503561700881817,6.3095734448019334,50
cui_fig6,925f2ab8975505e255f5c37af74d115be38bc302991267f95f440e5f61ce4472,A,12,3,17,36,3,1,16-QAM,biased_gs,detection_nmse,0.12378498975241792,0.37135496925725375,,3,,,ok,,,20260818,1.503561700881817,7.0794578438413795,50
cui_fig6,925f2ab8975505e255f5c37af74d115be38bc302991267f95f440e5f61ce4472,A,12,3,17,36,3,1,16-QAM,em_gs,detection_nmse,0.1089501965576299,0.32685058967288971,,3,,,ok,,,20260818,1.503561700881817,7.0794578438413795,50
cui_fig6,925f2ab8975505e255f5c37af74d115be38bc302991267f95f440e5f61ce4472,A,12,3,17,36,3,1,16-QAM,genie_zf,detection_nmse,0.051146673400718511,0.15344002020215552,,3,,,ok,,,20260818,1.503561700881817,7.0794578438413795,50
cui_fig6,925f2ab8975505e255f5c37af74d115be38bc302991267f95f440e5f61ce4472,A,12,3,17,36,3,1,16-QAM,cui_crlb,detection_nmse,0.093442038503132638,0.2803261155093979,,3,,,ok,,,20260818,1.503561700881817,7.0794578438413795,50
cui_fig6,925f2ab8975505e255f5c37af74d115be38bc302991267f95f440e5f61ce4472,A,12,3,18,36,3,1,16-QAM,biased_gs,detection_nmse,0.11747541383838722,0.35242624151516166,,3,,,ok,,,20260818,1.503561700881817,7.9432823472428149,50
cui_fig6,925f2ab8975505e255f5c37af74d115be38bc302991267f95f440e5f61ce4472,A,12,3,18,36,3,1,16-QAM,em_gs,detection_nmse,0.087477891424038542,0.26243367427211561,,3,,,ok,,,20260818,1.503561700881817,7.9432823472428149,50
cui_fig6,925f2ab8975505e255f5c37af74d115be38bc302991267f95f440e5f61ce4472,A,12,3,18,36,3,1,16-QAM,genie_zf,detection_nmse,0.040727720982585085,0.12218316294775525,,3,,,ok,,,20260818,1.503561700881817,7.9432823472428149,50
cui_fig6,925f2ab8975505e255f5c37af74d115be38bc302991267f95f440e5f61ce4472,A,12,3,18,36,3,1,16-QAM,cui_crlb,detection_nmse,0.090759243034049072,0.2722777291021472,,3,,,ok,,,20260818,1.503561700881817,7.9432823472428149,50
cui_fig6,925f2ab8975505e255f5c37af74d115be38bc302991267f95f440e5f61ce4472,A,12,3,19,36,3,1,16-QAM,biased_gs,detection_nmse,0.044258039584817443,0.13277411875445233,,3,,,ok,,,20260818,1.503561700881817,8.9125093813374541,50
cui_fig6,925f2ab8975505e255f5c37af74d115be38bc302991267f95f440e5f61ce4472,A,12,3,19,36,3,1,16-QAM,em_gs,detection_nmse,0.035811118872833704,0.10743335661850112,,3,,,ok,,,20260818,1.503561700881817,8.9125093813374541,50
cui_fig6,925f2ab8975505e255f5c37af74d115be38bc302991267f95f440e5f61ce4472,A,12,3,19,36,3,1,16-QAM,genie_zf,detection_nmse,0.030102619879052151,0.090307859637156457,,3,,,ok,,,20260818,1.503561700881817,8.9125093813374541,50
cui_fig6,925f2ab8975505e255f5c37af74d115be38bc302991267f95f440e5f61ce4472,A,12,3,19,36,3,1,16-QAM,cui_crlb,detection_nmse,0.090305593613000348,0.27091678083900106,,3,,,ok,,,20260818,1.503561700881817,8.9125093813374541,50
cui_fig6,925f2ab8975505e255f5c37af74d115be38bc302991267f95f440e5f61ce4472,A,12,3,20,36,3,1,16-QAM,biased_gs,detection_nmse,0.052580446670709512,0.15774134001212853,,3,,,ok,,,20260818,1.503561700881817,9.9999999999999982,50
cui_fig6,925f2ab8975505e255f5c37af74d115be38bc302991267f95f440e5f61ce4472,A,12,3,20,36,3,1,16-QAM,em_gs,detection_nmse,0.039778642229768325,0.11933592668930497,,3,,,ok,,,20260818,1.503561700881817,9.9999999999999982,50
cui_fig6,925f2ab8975505e255f5c37af74d115be38bc302991267f95f440e5f61ce4472,A,12,3,20,36,3,1,16-QAM,genie_zf,detection_nmse,0.026364535540973236,0.079093606622919713,,3,,,ok,,,20260818,1.503561700881817,9.9999999999999982,50
cui_fig6,925f2ab8975505e255f5c37af74d115be38bc302991267f95f440e5f61ce4472,A,12,3,20,36,3,1,16-QAM,cui_crlb,detection_nmse,0.093449263819814124,0.28034779145944239,,3,,,ok,,,20260818,1.503561700881817,9.9999999999999982,50
cui_fig6,925f2ab8975505e255f5c37af74d115be38bc302991267f95f440e5f61ce4472,A,12,3,21,36,3,1,16-QAM,biased_gs,detection_nmse,0.01435943710154499,0.043078311304634971,,3,,,ok,,,20260818,1.503561700881817,11.220184543019634,50
cui_fig6,925f2ab8975505e255f5c37af74d115be38bc302991267f95f440e5f61ce4472,A,12,3,21,36,3,1,16-QAM,em_gs,detection_nmse,0.013633560720855691,0.040900682162567072,,3,,,ok,,,20260818,1.503561700881817,11.220184543019634,50
cui_fig6,925f2ab8975505e255f5c37af74d115be38bc302991267f95f440e5f61ce4472,A,12,3,21,36,3,1,16-QAM,genie_zf,detection_nmse,0.012145628761037414,0.036436886283112244,,3,,,ok,,,20260818,1.503561700881817,11.220184543019634,50
cui_fig6,925f2ab8975505e255f5c37af74d115be38bc302991267f95f440e5f61ce4472,A,12,3,21,36,3,1,16-QAM,cui_crlb,detection_nmse,0.09081562387543711,0.27244687162631132,,3,,,ok,,,20260818,1.503561700881817,11.220184543019634,50
cui_fig6,925f2ab8975505e255f5c37af74d115be38bc302991267f95f440e5f61ce4472,A,12,3,22,36,3,1,16-QAM,biased_gs,detection_nmse,0.050257430177047167,0.1507722905311415,,3,,,ok,,,20260818,1.503561700881817,12.589254117941673,50
cui_fig6,925f2ab8975505e255f5c37af74d115be38bc302991267f95f440e5f61ce4472,A,12,3,22,36,3,1,16-QAM,em_gs,detection_nmse,0.041862935609146522,0.12558880682743956,,3,,,ok,,,20260818,1.503561700881817,12.589254117941673,50
cui_fig6,925f2ab8975505e255f5c37af74d115be38bc302991267f95f440e5f61ce4472,A,12,3,22,36,3,1,16-QAM,genie_zf,detection_nmse,0.013493841419076476,0.04048152425722943,,3,,,ok,,,20260818,1.503561700881817,12.589254117941673,50
cui_fig6,925f2ab8975505e255f5c37af74d115be38bc302991267f95f440e5f61ce4472,A,12,3,22,36,3,1,16-QAM,cui_crlb,detection_nmse,0.091580931373840532,0.27474279412152158,,3,,,ok,,,20260818,1.503561700881817,12.589254117941673,50
cui_fig6,925f2ab8975505e255f5c37af74d115be38bc302991267f95f440e5f61ce4472,A,12,3,23,36,3,1,16-QAM,biased_gs,detection_nmse,0.25482512609932545,0.76447537829797629,,3,,,ok,,,20260818,1.503561700881817,14.125375446227538,50
cui_fig6,925f2ab8975505e255f5c37af74d115be38bc302991267f95f440e5f61ce4472,A,12,3,23,36,3,1,16-QAM,em_gs,detection_nmse,0.2527477010248767,0.75824310307463005,,3,,,ok,,,20260818,1.503561700881817,14.125375446227538,50
cui_fig6,925f2ab8975505e255f5c37af74d115be38bc302991267f95f440e5f61ce4472,A,12,3,23,36,3,1,16-QAM,genie_zf,detection_nmse,0.064359754183545295,0.19307926255063587,,3,,,ok,,,20260818,1.503561700881817,14.125375446227538,50
cui_fig6,925f2ab8975505e255f5c37af74d115be38bc302991267f95f440e5f61ce4472,A,12,3,23,36,3,1,16-QAM,cui_crlb,detection_nmse,0.085217126673511764,0.25565138002053528,,3,,,ok,,,20260818,1.503561700881817,14.125375446227538,50
cui_fig6,925f2ab8975505e255f5c37af74d115be38bc302991267f95f440e5f61ce4472,A,12,3,24,36,3,1,16-QAM,biased_gs,detection_nmse,0.084210729216708372,0.25263218765012513,,3,,,ok,,,20260818,1.503561700881817,15.848931924611133,50
cui_fig6,925f2ab8975505e255f5c37af74d115be38bc302991267f95f440e5f61ce4472,A,12,3,24,36,3,1,16-QAM,em_gs,detection_nmse,0.078082246955457679,0.23424674086637304,,3,,,ok,,,20260818,1.503561700881817,15.848931924611133,50
cui_fig6,925f2ab8975505e255f5c37af74d115be38bc302991267f95f440e5f61ce4472,A,12,3,24,36,3,1,16-QAM,genie_zf,detection_nmse,0.040943303140635233,0.12282990942190571,,3,,,ok,,,20260818,1.503561700881817,15.848931924611133,50
cui_fig6,925f2ab8975505e255f5c37af74d115be38bc302991267f95f440e5f61ce4472,A,12,3,24,36,3,1,16-QAM,cui_crlb,detection_nmse,0.093394099469332234,0.28018229840799669,,3,,,ok,,,20260818,1.503561700881817,15.848931924611133,50
cui_fig6,925f2ab8975505e255f5c37af74d115be38bc302991267f95f440e5f61ce4472,A,12,3,25,36,3,1,16-QAM,biased_gs,detection_nmse,0.096453201338154701,0.28935960401446409,,3,,,ok,,,20260818,1.503561700881817,17.782794100389225,50
cui_fig6,925f2ab8975505e255f5c37af74d115be38bc302991267f95f440e5f61ce4472,A,12,3,25,36,3,1,16-QAM,em_gs,detection_nmse,0.094743495455275342,0.28423048636582604,,3,,,ok,,,20260818,1.503561700881817,17.782794100389225,50
cui_fig6,925f2ab8975505e255f5c37af74d115be38bc302991267f95f440e5f61ce4472,A,12,3,25,36,3,1,16-QAM,genie_zf,detection_nmse,0.095393796343242174,0.28618138902972651,,3,,,ok,,,20260818,1.503561700881817,17.782794100389225,50
cui_fig6,925f2ab8975505e255f5c37af74d115be38bc302991267f95f440e5f61ce4472,A,12,3,25,36,3,1,16-QAM,cui_crlb,detection_nmse,0.08603848773629845,0.25811546320889533,,3,,,ok,,,20260818,1.503561700881817,17.782794100389225,50
cui_fig6,925f2ab8975505e255f5c37af74d115be38bc302991267f95f440e5f61ce4472,A,13,3,0,36,3,1,16-QAM,biased_gs,detection_nmse,0.16943548516081394,0.5083064554824418,,3,,,ok,,,20260818,1.503561700881817,0.99999999999999989,50
cui_fig6,925f2ab8975505e255f5c37af74d115be38bc302991267f95f440e5f61ce4472,A,13,3,0,36,3,1,16-QAM,em_gs,detection_nmse,0.070544933091958043,0.21163479927587411,,3,,,ok,,,20260818,1.503561700881817,0.99999999999999989,50
cui_fig6,925f2ab8975505e255f5c37af74d115be38bc302991267f95f440e5f61ce4472,A,13,3,0,36,3,1,16-QAM,genie_zf,detection_nmse,0.029034051855410022,0.087102155566230063,,3,,,ok,,,20260818,1.503561700881817,0.99999999999999989,50
cui_fig6,925f2ab8975505e255f5c37af74d115be38bc302991267f95f440e5f61ce4472,A,13,3,0,36,3,1,16-QAM,cui_crlb,detection_nmse,0.11808638401880367,0.35425915205641101,,3,,,ok,,,20260818,1.503561700881817,0.99999999999999989,50
cui_fig6,925f2ab8975505e255f5c37af74d115be38bc302991267f95f440e5f61ce4472,A,13,3,1,36,3,1,16-QAM,biased_gs,detection_nmse,0.16670077104364708,0.50010231313094122,,3,,,ok,,,20260818,1.503561700881817,1.1220184543019636,50
cui_fig6,925f2ab8975505e255f5c37af74d115be38bc302991267f95f440e5f61ce4472,A,13,3,1,36,3,1,16-QAM,em_gs,detection_nmse,0.12895460869261521,0.38686382607784564,,3,,,ok,,,20260818,1.503561700881817,1.1220184543019636,50
cui_fig6,925f2ab8975505e255f5c37af74d115be38bc302991267f95f440e5f61ce4472,A,13,3,1,36,3,1,16-QAM,genie_zf,detection_nmse,0.045703146573366521,0.13710943972009956,,3,,,ok,,,20260818,1.503561700881817,1.1220184543019636,50
cui_fig6,925f2ab8975505e255f5c37af74d115be38bc302991267f95f440e5f61ce4472,A,13,3,1,36,3,1,16-QAM,cui_crlb,detection_nmse,0.12858787483425382,0.38576362450276147,,3,,,ok,,,20260818,1.503561700881817,1.1220184543019636,50
cui_fig6,925f2ab8975505e255f5c37af74d115be38bc302991267f95f440e5f61ce4472,A,13,3,2,36,3,1,16-QAM,biased_gs,detection_nmse,0.04329938478036386,0.12989815434109159,,3,,,ok,,,20260818,1.503561700881817,1.2589254117941675,50
cui_fig6,925f2ab8975505e255f5c37af74d115be38bc302991267f95f440e5f61ce4472,A,13,3,2,36,3,1,16-QAM,em_gs,detection_nmse,0.025401787961635881,0.076205363884907645,,3,,,ok,,,20260818,1.503561700881817,1.2589254117941675,50
cui_fig6,925f2ab8975505e255f5c37af74d115be38bc302991267f95f440e5f61ce4472,A,13,3,2,36,3,1,16-QAM,genie_zf,detection_nmse,0.052333590503602055,0.15700077151080616,,3,,,ok,,,20260818,1.503561700881817,1.2589254117941675,50
cui_fig6,925f2ab8975505e255f5c37af74d115be38bc302991267f95f440e5f61ce4472,A,13,3,2,36,3,1,16-QAM,cui_crlb,detection_nmse,0.1123850283619522,0.33715508508585662,,3,,,ok,,,20260818,1.503561700881817,1.2589254117941675,50
cui_fig6,925f2ab8975505e255f5c37af74d115be38bc302991267f95f440e5f61ce4472,A,13,3,3,36,3,1,16-QAM,biased_gs,detection_nmse,0.34425321153639654,1.0327596346091896,,3,,,ok,,,20260818,1.503561700881817,1.4125375446227542,50
cui_fig6,925f2ab8975505e255f5c37af74d115be38bc302991267f95f440e5f61ce4472,A,13,3,3,36,3,1,16-QAM,em_gs,detection_nmse,0.27866283286664612,0.83598849859993829,,3,,,ok,,,20260818,1.503561700881817,1.4125375446227542,50
cui_fig6,925f2ab8975505e255f5c37af74d115be38bc302991267f95f440e5f61ce4472,A,13,3,3,36,3,1,16-QAM,genie_zf,detection_nmse,0.071078982060145429,0.21323694618043629,,3,,,ok,,,20260818,1.503561700881817,1.4125375446227542,50
cui_fig6,925f2ab8975505e255f5c37af74d115be38bc302991267f95f440e5f61ce4472,A,13,3,3,36,3,1,16-QAM,cui_crlb,detection_nmse,0.12629582461352029,0.37888747384056087,,3,,,ok,,,20260818,1.503561700881817,1.4125375446227542,50
cui_fig6,925f2ab8975505e255f5c37af74d115be38bc302991267f95f440e5f61ce4472,A,13,3,4,36,3,1,16-QAM,biased_gs,detection_nmse,0.16281192844583725,0.48843578533751175,,3,,,ok,,,20260818,1.503561700881817,1.5848931924611136,50
cui_fig6,925f2ab8975505e255f5c37af74d115be38bc302991267f95f440e5f61ce4472,A,13,3,4,36,3,1,16-QAM,em_gs,detection_nmse,0.20462494377860332,0.61387483133581,,3,,,ok,,,20260818,1.503561700881817,1.5848931924611136,50
cui_fig6,925f2ab8975505e255f5c37af74d115be38bc302991267f95f440e5f61ce4472,A,13,3,4,36,3,1,16-QAM,genie_zf,detection_nmse,0.052108783493847531,0.15632635048154259,,3,,,ok,,,20260818,1.503561700881817,1.5848931924611136,50
cui_fig6,925f2ab8975505e255f5c37af74d115be38bc302991267f95f440e5f61ce4472,A,13,3,4,36,3,1,16-QAM,cui_crlb,detection_nmse,0.105524212504176,0.31657263751252801,,3,,,ok,,,20260818,1.503561700881817,1.5848931924611136,50
cui_fig6,925f2ab8975505e255f5c37af74d115be38bc302991267f95f440e5f61ce4472,A,13,3,5,36,3,1,16-QAM,biased_gs,detection_nmse,0.063499950875836833,0.19049985262751051,,3,,,ok,,,20260818,1.503561700881817,1.7782794100389225,50
cui_fig6,925f2ab8975505e255f5c37af74d115be38bc302991267f95f440e5f61ce4472,A,13,3,5,36,3,1,16-QAM,em_gs,detection_nmse,0.055304790830964901,0.1659143724928947,,3,,,ok,,,20260818,1.503561700881817,1.7782794100389225,50
cui_fig6,925f2ab8975505e255f5c37af74d115be38bc302991267f95f440e5f61ce4472,A,13,3,5,36,3,1,16-QAM,genie_zf,detection_nmse,0.023367803666063069,0.070103410998189203,,3,,,ok,,,20260818,1.503561700881817,1.7782794100389225,50
cui_fig6,925f2ab8975505e255f5c37af74d115be38bc302991267f95f440e5f61ce4472,A,13,3,5,36,3,1,16-QAM,cui_crlb,detection_nmse,0.11293155226459532,0.33879465679378595,,3,,,ok,,,20260818,1.503561700881817,1.7782794100389225,50
cui_fig6,925f2ab8975505e255f5c37af74d115be38bc302991267f95f440e5f61ce4472,A,13,3,6,36,3,1,16-QAM,biased_gs,detection_nmse,0.3249629570716383,0.97488887121491496,,3,,,ok,,,20260818,1.503561700881817,1.9952623149688797,50
cui_fig6,925f2ab8975505e255f5c37af74d115be38bc302991267f95f440e5f61ce4472,A,13,3,6,36,3,1,16-QAM,em_gs,detection_nmse,0.37450808188077939,1.1235242456423382,,3,,,ok,,,20260818,1.503561700881817,1.9952623149688797,50
cui_fig6,925f2ab8975505e255f5c37af74d115be38bc302991267f95f440e5f61ce4472,A,13,3,6,36,3,1,16-QAM,genie_zf,detection_nmse,0.10932597367802793,0.3279779210340838,,3,,,ok,,,20260818,1.503561700881817,1.9952623149688797,50
cui_fig6,925f2ab8975505e255f5c37af74d115be38bc302991267f95f440e5f61ce4472,A,13,3,6,36,3,1,16-QAM,cui_crlb,detection_nmse,0.10724109827764033,0.321723294832921,,3,,,ok,,,20260818,1.503561700881817,1.9952623149688797,50
cui_fig6,925f2ab8975505e255f5c37af74d115be38bc302991267f95f440e5f61ce4472,A,13,3,7,36,3,1,16-QAM,biased_gs,detection_nmse,0.053040888634988514,0.15912266590496554,,3,,,ok,,,20260818,1.503561700881817,2.2387211385683394,50
cui_fig6,925f2ab8975505e255f5c37af74d115be38bc302991267f95f440e5f61ce4472,A,13,3,7,36,3,1,16-QAM,em_gs,detection_nmse,0.0095142588525367004,0.028542776557610103,,3,,,ok,,,20260818,1.503561700881817,2.2387211385683394,50
cui_fig6,925f2ab8975505e255f5c37af74d115be38bc302991267f95f440e5f61ce4472,A,13,3,7,36,3,1,16-QAM,genie_zf,detection_nmse,0.023887916672025725,0.07166375001607718,,3,,,ok,,,20260818,1.503561700881817,2.2387211385683394,50
cui_fig6,925f2ab8975505e255f5c37af74d115be38bc302991267f95f440e5f61ce4472,A,13,3,7,36,3,1,16-QAM,cui_crlb,detection_nmse,0.11344238434185006,0.34032715302555017,,3,,,ok,,,20260818,1.503561700881817,2.2387211385683394,50
cui_fig6,925f2ab8975505e255f5c37af74d115be38bc302991267f95f440e5f61ce4472,A,13,3,8,36,3,1,16-QAM,biased_gs,detection_nmse,0.040534232888990905,0.12160269866697271,,3,,,ok,,,20260818,1.503561700881817,2.5118864315095801,50
cui_fig6,925f2ab8975505e255f5c37af74d115be38bc302991267f95f440e5f61ce4472,A,13,3,8,36,3,1,16-QAM,em_gs,detection_nmse,0.089675361600760783,0.26902608480228235,,3,,,ok,,,20260818,1.503561700881817,2.5118864315095801,50
cui_fig6,925f2ab8975505e255f5c37af74d115be38bc302991267f95f440e5f61ce4472,A,13,3,8,36,3,1,16-QAM,genie_zf,detection_nmse,0.018467352844896024,0.055402058534688076,,3,,,ok,,,20260818,1.503561700881817,2.5118864315095801,50
cui_fig6,925f2ab8975505e255f5c37af74d115be38bc302991267f95f440e5f61ce4472,A,13,3,8,36,3,1,16-QAM,cui_crlb,detection_nmse,0.099904300185114189,0.29971290055534255,,3,,,ok,,,20260818,1.503561700881817,2.5118864315095801,50
cui_fig6,925f2ab8975505e255f5c37af74d115be38bc302991267f95f440e5f61ce4472,A,13,3,9,36,3,1,16-QAM,biased_gs,detection_nmse,0.39980145948746793,1.1994043784624038,,3,,,ok,,,20260818,1.503561700881817,2.8183829312644542,50
cui_fig6,925f2ab8975505e255f5c37af74d115be38bc302991267f95f440e5f61ce4472,A,13,3,9,36,3,1,16-QAM,em_gs,detection_nmse,0.28099537933953983,0.84298613801861955,,3,,,ok,,,20260818,1.503561700881817,2.8183829312644542,50
cui_fig6,925f2ab8975505e255f5c37af74d115be38bc302991267f95f440e5f61ce4472,A,13,3,9,36,3,1,16-QAM,genie_zf,detection_nmse,0.029764203667327228,0.089292611001981687,,3,,,ok,,,20260818,1.503561700881817,2.8183829312644542,50
cui_fig6,925f2ab8975505e255f5c37af74d115be38bc302991267f95f440e5f61ce4472,A,13,3,9,36,3,1,16-QAM,cui_crlb,detection_nmse,0.10525739770936786,0.31577219312810356,,3,,,ok,,,20260818,1.503561700881817,2.8183829312644542,50
cui_fig6,925f2ab8975505e255f5c37af74d115be38bc302991267f95f440e5f61ce4472,A,13,3,10,36,3,1,16-QAM,biased_gs,detection_nmse,0.18394658102616401,0.55183974307849204,,3,,,ok,,,20260818,1.503561700881817,3.1622776601683795,50
cui_fig6,925f2ab8975505e255f5c37af74d115be38bc302991267f95f440e5f61ce4472,A,13,3,10,36,3,1,16-QAM,em_gs,detection_nmse,0.15724556546869436,0.47173669640608312,,3,,,ok,,,20260818,1.503561700881817,3.1622776601683795,50
cui_fig6,925f2ab8975505e255f5c37af74d115be38bc302991267f95f440e5f61ce4472,A,13,3,10,36,3,1,16-QAM,genie_zf,detection_nmse,0.021837583165933008,0.065512749497799019,,3,,,ok,,,20260818,1.503561700881817,3.1622776601683795,50
cui_fig6,925f2ab8975505e255f5c37af74d115be38bc302991267f95f440e5f61ce4472,A,13,3,10,36,3,1,16-QAM,cui_crlb,detection_nmse,0.10091100980725853,0.3027330294217756,,3,,,ok,,,20260818,1.503561700881817,3.1622776601683795,50
cui_fig6,925f2ab8975505e255f5c37af74d115be38bc302991267f95f440e5f61ce4472,A,13,3,11,36,3,1,16-QAM,biased_gs,detection_nmse,0.070190103740415011,0.21057031122124503,,3,,,ok,,,20260818,1.503561700881817,3.5481338923357546,50
cui_fig6,925f2ab8975505e255f5c37af74d115be38bc302991267f95f440e5f61ce4472,A,13,3,11,36,3,1,16-QAM,em_gs,detection_nmse,0.066070555905897874,0.19821166771769363,,3,,,ok,,,20260818,1.503561700881817,3.5481338923357546,50
cui_fig6,925f2ab8975505e255f5c37af74d115be38bc302991267f95f440e5f61ce4472,A,13,3,11,36,3,1,16-QAM,genie_zf,detection_nmse,0.052841128705591496,0.1585233861167745,,3,,,ok,,,20260818,1.503561700881817,3.5481338923357546,50
cui_fig6,925f2ab8975505e255f5c37af74d115be38bc302991267f95f440e5f61ce4472,A,13,3,11,36,3,1,16-QAM,cui_crlb,detection_nmse,0.09805386122342534,0.29416158367027601,,3,,,ok,,,20260818,1.503561700881817,3.5481338923357546,50
cui_fig6,925f2ab8975505e255f5c37af74d115be38bc302991267f95f440e5f61ce4472,A,13,3,12,36,3,1,16-QAM,biased_gs,detection_nmse,0.12486148015371142,0.37458444046113426,,3,,,ok,,,20260818,1.503561700881817,3.9810717055349731,50
cui_fig6,925f2ab8975505e255f5c37af74d115be38bc302991267f95f440e5f61ce4472,A,13,3,12,36,3,1,16-QAM,em_gs,detection_nmse,0.096913680278032419,0.29074104083409724,,3,,,ok,,,20260818,1.503561700881817,3.9810717055349731,50
cui_fig6,925f2ab8975505e255f5c37af74d115be38bc302991267f95f440e5f61ce4472,A,13,3,12,36,3,1,16-QAM,genie_zf,detection_nmse,0.033480889783240118,0.10044266934972035,,3,,,ok,,,20260818,1.503561700881817,3.9810717055349731,50
cui_fig6,925f2ab8975505e255f5c37af74d115be38bc302991267f95f440e5f61ce4472,A,13,3,12,36,3,1,16-QAM,cui_crlb,detection_nmse,0.094201184355380482,0.28260355306614143,,3,,,ok,,,20260818,1.503561700881817,3.9810717055349731,50
cui_fig6,925f2ab8975505e255f5c37af74d115be38bc302991267f95f440e5f61ce4472,A,13,3,13,36,3,1,16-QAM,biased_gs,detection_nmse,0.025271452227427452,0.075814356682282355,,3,,,ok,,,20260818,1.503561700881817,4.4668359215096318,50
cui_fig6,925f2ab8975505e255f5c37af74d115be38bc302991267f95f440e5f61ce4472,A,13,3,13,36,3,1,16-QAM,em_gs,detection_nmse,0.033249626866114899,0.099748880598344691,,3,,,ok,,,20260818,1.503561700881817,4.4668359215096318,50
cui_fig6,925f2ab8975505e255f5c37af74d115be38bc302991267f95f440e5f61ce4472,A,13,3,13,36,3,1,16-QAM,genie_zf,detection_nmse,0.024767945808379887,0.074303837425139657,,3,,,ok,,,20260818,1.503561700881817,4.4668359215096318,50
cui_fig6,925f2ab8975505e255f5c37af74d115be38bc302991267f95f440e5f61ce4472,A,13,3,13,36,3,1,16-QAM,cui_crlb,detection_nmse,0.092543750945775535,0.27763125283732659,,3,,,ok,,,20260818,1.503561700881817,4.4668359215096318,50
cui_fig6,925f2ab8975505e255f5c37af74d115be38bc302991267f95f440e5f61ce4472,A,13,3,14,36,3,1,16-QAM,biased_gs,detection_nmse,0.099839396197015276,0.29951818859104584,,3,,,ok,,,20260818,1.503561700881817,5.0118723362727211,50
cui_fig6,925f2ab8975505e255f5c37af74d115be38bc302991267f95f440e5f61ce4472,A,13,3,14,36,3,1,16-QAM,em_gs,detection_nmse,0.058816037573390788,0.17644811272017236,,3,,,ok,,,20260818,1.503561700881817,5.0118723362727211,50
cui_fig6,925f2ab8975505e255f5c37af74d115be38bc302991267f95f440e5f61ce4472,A,13,3,14,36,3,1,16-QAM,genie_zf,detection_nmse,0.029493327786870721,0.088479983360612163,,3,,,ok,,,20260818,1.503561700881817,5.0118723362727211,50
cui_fig6,925f2ab8975505e255f5c37af74d115be38bc302991267f95f440e5f61ce4472,A,13,3,14,36,3,1,16-QAM,cui_crlb,detection_nmse,0.095372271997601343,0.28611681599280403,,3,,,ok,,,20260818,1.503561700881817,5.0118723362727211,50
cui_fig6,925f2ab8975505e255f5c37af74d115be38bc302991267f95f440e5f61ce4472,A,13,3,15,36,3,1,16-QAM,biased_gs,detection_nmse,0.13913939139215578,0.41741817417646732,,3,,,ok,,,20260818,1.503561700881817,5.6234132519034912,50
cui_fig6,925f2ab8975505e255f5c37af74d115be38bc302991267f95f440e5f61ce4472,A,13,3,15,36,3,1,16-QAM,em_gs,detection_nmse,0.10322595036605764,0.30967785109817292,,3,,,ok,,,20260818,1.503561700881817,5.6234132519034912,50
cui_fig6,925f2ab8975505e255f5c37af74d115be38bc302991267f95f440e5f61ce4472,A,13,3,15,36,3,1,16-QAM,genie_zf,detection_nmse,0.025246750565175228,0.075740251695525687,,3,,,ok,,,20260818,1.503561700881817,5.6234132519034912,50
cui_fig6,925f2ab8975505e255f5c37af74d115be38bc302991267f95f440e5f61ce4472,A,13,3,15,36,3,1,16-QAM,cui_crlb,detection_nmse,0.092501813035417116,0.27750543910625136,,3,,,ok,,,20260818,1.503561700881817,5.6234132519034912,50
cui_fig6,925f2ab8975505e255f5c37af74d115be38bc302991267f95f440e5f61ce4472,A,13,3,16,36,3,1,16-QAM,biased_gs,detection_nmse,0.11370567337364053,0.3411170201209216,,3,,,ok,,,20260818,1.503561700881817,6.3095734448019334,50
cui_fig6,925f2ab8975505e255f5c37af74d115be38bc302991267f95f440e5f61ce4472,A,13,3,16,36,3,1,16-QAM,em_gs,detection_nmse,0.084277492790177821,0.25283247837053346,,3,,,ok,,,20260818,1.503561700881817,6.3095734448019334,50
cui_fig6,925f2ab8975505e255f5c37af74d115be38bc302991267f95f440e5f61ce4472,A,13,3,16,36,3,1,16-QAM,genie_zf,detection_nmse,0.054867444718119052,0.16460233415435715,,3,,,ok,,,20260818,1.503561700881817,6.3095734448019334,50
cui_fig6,925f2ab8975505e255f5c37af74d115be38bc302991267f95f440e5f61ce4472,A,13,3,16,36,3,1,16-QAM,cui_crlb,detection_nmse,0.099948266262464489,0.29984479878739345,,3,,,ok,,,20260818,1.503561700881817,6.3095734448019334,50
cui_fig6,925f2ab8975505e255f5c37af74d115be38bc302991267f95f440e5f61ce4472,A,13,3,17,36,3,1,16-QAM,biased_gs,detection_nmse,0.11602775185454291,0.34808325556362874,,3,,,ok,,,20260818,1.503561700881817,7.0794578438413787,50
cui_fig6,925f2ab8975505e255f5c37af74d115be38bc302991267f95f440e5f61ce4472,A,13,3,17,36,3,1,16-QAM,em_gs,detection_nmse,0.11067587864808855,0.33202763594426565,,3,,,ok,,,20260818,1.503561700881817,7.0794578438413787,50
cui_fig6,925f2ab8975505e255f5c37af74d115be38bc302991267f95f440e5f61ce4472,A,13,3,17,36,3,1,16-QAM,genie_zf,detection_nmse,0.022400305551055447,0.06720091665316634,,3,,,ok,,,20260818,1.503561700881817,7.0794578438413787,50
cui_fig6,925f2ab8975505e255f5c37af74d115be38bc302991267f95f440e5f61ce4472,A,13,3,17,36,3,1,16-QAM,cui_crlb,detection_nmse,0.092311204838932889,0.27693361451679865,,3,,,ok,,,20260818,1.503561700881817,7.0794578438413787,50
cui_fig6,925f2ab8975505e255f5c37af74d115be38bc302991267f95f440e5f61ce4472,A,13,3,18,36,3,1,16-QAM,biased_gs,detection_nmse,0.22569138203347183,0.6770741461004155,,3,,,ok,,,20260818,1.503561700881817,7.9432823472428158,50
cui_fig6,925f2ab8975505e255f5c37af74d115be38bc302991267f95f440e5f61ce4472,A,13,3,18,36,3,1,16-QAM,em_gs,detection_nmse,0.21537917323657055,0.64613751970971167,,3,,,ok,,,20260818,1.503561700881817,7.9432823472428158,50
cui_fig6,925f2ab8975505e255f5c37af74d115be38bc302991267f95f440e5f61ce4472,A,13,3,18,36,3,1,16-QAM,genie_zf,detection_nmse,0.091820252109254485,0.27546075632776346,,3,,,ok,,,20260818,1.503561700881817,7.9432823472428158,50
cui_fig6,925f2ab8975505e255f5c37af74d115be38bc302991267f95f440e5f61ce4472,A,13,3,18,36,3,1,16-QAM,cui_crlb,detection_nmse,0.09207631490471696,0.27622894471415088,,3,,,ok,,,20260818,1.503561700881817,7.9432823472428158,50
cui_fig6,925f2ab8975505e255f5c37af74d115be38bc302991267f95f440e5f61ce4472,A,13,3,19,36,3,1,16-QAM,biased_gs,detection_nmse,0.049132626918955841,0.14739788075686752,,3,,,ok,,,20260818,1.503561700881817,8.9125093813374541,50
cui_fig6,925f2ab8975505e255f5c37af74d115be38bc302991267f95f440e5f61ce4472,A,13,3,19,36,3,1,16-QAM,em_gs,detection_nmse,0.052631245391387672,0.15789373617416302,,3,,,ok,,,20260818,1.503561700881817,8.9125093813374541,50
cui_fig6,925f2ab8975505e255f5c37af74d115be38bc302991267f95f440e5f61ce4472,A,13,3,19,36,3,1,16-QAM,genie_zf,detection_nmse,0.0534446862261845,0.16033405867855349,,3,,,ok,,,20260818,1.503561700881817,8.9125093813374541,50
cui_fig6,925f2ab8975505e255f5c37af74d115be38bc302991267f95f440e5f61ce4472,A,13,3,19,36,3,1,16-QAM,cui_crlb,detection_nmse,0.090388916330478505,0.2711667489914355,,3,,,ok,,,20260818,1.503561700881817,8.9125093813374541,50
cui_fig6,925f2ab8975505e255f5c37af74d115be38bc302991267f95f440e5f61ce4472,A,13,3,20,36,3,1,16-QAM,biased_gs,detection_nmse,0.051551214302571313,0.15465364290771394,,3,,,ok,,,20260818,1.503561700881817,10,50
cui_fig6,925f2ab8975505e255f5c37af74d115be38bc302991267f95f440e5f61ce4472,A,13,3,20,36,3,1,16-QAM,em_gs,detection_nmse,0.035671902794483228,0.10701570838344969,,3,,,ok,,,20260818,1.503561700881817,10,50
cui_fig6,925f2ab8975505e255f5c37af74d115be38bc302991267f95f440e5f61ce4472,A,13,3,20,36,3,1,16-QAM,genie_zf,detection_nmse,0.059010509914836105,0.17703152974450831,,3,,,ok,,,20260818,1.503561700881817,10,50
cui_fig6,925f2ab8975505e255f5c37af74d115be38bc302991267f95f440e5f61ce4472,A,13,3,20,36,3,1,16-QAM,cui_crlb,detection_nmse,0.088799780996639835,0.26639934298991952,,3,,,ok,,,20260818,1.503561700881817,10,50
cui_fig6,925f2ab8975505e255f5c37af74d115be38bc302991267f95f440e5f61ce4472,A,13,3,21,36,3,1,16-QAM,biased_gs,detection_nmse,0.10534991347927759,0.31604974043783279,,3,,,ok,,,20260818,1.503561700881817,11.220184543019638,50
cui_fig6,925f2ab8975505e255f5c37af74d115be38bc302991267f95f440e5f61ce4472,A,13,3,21,36,3,1,16-QAM,em_gs,detection_nmse,0.10495519589718018,0.31486558769154055,,3,,,ok,,,20260818,1.503561700881817,11.220184543019638,50
cui_fig6,925f2ab8975505e255f5c37af74d115be38bc302991267f95f440e5f61ce4472,A,13,3,21,36,3,1,16-QAM,genie_zf,detection_nmse,0.044047797910249015,0.13214339373074704,,3,,,ok,,,20260818,1.503561700881817,11.220184543019638,50
cui_fig6,925f2ab8975505e255f5c37af74d115be38bc302991267f95f440e5f61ce4472,A,13,3,21,36,3,1,16-QAM,cui_crlb,detection_nmse,0.090229645232364999,0.27068893569709501,,3,,,ok,,,20260818,1.503561700881817,11.220184543019638,50
cui_fig6,925f2ab8975505e255f5c37af74d115be38bc302991267f95f440e5f61ce4472,A,13,3,22,36,3,1,16-QAM,biased_gs,detection_nmse,0.10482764660519905,0.31448293981559716,,3,,,ok,,,20260818,1.503561700881817,12.589254117941675,50
cui_fig6,925f2ab8975505e255f5c37af74d115be38bc302991267f95f440e5f61ce4472,A,13,3,22,36,3,1,16-QAM,em_gs,detection_nmse,0.10536325826581731,0.31608977479745193,,3,,,ok,,,20260818,1.503561700881817,12.589254117941675,50
cui_fig6,925f2ab8975505e255f5c37af74d115be38bc302991267f95f440e5f61ce4472,A,13,3,22,36,3,1,16-QAM,genie_zf,detection_nmse,0.039732281233562906,0.11919684370068871,,3,,,ok,,,20260818,1.503561700881817,12.589254117941675,50
cui_fig6,925f2ab8975505e255f5c37af74d115be38bc302991267f95f440e5f61ce4472,A,13,3,22,36,3,1,16-QAM,cui_crlb,detection_nmse,0.091052421336517253,0.27315726400955176,,3,,,ok,,,20260818,1.503561700881817,12.589254117941675,50
cui_fig6,925f2ab8975505e255f5c37af74d115be38bc302991267f95f440e5f61ce4472,A,13,3,23,36,3,1,16-QAM,biased_gs,detection_nmse,0.08246590509324371,0.24739771527973112,,3,,,ok,,,20260818,1.503561700881817,14.12537544622754,50
cui_fig6,925f2ab8975505e255f5c37af74d115be38bc302991267f95f440e5f61ce4472,A,13,3,23,36,3,1,16-QAM,em_gs,detection_nmse,0.079214768681492978,0.23764430604447892,,3,,,ok,,,20260818,1.503561700881817,14.12537544622754,50
cui_fig6,925f2ab8975505e255f5c37af74d115be38bc302991267f95f440e5f61ce4472,A,13,3,23,36,3,1,16-QAM,genie_zf,detection_nmse,0.070410136389040187,0.21123040916712055,,3,,,ok,,,20260818,1.503561700881817,14.12537544622754,50
cui_fig6,925f2ab8975505e255f5c37af74d115be38bc302991267f95f440e5f61ce4472,A,13,3,23,36,3,1,16-QAM,cui_crlb,detection_nmse,0.088207419752688157,0.26462225925806449,,3,,,ok,,,20260818,1.503561700881817,14.12537544622754,50
cui_fig6,925f2ab8975505e255f5c37af74d115be38bc302991267f95f440e5f61ce4472,A,13,3,24,36,3,1,16-QAM,biased_gs,detection_nmse,0.047245683017841801,0.14173704905352541,,3,,,ok,,,20260818,1.503561700881817,15.848931924611136,50
cui_fig6,925f2ab8975505e255f5c37af74d115be38bc302991267f95f440e5f61ce4472,A,13,3,24,36,3,1,16-QAM,em_gs,detection_nmse,0.03525579272943459,0.10576737818830377,,3,,,ok,,,20260818,1.503561700881817,15.848931924611136,50
cui_fig6,925f2ab8975505e255f5c37af74d115be38bc302991267f95f440e5f61ce4472,A,13,3,24,36,3,1,16-QAM,genie_zf,detection_nmse,0.036930396526626268,0.1107911895798788,,3,,,ok,,,20260818,1.503561700881817,15.848931924611136,50
cui_fig6,925f2ab8975505e255f5c37af74d115be38bc302991267f95f440e5f61ce4472,A,13,3,24,36,3,1,16-QAM,cui_crlb,detection_nmse,0.097302741101143356,0.29190822330343008,,3,,,ok,,,20260818,1.503561700881817,15.848931924611136,50
cui_fig6,925f2ab8975505e255f5c37af74d115be38bc302991267f95f440e5f61ce4472,A,13,3,25,36,3,1,16-QAM,biased_gs,detection_nmse,0.08457411862244886,0.25372235586734659,,3,,,ok,,,20260818,1.503561700881817,17.782794100389232,50
cui_fig6,925f2ab8975505e255f5c37af74d115be38bc302991267f95f440e5f61ce4472,A,13,3,25,36,3,1,16-QAM,em_gs,detection_nmse,0.078506292981668946,0.23551887894500684,,3,,,ok,,,20260818,1.503561700881817,17.782794100389232,50
cui_fig6,925f2ab8975505e255f5c37af74d115be38bc302991267f95f440e5f61ce4472,A,13,3,25,36,3,1,16-QAM,genie_zf,detection_nmse,0.056950117806434629,0.17085035341930388,,3,,,ok,,,20260818,1.503561700881817,17.782794100389232,50
cui_fig6,925f2ab8975505e255f5c37af74d115be38bc302991267f95f440e5f61ce4472,A,13,3,25,36,3,1,16-QAM,cui_crlb,detection_nmse,0.090820221201552531,0.27246066360465759,,3,,,ok,,,20260818,1.503561700881817,17.782794100389232,50
cui_fig6,925f2ab8975505e255f5c37af74d115be38bc302991267f95f440e5f61ce4472,A,14,3,0,36,3,1,16-QAM,biased_gs,detection_nmse,0.14493938994635058,0.43481816983905175,,3,,,ok,,,20260818,1.503561700881817,1,50
cui_fig6,925f2ab8975505e255f5c37af74d115be38bc302991267f95f440e5f61ce4472,A,14,3,0,36,3,1,16-QAM,em_gs,detection_nmse,0.15175402490504206,0.45526207471512614,,3,,,ok,,,20260818,1.503561700881817,1,50
cui_fig6,925f2ab8975505e255f5c37af74d115be38bc302991267f95f440e5f61ce4472,A,14,3,0,36,3,1,16-QAM,genie_zf,detection_nmse,0.070363722966273301,0.2110911688988199,,3,,,ok,,,20260818,1.503561700881817,1,50
cui_fig6,925f2ab8975505e255f5c37af74d115be38bc302991267f95f440e5f61ce4472,A,14,3,0,36,3,1,16-QAM,cui_crlb,detection_nmse,0.12949527740201114,0.38848583220603344,,3,,,ok,,,20260818,1.503561700881817,1,50
cui_fig6,925f2ab8975505e255f5c37af74d115be38bc302991267f95f440e5f61ce4472,A,14,3,1,36,3,1,16-QAM,biased_gs,detection_nmse,0.1270951691212279,0.38128550736368366,,3,,,ok,,,20260818,1.503561700881817,1.1220184543019636,50
cui_fig6,925f2ab8975505e255f5c37af74d115be38bc302991267f95f440e5f61ce4472,A,14,3,1,36,3,1,16-QAM,em_gs,detection_nmse,0.09946545479650111,0.29839636438950334,,3,,,ok,,,20260818,1.503561700881817,1.1220184543019636,50
cui_fig6,925f2ab8975505e255f5c37af74d115be38bc302991267f95f440e5f61ce4472,A,14,3,1,36,3,1,16-QAM,genie_zf,detection_nmse,0.009444418269890318,0.028333254809670954,,3,,,ok,,,20260818,1.503561700881817,1.1220184543019636,50
cui_fig6,925f2ab8975505e255f5c37af74d115be38bc302991267f95f440e5f61ce4472,A,14,3,1,36,3,1,16-QAM,cui_crlb,detection_nmse,0.10412471665554442,0.31237414996663326,,3,,,ok,,,20260818,1.503561700881817,1.1220184543019636,50
cui_fig6,925f2ab8975505e255f5c37af74d115be38bc302991267f95f440e5f61ce4472,A,14,3,2,36,3,1,16-QAM,biased_gs,detection_nmse,0.20136840116193824,0.60410520348581476,,3,,,ok,,,20260818,1.503561700881817,1.2589254117941673,50
cui_fig6,925f2ab8975505e255f5c37af74d115be38bc302991267f95f440e5f61ce4472,A,14,3,2,36,3,1,16-QAM,em_gs,detection_nmse,0.15133881773358707,0.45401645320076117,,3,,,ok,,,20260818,1.503561700881817,1.2589254117941673,50
cui_fig6,925f2ab8975505e255f5c37af74d115be38bc302991267f95f440e5f61ce4472,A,14,3,2,36,3,1,16-QAM,genie_zf,detection_nmse,0.067033626562230428,0.2011008796866913,,3,,,ok,,,20260818,1.503561700881817,1.2589254117941673,50
cui_fig6,925f2ab8975505e255f5c37af74d115be38bc302991267f95f440e5f61ce4472,A,14,3,2,36,3,1,16-QAM,cui_crlb,detection_nmse,0.11107333424404088,0.33322000273212266,,3,,,ok,,,20260818,1.503561700881817,1.2589254117941673,50
cui_fig6,925f2ab8975505e255f5c37af74d115be38bc302991267f95f440e5f61ce4472,A,14,3,3,36,3,1,16-QAM,biased_gs,detection_nmse,0.22216683787535249,0.66650051362605744,,3,,,ok,,,20260818,1.503561700881817,1.4125375446227542,50
cui_fig6,925f2ab8975505e255f5c37af74d115be38bc302991267f95f440e5f61ce4472,A,14,3,3,36,3,1,16-QAM,em_gs,detection_nmse,0.22418930967877901,0.672567929036337,,3,,,ok,,,20260818,1.503561700881817,1.4125375446227542,50
cui_fig6,925f2ab8975505e255f5c37af74d115be38bc302991267f95f440e5f61ce4472,A,14,3,3,36,3,1,16-QAM,genie_zf,detection_nmse,0.023428101440138793,0.07028430432041638,,3,,,ok,,,20260818,1.503561700881817,1.4125375446227542,50
cui_fig6,925f2ab8975505e255f5c37af74d115be38bc302991267f95f440e5f61ce4472,A,14,3,3,36,3,1,16-QAM,cui_crlb,detection_nmse,0.11522698407752045,0.34568095223256134,,3,,,ok,,,20260818,1.503561700881817,1.4125375446227542,50
cui_fig6,925f2ab8975505e255f5c37af74d115be38bc302991267f95f440e5f61ce4472,A,14,3,4,36,3,1,16-QAM,biased_gs,detection_nmse,0.1139932092070222,0.3419796276210666,,3,,,ok,,,20260818,1.503561700881817,1.5848931924611136,50
cui_fig6,925f2ab8975505e255f5c37af74d115be38bc302991267f95f440e5f61ce4472,A,14,3,4,36,3,1,16-QAM,em_gs,detection_nmse,0.1180946647196001,0.3542839941588003,,3,,,ok,,,20260818,1.503561700881817,1.5848931924611136,50
cui_fig6,925f2ab8975505e255f5c37af74d115be38bc302991267f95f440e5f61ce4472,A,14,3,4,36,3,1,16-QAM,genie_zf,detection_nmse,0.048484110158409428,0.14545233047522829,,3,,,ok,,,20260818,1.503561700881817,1.5848931924611136,50
cui_fig6,925f2ab8975505e255f5c37af74d115be38bc302991267f95f440e5f61ce4472,A,14,3,4,36,3,1,16-QAM,cui_crlb,detection_nmse,0.10909249667531552,0.32727749002594658,,3,,,ok,,,20260818,1.503561700881817,1.5848931924611136,50
cui_fig6,925f2ab8975505e255f5c37af74d115be38bc302991267f95f440e5f61ce4472,A,14,3,5,36,3,1,16-QAM,biased_gs,detection_nmse,0.15283757241890053,0.45851271725670162,,3,,,ok,,,20260818,1.503561700881817,1.7782794100389228,50
cui_fig6,925f2ab8975505e255f5c37af74d115be38bc302991267f95f440e5f61ce4472,A,14,3,5,36,3,1,16-QAM,em_gs,detection_nmse,0.078363768259198552,0.23509130477759566,,3,,,ok,,,20260818,1.503561700881817,1.7782794100389228,50
cui_fig6,925f2ab8975505e255f5c37af74d115be38bc302991267f95f440e5f61ce4472,A,14,3,5,36,3,1,16-QAM,genie_zf,detection_nmse,0.036856688676426858,0.11057006602928057,,3,,,ok,,,20260818,1.503561700881817,1.7782794100389228,50
cui_fig6,925f2ab8975505e255f5c37af74d115be38bc302991267f95f440e5f61ce4472,A,14,3,5,36,3,1,16-QAM,cui_crlb,detection_nmse,0.10065465868230505,0.30196397604691516,,3,,,ok,,,20260818,1.503561700881817,1.7782794100389228,50
cui_fig6,925f2ab8975505e255f5c37af74d115be38bc302991267f95f440e5f61ce4472,A,14,3,6,36,3,1,16-QAM,biased_gs,detection_nmse,0.069644498941571528,0.2089334968247146,,3,,,ok,,,20260818,1.503561700881817,1.9952623149688797,50
cui_fig6,925f2ab8975505e255f5c37af74d115be38bc302991267f95f440e5f61ce4472,A,14,3,6,36,3,1,16-QAM,em_gs,detection_nmse,0.082563208163890622,0.24768962449167187,,3,,,ok,,,20260818,1.503561700881817,1.9952623149688797,50
cui_fig6,925f2ab8975505e255f5c37af74d115be38bc302991267f95f440e5f61ce4472,A,14,3,6,36,3,1,16-QAM,genie_zf,detection_nmse,0.037290367018897951,0.11187110105669384,,3,,,ok,,,20260818,1.503561700881817,1.9952623149688797,50
cui_fig6,925f2ab8975505e255f5c37af74d115be38bc302991267f95f440e5f61ce4472,A,14,3,6,36,3,1,16-QAM,cui_crlb,detection_nmse,0.12010549580507146,0.36031648741521438,,3,,,ok,,,20260818,1.503561700881817,1.9952623149688797,50
cui_fig6,925f2ab8975505e255f5c37af74d115be38bc302991267f95f440e5f61ce4472,A,14,3,7,36,3,1,16-QAM,biased_gs,detection_nmse,0.25917959418685194,0.77753878256055575,,3,,,ok,,,20260818,1.503561700881817,2.2387211385683399,50
cui_fig6,925f2ab8975505e255f5c37af74d115be38bc302991267f95f440e5f61ce4472,A,14,3,7,36,3,1,16-QAM,em_gs,detection_nmse,0.19188617904285488,0.57565853712856463,,3,,,ok,,,20260818,1.503561700881817,2.2387211385683399,50
cui_fig6,925f2ab8975505e255f5c37af74d115be38bc302991267f95f440e5f61ce4472,A,14,3,7,36,3,1,16-QAM,genie_zf,detection_nmse,0.012254520249763713,0.036763560749291137,,3,,,ok,,,20260818,1.503561700881817,2.2387211385683399,50
cui_fig6,925f2ab8975505e255f5c37af74d115be38bc302991267f95f440e5f61ce4472,A,14,3,7,36,3,1,16-QAM,cui_crlb,detection_nmse,0.10426260831443697,0.31278782494331092,,3,,,ok,,,20260818,1.503561700881817,2.2387211385683399,50
cui_fig6,925f2ab8975505e255f5c37af74d115be38bc302991267f95f440e5f61ce4472,A,14,3,8,36,3,1,16-QAM,biased_gs,detection_nmse,0.076333802604068315,0.22900140781220496,,3,,,ok,,,20260818,1.503561700881817,2.5118864315095801,50
cui_fig6,925f2ab8975505e255f5c37af74d115be38bc302991267f95f440e5f61ce4472,A,14,3,8,36,3,1,16-QAM,em_gs,detection_nmse,0.038280274502845546,0.11484082350853664,,3,,,ok,,,20260818,1.503561700881817,2.5118864315095801,50
cui_fig6,925f2ab8975505e255f5c37af74d115be38bc302991267f95f440e5f61ce4472,A,14,3,8,36,3,1,16-QAM,genie_zf,detection_nmse,0.072610315891208074,0.21783094767362421,,3,,,ok,,,20260818,1.503561700881817,2.5118864315095801,50
cui_fig6,925f2ab8975505e255f5c37af74d115be38bc302991267f95f440e5f61ce4472,A,14,3,8,36,3,1,16-QAM,cui_crlb,detection_nmse,0.097548979471002259,0.29264693841300676,,3,,,ok,,,20260818,1.503561700881817,2.5118864315095801,50
cui_fig6,925f2ab8975505e255f5c37af74d115be38bc302991267f95f440e5f61ce4472,A,14,3,9,36,3,1,16-QAM,biased_gs,detection_nmse,0.055970273694560473,0.16791082108368141,,3,,,ok,,,20260818,1.503561700881817,2.8183829312644542,50
cui_fig6,925f2ab8975505e255f5c37af74d115be38bc302991267f95f440e5f61ce4472,A,14,3,9,36,3,1,16-QAM,em_gs,detection_nmse,0.07794522862088725,0.23383568586266174,,3,,,ok,,,20260818,1.503561700881817,2.8183829312644542,50
cui_fig6,925f2ab8975505e255f5c37af74d115be38bc302991267f95f440e5f61ce4472,A,14,3,9,36,3,1,16-QAM,genie_zf,detection_nmse,0.041459614659266571,0.12437884397779972,,3,,,ok,,,20260818,1.503561700881817,2.8183829312644542,50
cui_fig6,925f2ab8975505e255f5c37af74d115be38bc302991267f95f440e5f61ce4472,A,14,3,9,36,3,1,16-QAM,cui_crlb,detection_nmse,0.099088690696408119,0.29726607208922434,,3,,,ok,,,20260818,1.503561700881817,2.8183829312644542,50
cui_fig6,925f2ab8975505e255f5c37af74d115be38bc302991267f95f440e5f61ce4472,A,14,3,10,36,3,1,16-QAM,biased_gs,detection_nmse,0.24505345442577567,0.73516036327732703,,3,,,ok,,,20260818,1.503561700881817,3.1622776601683786,50
cui_fig6,925f2ab8975505e255f5c37af74d115be38bc302991267f95f440e5f61ce4472,A,14,3,10,36,3,1,16-QAM,em_gs,detection_nmse,0.19841475344743373,0.59524426034230116,,3,,,ok,,,20260818,1.503561700881817,3.1622776601683786,50
cui_fig6,925f2ab8975505e255f5c37af74d115be38bc302991267f95f440e5f61ce4472,A,14,3,10,36,3,1,16-QAM,genie_zf,detection_nmse,0.078989844968233983,0.23696953490470196,,3,,,ok,,,20260818,1.503561700881817,3.1622776601683786,50
cui_fig6,925f2ab8975505e255f5c37af74d115be38bc302991267f95f440e5f61ce4472,A,14,3,10,36,3,1,16-QAM,cui_crlb,detection_nmse,0.092385042925916358,0.27715512877774906,,3,,,ok,,,20260818,1.503561700881817,3.1622776601683786,50
cui_fig6,925f2ab8975505e255f5c37af74d115be38bc302991267f95f440e5f61ce4472,A,14,3,11,36,3,1,16-QAM,biased_gs,detection_nmse,0.029641551999242816,0.088924655997728447,,3,,,ok,,,20260818,1.503561700881817,3.5481338923357546,50
cui_fig6,925f2ab8975505e255f5c37af74d115be38bc302991267f95f440e5f61ce4472,A,14,3,11,36,3,1,16-QAM,em_gs,detection_nmse,0.030780358166389552,0.09234107449916866,,3,,,ok,,,20260818,1.503561700881817,3.5481338923357546,50
cui_fig6,925f2ab8975505e255f5c37af74d115be38bc302991267f95f440e5f61ce4472,A,14,3,11,36,3,1,16-QAM,genie_zf,detection_nmse,0.0393705845793621,0.1181117537380863,,3,,,ok,,,20260818,1.503561700881817,3.5481338923357546,50
cui_fig6,925f2ab8975505e255f5c37af74d115be38bc302991267f95f440e5f61ce4472,A,14,3,11,36,3,1,16-QAM,cui_crlb,detection_nmse,0.095790238901728039,0.2873707167051841,,3,,,ok,,,20260818,1.503561700881817,3.5481338923357546,50
cui_fig6,925f2ab8975505e255f5c37af74d115be38bc302991267f95f440e5f61ce4472,A,14,3,12,36,3,1,16-QAM,biased_gs,detection_nmse,0.13282716383464346,0.39848149150393036,,3,,,ok,,,20260818,1.503561700881817,3.9810717055349718,50
cui_fig6,925f2ab8975505e255f5c37af74d115be38bc302991267f95f440e5f61ce4472,A,14,3,12,36,3,1,16-QAM,em_gs,detection_nmse,0.090344541974788917,0.27103362592436675,,3,,,ok,,,20260818,1.503561700881817,3.9810717055349718,50
cui_fig6,925f2ab8975505e255f5c37af74d115be38bc302991267f95f440e5f61ce4472,A,14,3,12,36,3,1,16-QAM,genie_zf,detection_nmse,0.03703127023611108,0.11109381070833324,,3,,,ok,,,20260818,1.503561700881817,3.9810717055349718,50
cui_fig6,925f2ab8975505e255f5c37af74d115be38bc302991267f95f440e5f61ce4472,A,14,3,12,36,3,1,16-QAM,cui_crlb,detection_nmse,0.092440632178258972,0.2773218965347769,,3,,,ok,,,20260818,1.503561700881817,3.9810717055349718,50
cui_fig6,925f2ab8975505e255f5c37af74d115be38bc302991267f95f440e5f61ce4472,A,14,3,13,36,3,1,16-QAM,biased_gs,detection_nmse,0.040449986460391198,0.1213499593811736,,3,,,ok,,,20260818,1.503561700881817,4.4668359215096309,50
cui_fig6,925f2ab8975505e255f5c37af74d115be38bc302991267f95f440e5f61ce4472,A,14,3,13,36,3,1,16-QAM,em_gs,detection_nmse,0.040495290765442588,0.12148587229632776,,3,,,ok,,,20260818,1.503561700881817,4.4668359215096309,50
cui_fig6,925f2ab8975505e255f5c37af74d115be38bc302991267f95f440e5f61ce4472,A,14,3,13,36,3,1,16-QAM,genie_zf,detection_nmse,0.065788177433823036,0.19736453230146911,,3,,,ok,,,20260818,1.503561700881817,4.4668359215096309,50
cui_fig6,925f2ab8975505e255f5c37af74d115be38bc302991267f95f440e5f61ce4472,A,14,3,13,36,3,1,16-QAM,cui_crlb,detection_nmse,0.093918236914447575,0.28175471074334274,,3,,,ok,,,20260818,1.503561700881817,4.4668359215096309,50
cui_fig6,925f2ab8975505e255f5c37af74d115be38bc302991267f95f440e5f61ce4472,A,14,3,14,36,3,1,16-QAM,biased_gs,detection_nmse,0.051396091921396679,0.15418827576419003,,3,,,ok,,,20260818,1.503561700881817,5.0118723362727229,50
cui_fig6,925f2ab8975505e255f5c37af74d115be38bc302991267f95f440e5f61ce4472,A,14,3,14,36,3,1,16-QAM,em_gs,detection_nmse,0.034367204450782306,0.10310161335234692,,3,,,ok,,,20260818,1.503561700881817,5.0118723362727229,50
cui_fig6,925f2ab8975505e255f5c37af74d115be38bc302991267f95f440e5f61ce4472,A,14,3,14,36,3,1,16-QAM,genie_zf,detection_nmse,0.040824297187712792,0.12247289156313837,,3,,,ok,,,20260818,1.503561700881817,5.0118723362727229,50
cui_fig6,925f2ab8975505e255f5c37af74d115be38bc302991267f95f440e5f61ce4472,A,14,3,14,36,3,1,16-QAM,cui_crlb,detection_nmse,0.1019328157520914,0.3057984472562742,,3,,,ok,,,20260818,1.503561700881817,5.0118723362727229,50
cui_fig6,925f2ab8975505e255f5c37af74d115be38bc302991267f95f440e5f61ce4472,A,14,3,15,36,3,1,16-QAM,biased_gs,detection_nmse,0.32083802273148354,0.96251406819445062,,3,,,ok,,,20260818,1.503561700881817,5.6234132519034903,50
cui_fig6,925f2ab8975505e255f5c37af74d115be38bc302991267f95f440e5f61ce4472,A,14,3,15,36,3,1,16-QAM,em_gs,detection_nmse,0.29659412598058449,0.88978237794175352,,3,,,ok,,,20260818,1.503561700881817,5.6234132519034903,50
cui_fig6,925f2ab8975505e255f5c37af74d115be38bc302991267f95f440e5f61ce4472,A,14,3,15,36,3,1,16-QAM,genie_zf,detection_nmse,0.061788445197182552,0.18536533559154766,,3,,,ok,,,20260818,1.503561700881817,5.6234132519034903,50
cui_fig6,925f2ab8975505e255f5c37af74d115be38bc302991267f95f440e5f61ce4472,A,14,3,15,36,3,1,16-QAM,cui_crlb,detection_nmse,0.099173384189070679,0.29752015256721204,,3,,,ok,,,20260818,1.503561700881817,5.6234132519034903,50
cui_fig6,925f2ab8975505e255f5c37af74d115be38bc302991267f95f440e5f61ce4472,A,14,3,16,36,3,1,16-QAM,biased_gs,detection_nmse,0.057934952630042585,0.17380485789012776,,3,,,ok,,,20260818,1.503561700881817,6.3095734448019325,50
cui_fig6,925f2ab8975505e255f5c37af74d115be38bc302991267f95f440e5f61ce4472,A,14,3,16,36,3,1,16-QAM,em_gs,detection_nmse,0.046043781973509328,0.13813134592052798,,3,,,ok,,,20260818,1.503561700881817,6.3095734448019325,50
cui_fig6,925f2ab8975505e255f5c37af74d115be38bc302991267f95f440e5f61ce4472,A,14,3,16,36,3,1,16-QAM,genie_zf,detection_nmse,0.018802485115808079,0.056407455347424237,,3,,,ok,,,20260818,1.503561700881817,6.3095734448019325,50
cui_fig6,925f2ab8975505e255f5c37af74d115be38bc302991267f95f440e5f61ce4472,A,14,3,16,36,3,1,16-QAM,cui_crlb,detection_nmse,0.091988823950147638,0.27596647185044293,,3,,,ok,,,20260818,1.503561700881817,6.3095734448019325,50
cui_fig6,925f2ab8975505e255f5c37af74d115be38bc302991267f95f440e5f61ce4472,A,14,3,17,36,3,1,16-QAM,biased_gs,detection_nmse,0.066791102565527782,0.20037330769658335,,3,,,ok,,,20260818,1.503561700881817,7.0794578438413778,50
cui_fig6,925f2ab8975505e255f5c37af74d115be38bc302991267f95f440e5f61ce4472,A,14,3,17,36,3,1,16-QAM,em_gs,detection_nmse,0.071749489496232874,0.21524846848869864,,3,,,ok,,,20260818,1.503561700881817,7.0794578438413778,50
cui_fig6,925f2ab8975505e255f5c37af74d115be38bc302991267f95f440e5f61ce4472,A,14,3,17,36,3,1,16-QAM,genie_zf,detection_nmse,0.068863978140127083,0.20659193442038126,,3,,,ok,,,20260818,1.503561700881817,7.0794578438413778,50
cui_fig6,925f2ab8975505e255f5c37af74d115be38bc302991267f95f440e5f61ce4472,A,14,3,17,36,3,1,16-QAM,cui_crlb,detection_nmse,0.10135580385544501,0.30406741156633504,,3,,,ok,,,20260818,1.503561700881817,7.0794578438413778,50
cui_fig6,925f2ab8975505e255f5c37af74d115be38bc302991267f95f440e5f61ce4472,A,14,3,18,36,3,1,16-QAM,biased_gs,detection_nmse,0.12595290071095969,0.37785870213287903,,3,,,ok,,,20260818,1.503561700881817,7.9432823472428158,50
cui_fig6,925f2ab8975505e255f5c37af74d115be38bc302991267f95f440e5f61ce4472,A,14,3,18,36,3,1,16-QAM,em_gs,detection_nmse,0.13811458343333993,0.4143437503000198,,3,,,ok,,,20260818,1.503561700881817,7.9432823472428158,50
cui_fig6,925f2ab8975505e255f5c37af74d115be38bc302991267f95f440e5f61ce4472,A,14,3,18,36,3,1,16-QAM,genie_zf,detection_nmse,0.019405080983008156,0.05821524294902447,,3,,,ok,,,20260818,1.503561700881817,7.9432823472428158,50
cui_fig6,925f2ab8975505e255f5c37af74d115be38bc302991267f95f440e5f61ce4472,A,14,3,18,36,3,1,16-QAM,cui_crlb,detection_nmse,0.088220365476024132,0.2646610964280724,,3,,,ok,,,20260818,1.503561700881817,7.9432823472428158,50
cui_fig6,925f2ab8975505e255f5c37af74d115be38bc302991267f95f440e5f61ce4472,A,14,3,19,36,3,1,16-QAM,biased_gs,detection_nmse,0.20069116923257102,0.60207350769771306,,3,,,ok,,,20260818,1.503561700881817,8.9125093813374558,50
cui_fig6,925f2ab8975505e255f5c37af74d115be38bc302991267f95f440e5f61ce4472,A,14,3,19,36,3,1,16-QAM,em_gs,detection_nmse,0.18625140863802317,0.55875422591406954,,3,,,ok,,,20260818,1.503561700881817,8.9125093813374558,50
cui_fig6,925f2ab8975505e255f5c37af74d115be38bc302991267f95f440e5f61ce4472,A,14,3,19,36,3,1,16-QAM,genie_zf,detection_nmse,0.047272713708913415,0.14181814112674024,,3,,,ok,,,20260818,1.503561700881817,8.9125093813374558,50
cui_fig6,925f2ab8975505e255f5c37af74d115be38bc302991267f95f440e5f61ce4472,A,14,3,19,36,3,1,16-QAM,cui_crlb,detection_nmse,0.08683472433147664,0.26050417299442991,,3,,,ok,,,20260818,1.503561700881817,8.9125093813374558,50
cui_fig6,925f2ab8975505e255f5c37af74d115be38bc302991267f95f440e5f61ce4472,A,14,3,20,36,3,1,16-QAM,biased_gs,detection_nmse,0.42398885868162911,1.2719665760448873,,3,,,ok,,,20260818,1.503561700881817,10,50
cui_fig6,925f2ab8975505e255f5c37af74d115be38bc302991267f95f440e5f61ce4472,A,14,3,20,36,3,1,16-QAM,em_gs,detection_nmse,0.36070595248588228,1.0821178574576469,,3,,,ok,,,20260818,1.503561700881817,10,50
cui_fig6,925f2ab8975505e255f5c37af74d115be38bc302991267f95f440e5f61ce4472,A,14,3,20,36,3,1,16-QAM,genie_zf,detection_nmse,0.036911396438668122,0.11073418931600437,,3,,,ok,,,20260818,1.503561700881817,10,50
cui_fig6,925f2ab8975505e255f5c37af74d115be38bc302991267f95f440e5f61ce4472,A,14,3,20,36,3,1,16-QAM,cui_crlb,detection_nmse,0.088032436898453151,0.26409731069535947,,3,,,ok,,,20260818,1.503561700881817,10,50
cui_fig6,925f2ab8975505e255f5c37af74d115be38bc302991267f95f440e5f61ce4472,A,14,3,21,36,3,1,16-QAM,biased_gs,detection_nmse,0.062174573033444071,0.18652371910033222,,3,,,ok,,,20260818,1.503561700881817,11.220184543019634,50
cui_fig6,925f2ab8975505e255f5c37af74d115be38bc302991267f95f440e5f61ce4472,A,14,3,21,36,3,1,16-QAM,em_gs,detection_nmse,0.063191497938235766,0.18957449381470731,,3,,,ok,,,20260818,1.503561700881817,11.220184543019634,50
cui_fig6,925f2ab8975505e255f5c37af74d115be38bc302991267f95f440e5f61ce4472,A,14,3,21,36,3,1,16-QAM,genie_zf,detection_nmse,0.016161923540157792,0.048485770620473378,,3,,,ok,,,20260818,1.503561700881817,11.220184543019634,50
cui_fig6,925f2ab8975505e255f5c37af74d115be38bc302991267f95f440e5f61ce4472,A,14,3,21,36,3,1,16-QAM,cui_crlb,detection_nmse,0.087658348639766667,0.26297504591929999,,3,,,ok,,,20260818,1.503561700881817,11.220184543019634,50
cui_fig6,925f2ab8975505e255f5c37af74d115be38bc302991267f95f440e5f61ce4472,A,14,3,22,36,3,1,16-QAM,biased_gs,detection_nmse,0.23680935659996258,0.71042806979988771,,3,,,ok,,,20260818,1.503561700881817,12.589254117941676,50
cui_fig6,925f2ab8975505e255f5c37af74d115be38bc302991267f95f440e5f61ce4472,A,14,3,22,36,3,1,16-QAM,em_gs,detection_nmse,0.21600284168314735,0.64800852504944206,,3,,,ok,,,20260818,1.503561700881817,12.589254117941676,50
cui_fig6,925f2ab8975505e255f5c37af74d115be38bc302991267f95f440e5f61ce4472,A,14,3,22,36,3,1,16-QAM,genie_zf,detection_nmse,0.045767725836553003,0.13730317750965901,,3,,,ok,,,20260818,1.503561700881817,12.589254117941676,50
cui_fig6,925f2ab8975505e255f5c37af74d115be38bc302991267f95f440e5f61ce4472,A,14,3,22,36,3,1,16-QAM,cui_crlb,detection_nmse,0.09039132597343115,0.27117397792029346,,3,,,ok,,,20260818,1.503561700881817,12.589254117941676,50
cui_fig6,925f2ab8975505e255f5c37af74d115be38bc302991267f95f440e5f61ce4472,A,14,3,23,36,3,1,16-QAM,biased_gs,detection_nmse,0.11984735773979434,0.35954207321938303,,3,,,ok,,,20260818,1.503561700881817,14.12537544622754,50
cui_fig6,925f2ab8975505e255f5c37af74d115be38bc302991267f95f440e5f61ce4472,A,14,3,23,36,3,1,16-QAM,em_gs,detection_nmse,0.11483502669530826,0.34450508008592479,,3,,,ok,,,20260818,1.503561700881817,14.12537544622754,50
cui_fig6,925f2ab8975505e255f5c37af74d115be38bc302991267f95f440e5f61ce4472,A,14,3,23,36,3,1,16-QAM,genie_zf,detection_nmse,0.015441958437109193,0.046325875311327577,,3,,,ok,,,20260818,1.503561700881817,14.12537544622754,50
cui_fig6,925f2ab8975505e255f5c37af74d115be38bc302991267f95f440e5f61ce4472,A,14,3,23,36,3,1,16-QAM,cui_crlb,detection_nmse,0.091530999297207413,0.27459299789162223,,3,,,ok,,,20260818,1.503561700881817,14.12537544622754,50
cui_fig6,925f2ab8975505e255f5c37af74d115be38bc302991267f95f440e5f61ce4472,A,14,3,24,36,3,1,16-QAM,biased_gs,detection_nmse,0.031666694960098545,0.095000084880295627,,3,,,ok,,,20260818,1.503561700881817,15.848931924611135,50
cui_fig6,925f2ab8975505e255f5c37af74d115be38bc302991267f95f440e5f61ce4472,A,14,3,24,36,3,1,16-QAM,em_gs,detection_nmse,0.030753428172888023,0.092260284518664068,,3,,,ok,,,20260818,1.503561700881817,15.848931924611135,50
cui_fig6,925f2ab8975505e255f5c37af74d115be38bc302991267f95f440e5f61ce4472,A,14,3,24,36,3,1,16-QAM,genie_zf,detection_nmse,0.009310524270789584,0.02793157281236875,,3,,,ok,,,20260818,1.503561700881817,15.848931924611135,50
cui_fig6,925f2ab8975505e255f5c37af74d115be38bc302991267f95f440e5f61ce4472,A,14,3,24,36,3,1,16-QAM,cui_crlb,detection_nmse,0.084662664796770579,0.25398799439031172,,3,,,ok,,,20260818,1.503561700881817,15.848931924611135,50
cui_fig6,925f2ab8975505e255f5c37af74d115be38bc302991267f95f440e5f61ce4472,A,14,3,25,36,3,1,16-QAM,biased_gs,detection_nmse,0.10636016269285525,0.31908048807856576,,3,,,ok,,,20260818,1.503561700881817,17.782794100389232,50
cui_fig6,925f2ab8975505e255f5c37af74d115be38bc302991267f95f440e5f61ce4472,A,14,3,25,36,3,1,16-QAM,em_gs,detection_nmse,0.091682349060532839,0.2750470471815985,,3,,,ok,,,20260818,1.503561700881817,17.782794100389232,50
cui_fig6,925f2ab8975505e255f5c37af74d115be38bc302991267f95f440e5f61ce4472,A,14,3,25,36,3,1,16-QAM,genie_zf,detection_nmse,0.010414254065390028,0.031242762196170084,,3,,,ok,,,20260818,1.503561700881817,17.782794100389232,50
cui_fig6,925f2ab8975505e255f5c37af74d115be38bc302991267f95f440e5f61ce4472,A,14,3,25,36,3,1,16-QAM,cui_crlb,detection_nmse,0.10141344993346392,0.30424034980039177,,3,,,ok,,,20260818,1.503561700881817,17.782794100389232,50
cui_fig6,925f2ab8975505e255f5c37af74d115be38bc302991267f95f440e5f61ce4472,A,15,3,0,36,3,1,16-QAM,biased_gs,detection_nmse,1.227781717629594,3.6833451528887817,,3,,,ok,,,20260818,1.503561700881817,0.99999999999999989,50
cui_fig6,925f2ab8975505e255f5c37af74d115be38bc302991267f95f440e5f61ce4472,A,15,3,0,36,3,1,16-QAM,em_gs,detection_nmse,0.73354015730425248,2.2006204719127576,,3,,,ok,,,20260818,1.503561700881817,0.99999999999999989,50
cui_fig6,925f2ab8975505e255f5c37af74d115be38bc302991267f95f440e5f61ce4472,A,15,3,0,36,3,1,16-QAM,genie_zf,detection_nmse,0.07888213431821002,0.23664640295463008,,3,,,ok,,,20260818,1.503561700881817,0.99999999999999989,50
cui_fig6,925f2ab8975505e255f5c37af74d115be38bc302991267f95f440e5f61ce4472,A,15,3,0,36,3,1,16-QAM,cui_crlb,detection_nmse,0.13602142667671749,0.40806428003015244,,3,,,ok,,,20260818,1.503561700881817,0.99999999999999989,50
cui_fig6,925f2ab8975505e255f5c37af74d115be38bc302991267f95f440e5f61ce4472,A,15,3,1,36,3,1,16-QAM,biased_gs,detection_nmse,1.6875714248815807,5.0627142746447422,,3,,,ok,,,20260818,1.503561700881817,1.1220184543019633,50
cui_fig6,925f2ab8975505e255f5c37af74d115be38bc302991267f95f440e5f61ce4472,A,15,3,1,36,3,1,16-QAM,em_gs,detection_nmse,0.14322910875614966,0.42968732626844902,,3,,,ok,,,20260818,1.503561700881817,1.1220184543019633,50
cui_fig6,925f2ab8975505e255f5c37af74d115be38bc302991267f95f440e5f61ce4472,A,15,3,1,36,3,1,16-QAM,genie_zf,detection_nmse,0.014860176323033296,0.044580528969099885,,3,,,ok,,,20260818,1.503561700881817,1.1220184543019633,50
cui_fig6,925f2ab8975505e255f5c37af74d115be38bc302991267f95f440e5f61ce4472,A,15,3,1,36,3,1,16-QAM,cui_crlb,detection_nmse,0.12493756232609443,0.37481268697828329,,3,,,ok,,,20260818,1.503561700881817,1.1220184543019633,50
cui_fig6,925f2ab8975505e255f5c37af74d115be38bc302991267f95f440e5f61ce4472,A,15,3,2,36,3,1,16-QAM,biased_gs,detection_nmse,0.26641346981323483,0.79924040943970442,,3,,,ok,,,20260818,1.503561700881817,1.2589254117941671,50
cui_fig6,925f2ab8975505e255f5c37af74d115be38bc302991267f95f440e5f61ce4472,A,15,3,2,36,3,1,16-QAM,em_gs,detection_nmse,0.23010349867402058,0.69031049602206174,,3,,,ok,,,20260818,1.503561700881817,1.2589254117941671,50
cui_fig6,925f2ab8975505e255f5c37af74d115be38bc302991267f95f440e5f61ce4472,A,15,3,2,36,3,1,16-QAM,genie_zf,detection_nmse,0.060550755252060662,0.18165226575618199,,3,,,ok,,,20260818,1.503561700881817,1.2589254117941671,50
cui_fig6,925f2ab8975505e255f5c37af74d115be38bc302991267f95f440e5f61ce4472,A,15,3,2,36,3,1,16-QAM,cui_crlb,detection_nmse,0.13312425605228959,0.39937276815686873,,3,,,ok,,,20260818,1.503561700881817,1.2589254117941671,50
cui_fig6,925f2ab8975505e255f5c37af74d115be38bc302991267f95f440e5f61ce4472,A,15,3,3,36,3,1,16-QAM,biased_gs,detection_nmse,0.26314571825245853,0.78943715475737564,,3,,,ok,,,20260818,1.503561700881817,1.4125375446227544,50
cui_fig6,925f2ab8975505e255f5c37af74d115be38bc302991267f95f440e5f61ce4472,A,15,3,3,36,3,1,16-QAM,em_gs,detection_nmse,0.080923883256512702,0.24277164976953811,,3,,,ok,,,20260818,1.503561700881817,1.4125375446227544,50
cui_fig6,925f2ab8975505e255f5c37af74d115be38bc302991267f95f440e5f61ce4472,A,15,3,3,36,3,1,16-QAM,genie_zf,detection_nmse,0.0069927363838061711,0.020978209151418514,,3,,,ok,,,20260818,1.503561700881817,1.4125375446227544,50
cui_fig6,925f2ab8975505e255f5c37af74d115be38bc302991267f95f440e5f61ce4472,A,15,3,3,36,3,1,16-QAM,cui_crlb,detection_nmse,0.12416897172694467,0.37250691518083401,,3,,,ok,,,20260818,1.503561700881817,1.4125375446227544,50
cui_fig6,925f2ab8975505e255f5c37af74d115be38bc302991267f95f440e5f61ce4472,A,15,3,4,36,3,1,16-QAM,biased_gs,detection_nmse,1.1913946435597984,3.5741839306793954,,3,,,ok,,,20260818,1.503561700881817,1.5848931924611136,50
cui_fig6,925f2ab8975505e255f5c37af74d115be38bc302991267f95f440e5f61ce4472,A,15,3,4,36,3,1,16-QAM,em_gs,detection_nmse,0.14332146915104135,0.42996440745312409,,3,,,ok,,,20260818,1.503561700881817,1.5848931924611136,50
cui_fig6,925f2ab8975505e255f5c37af74d115be38bc302991267f95f440e5f61ce4472,A,15,3,4,36,3,1,16-QAM,genie_zf,detection_nmse,0.057212255859816707,0.17163676757945012,,3,,,ok,,,20260818,1.503561700881817,1.5848931924611136,50
cui_fig6,925f2ab8975505e255f5c37af74d115be38bc302991267f95f440e5f61ce4472,A,15,3,4,36,3,1,16-QAM,cui_crlb,detection_nmse,0.10221261655370922,0.30663784966112767,,3,,,ok,,,20260818,1.503561700881817,1.5848931924611136,50
cui_fig6,925f2ab8975505e255f5c37af74d115be38bc302991267f95f440e5f61ce4472,A,15,3,5,36,3,1,16-QAM,biased_gs,detection_nmse,0.1613866305068844,0.4841598915206532,,3,,,ok,,,20260818,1.503561700881817,1.7782794100389228,50
cui_fig6,925f2ab8975505e255f5c37af74d115be38bc302991267f95f440e5f61ce4472,A,15,3,5,36,3,1,16-QAM,em_gs,detection_nmse,0.18167622166879524,0.54502866500638569,,3,,,ok,,,20260818,1.503561700881817,1.7782794100389228,50
cui_fig6,925f2ab8975505e255f5c37af74d115be38bc302991267f95f440e5f61ce4472,A,15,3,5,36,3,1,16-QAM,genie_zf,detection_nmse,0.10923624349197425,0.32770873047592275,,3,,,ok,,,20260818,1.503561700881817,1.7782794100389228,50
cui_fig6,925f2ab8975505e255f5c37af74d115be38bc302991267f95f440e5f61ce4472,A,15,3,5,36,3,1,16-QAM,cui_crlb,detection_nmse,0.1106741336388251,0.33202240091647528,,3,,,ok,,,20260818,1.503561700881817,1.7782794100389228,50
cui_fig6,925f2ab8975505e255f5c37af74d115be38bc302991267f95f440e5f61ce4472,A,15,3,6,36,3,1,16-QAM,biased_gs,detection_nmse,0.047976442724376595,0.14392932817312978,,3,,,ok,,,20260818,1.503561700881817,1.9952623149688795,50
cui_fig6,925f2ab8975505e255f5c37af74d115be38bc302991267f95f440e5f61ce4472,A,15,3,6,36,3,1,16-QAM,em_gs,detection_nmse,0.049200776342875473,0.14760232902862641,,3,,,ok,,,20260818,1.503561700881817,1.9952623149688795,50
cui_fig6,925f2ab8975505e255f5c37af74d115be38bc302991267f95f440e5f61ce4472,A,15,3,6,36,3,1,16-QAM,genie_zf,detection_nmse,0.017845352793793984,0.053536058381381951,,3,,,ok,,,20260818,1.503561700881817,1.9952623149688795,50
cui_fig6,925f2ab8975505e255f5c37af74d115be38bc302991267f95f440e5f61ce4472,A,15,3,6,36,3,1,16-QAM,cui_crlb,detection_nmse,0.11132229006538454,0.33396687019615362,,3,,,ok,,,20260818,1.503561700881817,1.9952623149688795,50
cui_fig6,925f2ab8975505e255f5c37af74d115be38bc302991267f95f440e5f61ce4472,A,15,3,7,36,3,1,16-QAM,biased_gs,detection_nmse,0.22558649870819181,0.67675949612457542,,3,,,ok,,,20260818,1.503561700881817,2.2387211385683394,50
cui_fig6,925f2ab8975505e255f5c37af74d115be38bc302991267f95f440e5f61ce4472,A,15,3,7,36,3,1,16-QAM,em_gs,detection_nmse,0.19243531176119374,0.57730593528358121,,3,,,ok,,,20260818,1.503561700881817,2.2387211385683394,50
cui_fig6,925f2ab8975505e255f5c37af74d115be38bc302991267f95f440e5f61ce4472,A,15,3,7,36,3,1,16-QAM,genie_zf,detection_nmse,0.060073099436695199,0.1802192983100856,,3,,,ok,,,20260818,1.503561700881817,2.2387211385683394,50
cui_fig6,925f2ab8975505e255f5c37af74d115be38bc302991267f95f440e5f61ce4472,A,15,3,7,36,3,1,16-QAM,cui_crlb,detection_nmse,0.10372615790778121,0.31117847372334362,,3,,,ok,,,20260818,1.503561700881817,2.2387211385683394,50
cui_fig6,925f2ab8975505e255f5c37af74d115be38bc302991267f95f440e5f61ce4472,A,15,3,8,36,3,1,16-QAM,biased_gs,detection_nmse,0.23479569133089725,0.70438707399269174,,3,,,ok,,,20260818,1.503561700881817,2.5118864315095801,50
cui_fig6,925f2ab8975505e255f5c37af74d115be38bc302991267f95f440e5f61ce4472,A,15,3,8,36,3,1,16-QAM,em_gs,detection_nmse,0.14320519304243109,0.42961557912729331,,3,,,ok,,,20260818,1.503561700881817,2.5118864315095801,50
cui_fig6,925f2ab8975505e255f5c37af74d115be38bc302991267f95f440e5f61ce4472,A,15,3,8,36,3,1,16-QAM,genie_zf,detection_nmse,0.05762773308895755,0.17288319926687265,,3,,,ok,,,20260818,1.503561700881817,2.5118864315095801,50
cui_fig6,925f2ab8975505e255f5c37af74d115be38bc302991267f95f440e5f61ce4472,A,15,3,8,36,3,1,16-QAM,cui_crlb,detection_nmse,0.10886211077964043,0.32658633233892131,,3,,,ok,,,20260818,1.503561700881817,2.5118864315095801,50
cui_fig6,925f2ab8975505e255f5c37af74d115be38bc302991267f95f440e5f61ce4472,A,15,3,9,36,3,1,16-QAM,biased_gs,detection_nmse,0.35215534213806415,1.0564660264141925,,3,,,ok,,,20260818,1.503561700881817,2.8183829312644537,50
cui_fig6,925f2ab8975505e255f5c37af74d115be38bc302991267f95f440e5f61ce4472,A,15,3,9,36,3,1,16-QAM,em_gs,detection_nmse,0.24350359294393062,0.73051077883179183,,3,,,ok,,,20260818,1.503561700881817,2.8183829312644537,50
cui_fig6,925f2ab8975505e255f5c37af74d115be38bc302991267f95f440e5f61ce4472,A,15,3,9,36,3,1,16-QAM,genie_zf,detection_nmse,0.073053967161306493,0.21916190148391948,,3,,,ok,,,20260818,1.503561700881817,2.8183829312644537,50
cui_fig6,925f2ab8975505e255f5c37af74d115be38bc302991267f95f440e5f61ce4472,A,15,3,9,36,3,1,16-QAM,cui_crlb,detection_nmse,0.096436732514866688,0.28931019754460008,,3,,,ok,,,20260818,1.503561700881817,2.8183829312644537,50
cui_fig6,925f2ab8975505e255f5c37af74d115be38bc302991267f95f440e5f61ce4472,A,15,3,10,36,3,1,16-QAM,biased_gs,detection_nmse,0.13874016199273992,0.41622048597821976,,3,,,ok,,,20260818,1.503561700881817,3.1622776601683791,50
cui_fig6,925f2ab8975505e255f5c37af74d115be38bc302991267f95f440e5f61ce4472,A,15,3,10,36,3,1,16-QAM,em_gs,detection_nmse,0.085891515785212549,0.25767454735563766,,3,,,ok,,,20260818,1.503561700881817,3.1622776601683791,50
cui_fig6,925f2ab8975505e255f5c37af74d115be38bc302991267f95f440e5f61ce4472,A,15,3,10,36,3,1,16-QAM,genie_zf,detection_nmse,0.0191158617123902,0.057347585137170601,,3,,,ok,,,20260818,1.503561700881817,3.1622776601683791,50
cui_fig6,925f2ab8975505e255f5c37af74d115be38bc302991267f95f440e5f61ce4472,A,15,3,10,36,3,1,16-QAM,cui_crlb,detection_nmse,0.10937728126476982,0.32813184379430949,,3,,,ok,,,20260818,1.503561700881817,3.1622776601683791,50
cui_fig6,925f2ab8975505e255f5c37af74d115be38bc302991267f95f440e5f61ce4472,A,15,3,11,36,3,1,16-QAM,biased_gs,detection_nmse,0.16883291283259552,0.50649873849778659,,3,,,ok,,,20260818,1.503561700881817,3.548133892335755,50
cui_fig6,925f2ab8975505e255f5c37af74d115be38bc302991267f95f440e5f61ce4472,A,15,3,11,36,3,1,16-QAM,em_gs,detection_nmse,0.097489673979909916,0.29246902193972973,,3,,,ok,,,20260818,1.503561700881817,3.548133892335755,50
cui_fig6,925f2ab8975505e255f5c37af74d115be38bc302991267f95f440e5f61ce4472,A,15,3,11,36,3,1,16-QAM,genie_zf,detection_nmse,0.044348092164434326,0.13304427649330297,,3,,,ok,,,20260818,1.503561700881817,3.548133892335755,50
cui_fig6,925f2ab8975505e255f5c37af74d115be38bc302991267f95f440e5f61ce4472,A,15,3,11,36,3,1,16-QAM,cui_crlb,detection_nmse,0.10594893347111393,0.31784680041334179,,3,,,ok,,,20260818,1.503561700881817,3.548133892335755,50
cui_fig6,925f2ab8975505e255f5c37af74d115be38bc302991267f95f440e5f61ce4472,A,15,3,12,36,3,1,16-QAM,biased_gs,detection_nmse,0.050310299145251584,0.15093089743575475,,3,,,ok,,,20260818,1.503561700881817,3.9810717055349727,50
cui_fig6,925f2ab8975505e255f5c37af74d115be38bc302991267f95f440e5f61ce4472,A,15,3,12,36,3,1,16-QAM,em_gs,detection_nmse,0.098910514914447911,0.29673154474334373,,3,,,ok,,,20260818,1.503561700881817,3.9810717055349727,50
cui_fig6,925f2ab8975505e255f5c37af74d115be38bc302991267f95f440e5f61ce4472,A,15,3,12,36,3,1,16-QAM,genie_zf,detection_nmse,0.02567517957757369,0.077025538732721069,,3,,,ok,,,20260818,1.503561700881817,3.9810717055349727,50
cui_fig6,925f2ab8975505e255f5c37af74d115be38bc302991267f95f440e5f61ce4472,A,15,3,12,36,3,1,16-QAM,cui_crlb,detection_nmse,0.098830575689297692,0.29649172706789306,,3,,,ok,,,20260818,1.503561700881817,3.9810717055349727,50
cui_fig6,925f2ab8975505e255f5c37af74d115be38bc302991267f95f440e5f61ce4472,A,15,3,13,36,3,1,16-QAM,biased_gs,detection_nmse,0.21821809385019164,0.65465428155057492,,3,,,ok,,,20260818,1.503561700881817,4.4668359215096318,50
cui_fig6,925f2ab8975505e255f5c37af74d115be38bc302991267f95f440e5f61ce4472,A,15,3,13,36,3,1,16-QAM,em_gs,detection_nmse,0.12297174658928826,0.36891523976786478,,3,,,ok,,,20260818,1.503561700881817,4.4668359215096318,50
cui_fig6,925f2ab8975505e255f5c37af74d115be38bc302991267f95f440e5f61ce4472,A,15,3,13,36,3,1,16-QAM,genie_zf,detection_nmse,0.01764300103402348,0.052929003102070445,,3,,,ok,,,20260818,1.503561700881817,4.4668359215096318,50
cui_fig6,925f2ab8975505e255f5c37af74d115be38bc302991267f95f440e5f61ce4472,A,15,3,13,36,3,1,16-QAM,cui_crlb,detection_nmse,0.097215140827046895,0.29164542248114067,,3,,,ok,,,20260818,1.503561700881817,4.4668359215096318,50
cui_fig6,925f2ab8975505e255f5c37af74d115be38bc302991267f95f440e5f61ce4472,A,15,3,14,36,3,1,16-QAM,biased_gs,detection_nmse,0.03926097731171628,0.11778293193514884,,3,,,ok,,,20260818,1.503561700881817,5.0118723362727229,50
cui_fig6,925f2ab8975505e255f5c37af74d115be38bc302991267f95f440e5f61ce4472,A,15,3,14,36,3,1,16-QAM,em_gs,detection_nmse,0.053061772951121682,0.15918531885336504,,3,,,ok,,,20260818,1.503561700881817,5.0118723362727229,50
cui_fig6,925f2ab8975505e255f5c37af74d115be38bc302991267f95f440e5f61ce4472,A,15,3,14,36,3,1,16-QAM,genie_zf,detection_nmse,0.016823824701488556,0.050471474104465668,,3,,,ok,,,20260818,1.503561700881817,5.0118723362727229,50
cui_fig6,925f2ab8975505e255f5c37af74d115be38bc302991267f95f440e5f61ce4472,A,15,3,14,36,3,1,16-QAM,cui_crlb,detection_nmse,0.10210094052732681,0.30630282158198041,,3,,,ok,,,20260818,1.503561700881817,5.0118723362727229,50
cui_fig6,925f2ab8975505e255f5c37af74d115be38bc302991267f95f440e5f61ce4472,A,15,3,15,36,3,1,16-QAM,biased_gs,detection_nmse,0.037912116759333099,0.11373635027799929,,3,,,ok,,,20260818,1.503561700881817,5.6234132519034894,50
cui_fig6,925f2ab8975505e255f5c37af74d115be38bc302991267f95f440e5f61ce4472,A,15,3,15,36,3,1,16-QAM,em_gs,detection_nmse,0.029219226248800537,0.08765767874640161,,3,,,ok,,,20260818,1.503561700881817,5.6234132519034894,50
cui_fig6,925f2ab8975505e255f5c37af74d115be38bc302991267f95f440e5f61ce4472,A,15,3,15,36,3,1,16-QAM,genie_zf,detection_nmse,0.031626505927218752,0.09487951778165625,,3,,,ok,,,20260818,1.503561700881817,5.6234132519034894,50
cui_fig6,925f2ab8975505e255f5c37af74d115be38bc302991267f95f440e5f61ce4472,A,15,3,15,36,3,1,16-QAM,cui_crlb,detection_nmse,0.095800862282358693,0.28740258684707609,,3,,,ok,,,20260818,1.503561700881817,5.6234132519034894,50
cui_fig6,925f2ab8975505e255f5c37af74d115be38bc302991267f95f440e5f61ce4472,A,15,3,16,36,3,1,16-QAM,biased_gs,detection_nmse,0.10896476891099878,0.32689430673299635,,3,,,ok,,,20260818,1.503561700881817,6.3095734448019325,50
cui_fig6,925f2ab8975505e255f5c37af74d115be38bc302991267f95f440e5f61ce4472,A,15,3,16,36,3,1,16-QAM,em_gs,detection_nmse,0.10543437884052902,0.31630313652158704,,3,,,ok,,,20260818,1.503561700881817,6.3095734448019325,50
cui_fig6,925f2ab8975505e255f5c37af74d115be38bc302991267f95f440e5f61ce4472,A,15,3,16,36,3,1,16-QAM,genie_zf,detection_nmse,0.056881654949206141,0.17064496484761843,,3,,,ok,,,20260818,1.503561700881817,6.3095734448019325,50
cui_fig6,925f2ab8975505e255f5c37af74d115be38bc302991267f95f440e5f61ce4472,A,15,3,16,36,3,1,16-QAM,cui_crlb,detection_nmse,0.092614632326742982,0.27784389698022893,,3,,,ok,,,20260818,1.503561700881817,6.3095734448019325,50
cui_fig6,925f2ab8975505e255f5c37af74d115be38bc302991267f95f440e5f61ce4472,A,15,3,17,36,3,1,16-QAM,biased_gs,detection_nmse,0.19846889044578453,0.59540667133735359,,3,,,ok,,,20260818,1.503561700881817,7.0794578438413795,50
cui_fig6,925f2ab8975505e255f5c37af74d115be38bc302991267f95f440e5f61ce4472,A,15,3,17,36,3,1,16-QAM,em_gs,detection_nmse,0.17316532915338198,0.51949598746014591,,3,,,ok,,,20260818,1.503561700881817,7.0794578438413795,50
cui_fig6,925f2ab8975505e255f5c37af74d115be38bc302991267f95f440e5f61ce4472,A,15,3,17,36,3,1,16-QAM,genie_zf,detection_nmse,0.074103289980453901,0.2223098699413617,,3,,,ok,,,20260818,1.503561700881817,7.0794578438413795,50
cui_fig6,925f2ab8975505e255f5c37af74d115be38bc302991267f95f440e5f61ce4472,A,15,3,17,36,3,1,16-QAM,cui_crlb,detection_nmse,0.093875958993217712,0.28162787697965314,,3,,,ok,,,20260818,1.503561700881817,7.0794578438413795,50
cui_fig6,925f2ab8975505e255f5c37af74d115be38bc302991267f95f440e5f61ce4472,A,15,3,18,36,3,1,16-QAM,biased_gs,detection_nmse,0.12012954820481625,0.36038864461444875,,3,,,ok,,,20260818,1.503561700881817,7.9432823472428158,50
cui_fig6,925f2ab8975505e255f5c37af74d115be38bc302991267f95f440e5f61ce4472,A,15,3,18,36,3,1,16-QAM,em_gs,detection_nmse,0.10718490873569082,0.32155472620707248,,3,,,ok,,,20260818,1.503561700881817,7.9432823472428158,50
cui_fig6,925f2ab8975505e255f5c37af74d115be38bc302991267f95f440e5f61ce4472,A,15,3,18,36,3,1,16-QAM,genie_zf,detection_nmse,0.01682154899542913,0.050464646986287387,,3,,,ok,,,20260818,1.503561700881817,7.9432823472428158,50
cui_fig6,925f2ab8975505e255f5c37af74d115be38bc302991267f95f440e5f61ce4472,A,15,3,18,36,3,1,16-QAM,cui_crlb,detection_nmse,0.089862167037928278,0.26958650111378485,,3,,,ok,,,20260818,1.503561700881817,7.9432823472428158,50
cui_fig6,925f2ab8975505e255f5c37af74d115be38bc302991267f95f440e5f61ce4472,A,15,3,19,36,3,1,16-QAM,biased_gs,detection_nmse,0.20458392838728792,0.61375178516186379,,3,,,ok,,,20260818,1.503561700881817,8.9125093813374541,50
cui_fig6,925f2ab8975505e255f5c37af74d115be38bc302991267f95f440e5f61ce4472,A,15,3,19,36,3,1,16-QAM,em_gs,detection_nmse,0.18603767864508933,0.55811303593526795,,3,,,ok,,,20260818,1.503561700881817,8.9125093813374541,50
cui_fig6,925f2ab8975505e255f5c37af74d115be38bc302991267f95f440e5f61ce4472,A,15,3,19,36,3,1,16-QAM,genie_zf,detection_nmse,0.036726586232421442,0.11017975869726433,,3,,,ok,,,20260818,1.503561700881817,8.9125093813374541,50
cui_fig6,925f2ab8975505e255f5c37af74d115be38bc302991267f95f440e5f61ce4472,A,15,3,19,36,3,1,16-QAM,cui_crlb,detection_nmse,0.09362841624001457,0.28088524872004372,,3,,,ok,,,20260818,1.503561700881817,8.9125093813374541,50
cui_fig6,925f2ab8975505e255f5c37af74d115be38bc302991267f95f440e5f61ce4472,A,15,3,20,36,3,1,16-QAM,biased_gs,detection_nmse,0.046634969967923635,0.13990490990377091,,3,,,ok,,,20260818,1.503561700881817,10,50
cui_fig6,925f2ab8975505e255f5c37af74d115be38bc302991267f95f440e5f61ce4472,A,15,3,20,36,3,1,16-QAM,em_gs,detection_nmse,0.043191535344097885,0.12957460603229365,,3,,,ok,,,20260818,1.503561700881817,10,50
cui_fig6,925f2ab8975505e255f5c37af74d115be38bc302991267f95f440e5f61ce4472,A,15,3,20,36,3,1,16-QAM,genie_zf,detection_nmse,0.067803247186590004,0.20340974155977001,,3,,,ok,,,20260818,1.503561700881817,10,50
cui_fig6,925f2ab8975505e255f5c37af74d115be38bc302991267f95f440e5f61ce4472,A,15,3,20,36,3,1,16-QAM,cui_crlb,detection_nmse,0.10042653861227968,0.30127961583683904,,3,,,ok,,,20260818,1.503561700881817,10,50
cui_fig6,925f2ab8975505e255f5c37af74d115be38bc302991267f95f440e5f61ce4472,A,15,3,21,36,3,1,16-QAM,biased_gs,detection_nmse,0.035520662813435681,0.10656198844030704,,3,,,ok,,,20260818,1.503561700881817,11.220184543019634,50
cui_fig6,925f2ab8975505e255f5c37af74d115be38bc302991267f95f440e5f61ce4472,A,15,3,21,36,3,1,16-QAM,em_gs,detection_nmse,0.038283877963667563,0.11485163389100268,,3,,,ok,,,20260818,1.503561700881817,11.220184543019634,50
cui_fig6,925f2ab8975505e255f5c37af74d115be38bc302991267f95f440e5f61ce4472,A,15,3,21,36,3,1,16-QAM,genie_zf,detection_nmse,0.032686924474756317,0.098060773424268943,,3,,,ok,,,20260818,1.503561700881817,11.220184543019634,50
cui_fig6,925f2ab8975505e255f5c37af74d115be38bc302991267f95f440e5f61ce4472,A,15,3,21,36,3,1,16-QAM,cui_crlb,detection_nmse,0.098857070439142922,0.29657121131742875,,3,,,ok,,,20260818,1.503561700881817,11.220184543019634,50
cui_fig6,925f2ab8975505e255f5c37af74d115be38bc302991267f95f440e5f61ce4472,A,15,3,22,36,3,1,16-QAM,biased_gs,detection_nmse,0.14647357932385435,0.43942073797156306,,3,,,ok,,,20260818,1.503561700881817,12.589254117941676,50
cui_fig6,925f2ab8975505e255f5c37af74d115be38bc302991267f95f440e5f61ce4472,A,15,3,22,36,3,1,16-QAM,em_gs,detection_nmse,0.14788099615319708,0.44364298845959127,,3,,,ok,,,20260818,1.503561700881817,12.589254117941676,50
cui_fig6,925f2ab8975505e255f5c37af74d115be38bc302991267f95f440e5f61ce4472,A,15,3,22,36,3,1,16-QAM,genie_zf,detection_nmse,0.025754214333945966,0.077262643001837897,,3,,,ok,,,20260818,1.503561700881817,12.589254117941676,50
cui_fig6,925f2ab8975505e255f5c37af74d115be38bc302991267f95f440e5f61ce4472,A,15,3,22,36,3,1,16-QAM,cui_crlb,detection_nmse,0.094497946666368404,0.28349383999910521,,3,,,ok,,,20260818,1.503561700881817,12.589254117941676,50
cui_fig6,925f2ab8975505e255f5c37af74d115be38bc302991267f95f440e5f61ce4472,A,15,3,23,36,3,1,16-QAM,biased_gs,detection_nmse,0.047487703073365826,0.14246310922009747,,3,,,ok,,,20260818,1.503561700881817,14.125375446227538,50
cui_fig6,925f2ab8975505e255f5c37af74d115be38bc302991267f95f440e5f61ce4472,A,15,3,23,36,3,1,16-QAM,em_gs,detection_nmse,0.055325386730480521,0.16597616019144157,,3,,,ok,,,20260818,1.503561700881817,14.125375446227538,50
cui_fig6,925f2ab8975505e255f5c37af74d115be38bc302991267f95f440e5f61ce4472,A,15,3,23,36,3,1,16-QAM,genie_zf,detection_nmse,0.040012692936439956,0.12003807880931987,,3,,,ok,,,20260818,1.503561700881817,14.125375446227538,50
cui_fig6,925f2ab8975505e255f5c37af74d115be38bc302991267f95f440e5f61ce4472,A,15,3,23,36,3,1,16-QAM,cui_crlb,detection_nmse,0.092901093312863406,0.27870327993859023,,3,,,ok,,,20260818,1.503561700881817,14.125375446227538,50
cui_fig6,925f2ab8975505e255f5c37af74d115be38bc302991267f95f440e5f61ce4472,A,15,3,24,36,3,1,16-QAM,biased_gs,detection_nmse,0.018448279788807777,0.055344839366423329,,3,,,ok,,,20260818,1.503561700881817,15.848931924611131,50
cui_fig6,925f2ab8975505e255f5c37af74d115be38bc302991267f95f440e5f61ce4472,A,15,3,24,36,3,1,16-QAM,em_gs,detection_nmse,0.017254201146515175,0.051762603439545529,,3,,,ok,,,20260818,1.503561700881817,15.848931924611131,50
cui_fig6,925f2ab8975505e255f5c37af74d115be38bc302991267f95f440e5f61ce4472,A,15,3,24,36,3,1,16-QAM,genie_zf,detection_nmse,0.040170284235985489,0.12051085270795646,,3,,,ok,,,20260818,1.503561700881817,15.848931924611131,50
cui_fig6,925f2ab8975505e255f5c37af74d115be38bc302991267f95f440e5f61ce4472,A,15,3,24,36,3,1,16-QAM,cui_crlb,detection_nmse,0.090232485915486285,0.27069745774645887,,3,,,ok,,,20260818,1.503561700881817,15.848931924611131,50
cui_fig6,925f2ab8975505e255f5c37af74d115be38bc302991267f95f440e5f61ce4472,A,15,3,25,36,3,1,16-QAM,biased_gs,detection_nmse,0.095900264279444133,0.28770079283833239,,3,,,ok,,,20260818,1.503561700881817,17.782794100389228,50
cui_fig6,925f2ab8975505e255f5c37af74d115be38bc302991267f95f440e5f61ce4472,A,15,3,25,36,3,1,16-QAM,em_gs,detection_nmse,0.10623509135275973,0.3187052740582792,,3,,,ok,,,20260818,1.503561700881817,17.782794100389228,50
cui_fig6,925f2ab8975505e255f5c37af74d115be38bc302991267f95f440e5f61ce4472,A,15,3,25,36,3,1,16-QAM,genie_zf,detection_nmse,0.032761427031837355,0.098284281095512072,,3,,,ok,,,20260818,1.503561700881817,17.782794100389228,50
cui_fig6,925f2ab8975505e255f5c37af74d115be38bc302991267f95f440e5f61ce4472,A,15,3,25,36,3,1,16-QAM,cui_crlb,detection_nmse,0.08949159217639828,0.26847477652919483,,3,,,ok,,,20260818,1.503561700881817,17.782794100389228,50
cui_fig6,925f2ab8975505e255f5c37af74d115be38bc302991267f95f440e5f61ce4472,A,16,3,0,36,3,1,16-QAM,biased_gs,detection_nmse,0.15652079431524876,0.46956238294574626,,3,,,ok,,,20260818,1.503561700881817,1,50
cui_fig6,925f2ab8975505e255f5c37af74d115be38bc302991267f95f440e5f61ce4472,A,16,3,0,36,3,1,16-QAM,em_gs,detection_nmse,0.072962122516254446,0.21888636754876334,,3,,,ok,,,20260818,1.503561700881817,1,50
cui_fig6,925f2ab8975505e255f5c37af74d115be38bc302991267f95f440e5f61ce4472,A,16,3,0,36,3,1,16-QAM,genie_zf,detection_nmse,0.041195917700522604,0.12358775310156782,,3,,,ok,,,20260818,1.503561700881817,1,50
cui_fig6,925f2ab8975505e255f5c37af74d115be38bc302991267f95f440e5f61ce4472,A,16,3,0,36,3,1,16-QAM,cui_crlb,detection_nmse,0.12618739783757096,0.37856219351271292,,3,,,ok,,,20260818,1.503561700881817,1,50
cui_fig6,925f2ab8975505e255f5c37af74d115be38bc302991267f95f440e5f61ce4472,A,16,3,1,36,3,1,16-QAM,biased_gs,detection_nmse,0.21681392365387775,0.65044177096163325,,3,,,ok,,,20260818,1.503561700881817,1.1220184543019636,50
cui_fig6,925f2ab8975505e255f5c37af74d115be38bc302991267f95f440e5f61ce4472,A,16,3,1,36,3,1,16-QAM,em_gs,detection_nmse,0.13425940405861148,0.40277821217583443,,3,,,ok,,,20260818,1.503561700881817,1.1220184543019636,50
cui_fig6,925f2ab8975505e255f5c37af74d115be38bc302991267f95f440e5f61ce4472,A,16,3,1,36,3,1,16-QAM,genie_zf,detection_nmse,0.037058897748897798,0.11117669324669339,,3,,,ok,,,20260818,1.503561700881817,1.1220184543019636,50
cui_fig6,925f2ab8975505e255f5c37af74d115be38bc302991267f95f440e5f61ce4472,A,16,3,1,36,3,1,16-QAM,cui_crlb,detection_nmse,0.1103469789829787,0.3310409369489361,,3,,,ok,,,20260818,1.503561700881817,1.1220184543019636,50
cui_fig6,925f2ab8975505e255f5c37af74d115be38bc302991267f95f440e5f61ce4472,A,16,3,2,36,3,1,16-QAM,biased_gs,detection_nmse,0.20611656468474501,0.61834969405423501,,3,,,ok,,,20260818,1.503561700881817,1.2589254117941671,50
cui_fig6,925f2ab8975505e255f5c37af74d115be38bc302991267f95f440e5f61ce4472,A,16,3,2,36,3,1,16-QAM,em_gs,detection_nmse,0.18788148240956493,0.56364444722869478,,3,,,ok,,,20260818,1.503561700881817,1.2589254117941671,50
cui_fig6,925f2ab8975505e255f5c37af74d115be38bc302991267f95f440e5f61ce4472,A,16,3,2,36,3,1,16-QAM,genie_zf,detection_nmse,0.081986726422199216,0.24596017926659763,,3,,,ok,,,20260818,1.503561700881817,1.2589254117941671,50
cui_fig6,925f2ab8975505e255f5c37af74d115be38bc302991267f95f440e5f61ce4472,A,16,3,2,36,3,1,16-QAM,cui_crlb,detection_nmse,0.10353800589235697,0.31061401767707092,,3,,,ok,,,20260818,1.503561700881817,1.2589254117941671,50
cui_fig6,925f2ab8975505e255f5c37af74d115be38bc302991267f95f440e5f61ce4472,A,16,3,3,36,3,1,16-QAM,biased_gs,detection_nmse,0.13060739664795332,0.39182218994385998,,3,,,ok,,,20260818,1.503561700881817,1.4125375446227542,50
cui_fig6,925f2ab8975505e255f5c37af74d115be38bc302991267f95f440e5f61ce4472,A,16,3,3,36,3,1,16-QAM,em_gs,detection_nmse,0.15292990746270638,0.45878972238811916,,3,,,ok,,,20260818,1.503561700881817,1.4125375446227542,50
cui_fig6,925f2ab8975505e255f5c37af74d115be38bc302991267f95f440e5f61ce4472,A,16,3,3,36,3,1,16-QAM,genie_zf,detection_nmse,0.017381754588316992,0.052145263764950975,,3,,,ok,,,20260818,1.503561700881817,1.4125375446227542,50
cui_fig6,925f2ab8975505e255f5c37af74d115be38bc302991267f95f440e5f61ce4472,A,16,3,3,36,3,1,16-QAM,cui_crlb,detection_nmse,0.10424229980711512,0.31272689942134535,,3,,,ok,,,20260818,1.503561700881817,1.4125375446227542,50
cui_fig6,925f2ab8975505e255f5c37af74d115be38bc302991267f95f440e5f61ce4472,A,16,3,4,36,3,1,16-QAM,biased_gs,detection_nmse,0.19480934168695976,0.58442802506087932,,3,,,ok,,,20260818,1.503561700881817,1.5848931924611132,50
cui_fig6,925f2ab8975505e255f5c37af74d115be38bc302991267f95f440e5f61ce4472,A,16,3,4,36,3,1,16-QAM,em_gs,detection_nmse,0.12314027800435191,0.36942083401305575,,3,,,ok,,,20260818,1.503561700881817,1.5848931924611132,50
cui_fig6,925f2ab8975505e255f5c37af74d115be38bc302991267f95f440e5f61ce4472,A,16,3,4,36,3,1,16-QAM,genie_zf,detection_nmse,0.055195000928139136,0.1655850027844174,,3,,,ok,,,20260818,1.503561700881817,1.5848931924611132,50
cui_fig6,925f2ab8975505e255f5c37af74d115be38bc302991267f95f440e5f61ce4472,A,16,3,4,36,3,1,16-QAM,cui_crlb,detection_nmse,0.10450506834563589,0.31351520503690766,,3,,,ok,,,20260818,1.503561700881817,1.5848931924611132,50
cui_fig6,925f2ab8975505e255f5c37af74d115be38bc302991267f95f440e5f61ce4472,A,16,3,5,36,3,1,16-QAM,biased_gs,detection_nmse,0.19496396610876424,0.58489189832629274,,3,,,ok,,,20260818,1.503561700881817,1.7782794100389228,50
cui_fig6,925f2ab8975505e255f5c37af74d115be38bc302991267f95f440e5f61ce4472,A,16,3,5,36,3,1,16-QAM,em_gs,detection_nmse,0.092608545322311775,0.27782563596693532,,3,,,ok,,,20260818,1.503561700881817,1.7782794100389228,50
cui_fig6,925f2ab8975505e255f5c37af74d115be38bc302991267f95f440e5f61ce4472,A,16,3,5,36,3,1,16-QAM,genie_zf,detection_nmse,0.037463236724687696,0.11238971017406309,,3,,,ok,,,20260818,1.503561700881817,1.7782794100389228,50
cui_fig6,925f2ab8975505e255f5c37af74d115be38bc302991267f95f440e5f61ce4472,A,16,3,5,36,3,1,16-QAM,cui_crlb,detection_nmse,0.11741246905476954,0.35223740716430862,,3,,,ok,,,20260818,1.503561700881817,1.7782794100389228,50
cui_fig6,925f2ab8975505e255f5c37af74d115be38bc302991267f95f440e5f61ce4472,A,16,3,6,36,3,1,16-QAM,biased_gs,detection_nmse,0.70280952597569846,2.1084285779270955,,3,,,ok,,,20260818,1.503561700881817,1.9952623149688795,50
cui_fig6,925f2ab8975505e255f5c37af74d115be38bc302991267f95f440e5f61ce4472,A,16,3,6,36,3,1,16-QAM,em_gs,detection_nmse,0.22056638839149348,0.66169916517448046,,3,,,ok,,,20260818,1.503561700881817,1.9952623149688795,50
cui_fig6,925f2ab8975505e255f5c37af74d115be38bc302991267f95f440e5f61ce4472,A,16,3,6,36,3,1,16-QAM,genie_zf,detection_nmse,0.064458446951379145,0.19337534085413743,,3,,,ok,,,20260818,1.503561700881817,1.9952623149688795,50
cui_fig6,925f2ab8975505e255f5c37af74d115be38bc302991267f95f440e5f61ce4472,A,16,3,6,36,3,1,16-QAM,cui_crlb,detection_nmse,0.10630953708881287,0.31892861126643862,,3,,,ok,,,20260818,1.503561700881817,1.9952623149688795,50
cui_fig6,925f2ab8975505e255f5c37af74d115be38bc302991267f95f440e5f61ce4472,A,16,3,7,36,3,1,16-QAM,biased_gs,detection_nmse,0.041827086342983731,0.12548125902895119,,3,,,ok,,,20260818,1.503561700881817,2.2387211385683394,50
cui_fig6,925f2ab8975505e255f5c37af74d115be38bc302991267f95f440e5f61ce4472,A,16,3,7,36,3,1,16-QAM,em_gs,detection_nmse,0.06856206991395844,0.20568620974187532,,3,,,ok,,,20260818,1.503561700881817,2.2387211385683394,50
cui_fig6,925f2ab8975505e255f5c37af74d115be38bc302991267f95f440e5f61ce4472,A,16,3,7,36,3,1,16-QAM,genie_zf,detection_nmse,0.019240588726274186,0.057721766178822562,,3,,,ok,,,20260818,1.503561700881817,2.2387211385683394,50
cui_fig6,925f2ab8975505e255f5c37af74d115be38bc302991267f95f440e5f61ce4472,A,16,3,7,36,3,1,16-QAM,cui_crlb,detection_nmse,0.10553154845075975,0.31659464535227927,,3,,,ok,,,20260818,1.503561700881817,2.2387211385683394,50
cui_fig6,925f2ab8975505e255f5c37af74d115be38bc302991267f95f440e5f61ce4472,A,16,3,8,36,3,1,16-QAM,biased_gs,detection_nmse,0.14099540760905058,0.42298622282715176,,3,,,ok,,,20260818,1.503561700881817,2.5118864315095801,50
cui_fig6,925f2ab8975505e255f5c37af74d115be38bc302991267f95f440e5f61ce4472,A,16,3,8,36,3,1,16-QAM,em_gs,detection_nmse,0.13108684631277734,0.39326053893833202,,3,,,ok,,,20260818,1.503561700881817,2.5118864315095801,50
cui_fig6,925f2ab8975505e255f5c37af74d115be38bc302991267f95f440e5f61ce4472,A,16,3,8,36,3,1,16-QAM,genie_zf,detection_nmse,0.020553170745923378,0.061659512237770137,,3,,,ok,,,20260818,1.503561700881817,2.5118864315095801,50
cui_fig6,925f2ab8975505e255f5c37af74d115be38bc302991267f95f440e5f61ce4472,A,16,3,8,36,3,1,16-QAM,cui_crlb,detection_nmse,0.10843365828927853,0.3253009748678356,,3,,,ok,,,20260818,1.503561700881817,2.5118864315095801,50
cui_fig6,925f2ab8975505e255f5c37af74d115be38bc302991267f95f440e5f61ce4472,A,16,3,9,36,3,1,16-QAM,biased_gs,detection_nmse,0.022063065510756142,0.066189196532268429,,3,,,ok,,,20260818,1.503561700881817,2.8183829312644542,50
cui_fig6,925f2ab8975505e255f5c37af74d115be38bc302991267f95f440e5f61ce4472,A,16,3,9,36,3,1,16-QAM,em_gs,detection_nmse,0.060220797188453051,0.18066239156535915,,3,,,ok,,,20260818,1.503561700881817,2.8183829312644542,50
cui_fig6,925f2ab8975505e255f5c37af74d115be38bc302991267f95f440e5f61ce4472,A,16,3,9,36,3,1,16-QAM,genie_zf,detection_nmse,0.019677995380306505,0.059033986140919516,,3,,,ok,,,20260818,1.503561700881817,2.8183829312644542,50
cui_fig6,925f2ab8975505e255f5c37af74d115be38bc302991267f95f440e5f61ce4472,A,16,3,9,36,3,1,16-QAM,cui_crlb,detection_nmse,0.098123687335593027,0.29437106200677909,,3,,,ok,,,20260818,1.503561700881817,2.8183829312644542,50
cui_fig6,925f2ab8975505e255f5c37af74d115be38bc302991267f95f440e5f61ce4472,A,16,3,10,36,3,1,16-QAM,biased_gs,detection_nmse,0.090195067143041971,0.2705852014291259,,3,,,ok,,,20260818,1.503561700881817,3.1622776601683791,50
cui_fig6,925f2ab8975505e255f5c37af74d115be38bc302991267f95f440e5f61ce4472,A,16,3,10,36,3,1,16-QAM,em_gs,detection_nmse,0.089918518931218758,0.26975555679365626,,3,,,ok,,,20260818,1.503561700881817,3.1622776601683791,50
cui_fig6,925f2ab8975505e255f5c37af74d115be38bc302991267f95f440e5f61ce4472,A,16,3,10,36,3,1,16-QAM,genie_zf,detection_nmse,0.051869935596234505,0.15560980678870351,,3,,,ok,,,20260818,1.503561700881817,3.1622776601683791,50
cui_fig6,925f2ab8975505e255f5c37af74d115be38bc302991267f95f440e5f61ce4472,A,16,3,10,36,3,1,16-QAM,cui_crlb,detection_nmse,0.093104383123146284,0.27931314936943885,,3,,,ok,,,20260818,1.503561700881817,3.1622776601683791,50
cui_fig6,925f2ab8975505e255f5c37af74d115be38bc302991267f95f440e5f61ce4472,A,16,3,11,36,3,1,16-QAM,biased_gs,detection_nmse,0.13693405214986845,0.41080215644960533,,3,,,ok,,,20260818,1.503561700881817,3.5481338923357546,50
cui_fig6,925f2ab8975505e255f5c37af74d115be38bc302991267f95f440e5f61ce4472,A,16,3,11,36,3,1,16-QAM,em_gs,detection_nmse,0.13225328477064532,0.39675985431193594,,3,,,ok,,,20260818,1.503561700881817,3.5481338923357546,50
cui_fig6,925f2ab8975505e255f5c37af74d115be38bc302991267f95f440e5f61ce4472,A,16,3,11,36,3,1,16-QAM,genie_zf,detection_nmse,0.018139079123506093,0.054417237370518283,,3,,,ok,,,20260818,1.503561700881817,3.5481338923357546,50
cui_fig6,925f2ab8975505e255f5c37af74d115be38bc302991267f95f440e5f61ce4472,A,16,3,11,36,3,1,16-QAM,cui_crlb,detection_nmse,0.096096781097824033,0.28829034329347208,,3,,,ok,,,20260818,1.503561700881817,3.5481338923357546,50
cui_fig6,925f2ab8975505e255f5c37af74d115be38bc302991267f95f440e5f61ce4472,A,16,3,12,36,3,1,16-QAM,biased_gs,detection_nmse,0.058384115942075265,0.1751523478262258,,3,,,ok,,,20260818,1.503561700881817,3.9810717055349718,50
cui_fig6,925f2ab8975505e255f5c37af74d115be38bc302991267f95f440e5f61ce4472,A,16,3,12,36,3,1,16-QAM,em_gs,detection_nmse,0.056451062857426577,0.16935318857227974,,3,,,ok,,,20260818,1.503561700881817,3.9810717055349718,50
cui_fig6,925f2ab8975505e255f5c37af74d115be38bc302991267f95f440e5f61ce4472,A,16,3,12,36,3,1,16-QAM,genie_zf,detection_nmse,0.089390409371433513,0.26817122811430055,,3,,,ok,,,20260818,1.503561700881817,3.9810717055349718,50
cui_fig6,925f2ab8975505e255f5c37af74d115be38bc302991267f95f440e5f61ce4472,A,16,3,12,36,3,1,16-QAM,cui_crlb,detection_nmse,0.095886631605340389,0.28765989481602117,,3,,,ok,,,20260818,1.503561700881817,3.9810717055349718,50
cui_fig6,925f2ab8975505e255f5c37af74d115be38bc302991267f95f440e5f61ce4472,A,16,3,13,36,3,1,16-QAM,biased_gs,detection_nmse,0.33420449200930874,1.0026134760279262,,3,,,ok,,,20260818,1.503561700881817,4.4668359215096309,50
cui_fig6,925f2ab8975505e255f5c37af74d115be38bc302991267f95f440e5f61ce4472,A,16,3,13,36,3,1,16-QAM,em_gs,detection_nmse,0.20896769755812938,0.62690309267438815,,3,,,ok,,,20260818,1.503561700881817,4.4668359215096309,50
cui_fig6,925f2ab8975505e255f5c37af74d115be38bc302991267f95f440e5f61ce4472,A,16,3,13,36,3,1,16-QAM,genie_zf,detection_nmse,0.065324487044827184,0.19597346113448155,,3,,,ok,,,20260818,1.503561700881817,4.4668359215096309,50
cui_fig6,925f2ab8975505e255f5c37af74d115be38bc302991267f95f440e5f61ce4472,A,16,3,13,36,3,1,16-QAM,cui_crlb,detection_nmse,0.10049065905796134,0.30147197717388402,,3,,,ok,,,20260818,1.503561700881817,4.4668359215096309,50
cui_fig6,925f2ab8975505e255f5c37af74d115be38bc302991267f95f440e5f61ce4472,A,16,3,14,36,3,1,16-QAM,biased_gs,detection_nmse,0.20676928830045263,0.62030786490135792,,3,,,ok,,,20260818,1.503561700881817,5.011872336272722,50
cui_fig6,925f2ab8975505e255f5c37af74d115be38bc302991267f95f440e5f61ce4472,A,16,3,14,36,3,1,16-QAM,em_gs,detection_nmse,0.20153467606394893,0.60460402819184678,,3,,,ok,,,20260818,1.503561700881817,5.011872336272722,50
cui_fig6,925f2ab8975505e255f5c37af74d115be38bc302991267f95f440e5f61ce4472,A,16,3,14,36,3,1,16-QAM,genie_zf,detection_nmse,0.040563855235988204,0.12169156570796462,,3,,,ok,,,20260818,1.503561700881817,5.011872336272722,50
cui_fig6,925f2ab8975505e255f5c37af74d115be38bc302991267f95f440e5f61ce4472,A,16,3,14,36,3,1,16-QAM,cui_crlb,detection_nmse,0.088663854817406629,0.26599156445221989,,3,,,ok,,,20260818,1.503561700881817,5.011872336272722,50
cui_fig6,925f2ab8975505e255f5c37af74d115be38bc302991267f95f440e5f61ce4472,A,16,3,15,36,3,1,16-QAM,biased_gs,detection_nmse,0.1022413897662094,0.30672416929862822,,3,,,ok,,,20260818,1.503561700881817,5.6234132519034894,50
cui_fig6,925f2ab8975505e255f5c37af74d115be38bc302991267f95f440e5f61ce4472,A,16,3,15,36,3,1,16-QAM,em_gs,detection_nmse,0.10019384459351627,0.3005815337805488,,3,,,ok,,,20260818,1.503561700881817,5.6234132519034894,50
cui_fig6,925f2ab8975505e255f5c37af74d115be38bc302991267f95f440e5f61ce4472,A,16,3,15,36,3,1,16-QAM,genie_zf,detection_nmse,0.037672648133129615,0.11301794439938885,,3,,,ok,,,20260818,1.503561700881817,5.6234132519034894,50
cui_fig6,925f2ab8975505e255f5c37af74d115be38bc302991267f95f440e5f61ce4472,A,16,3,15,36,3,1,16-QAM,cui_crlb,detection_nmse,0.08906683624846852,0.26720050874540557,,3,,,ok,,,20260818,1.503561700881817,5.6234132519034894,50
cui_fig6,925f2ab8975505e255f5c37af74d115be38bc302991267f95f440e5f61ce4472,A,16,3,16,36,3,1,16-QAM,biased_gs,detection_nmse,0.085213953057795389,0.25564185917338617,,3,,,ok,,,20260818,1.503561700881817,6.3095734448019325,50
cui_fig6,925f2ab8975505e255f5c37af74d115be38bc302991267f95f440e5f61ce4472,A,16,3,16,36,3,1,16-QAM,em_gs,detection_nmse,0.10474350719586011,0.3142305215875803,,3,,,ok,,,20260818,1.503561700881817,6.3095734448019325,50
cui_fig6,925f2ab8975505e255f5c37af74d115be38bc302991267f95f440e5f61ce4472,A,16,3,16,36,3,1,16-QAM,genie_zf,detection_nmse,0.036208649072428316,0.10862594721728494,,3,,,ok,,,20260818,1.503561700881817,6.3095734448019325,50
cui_fig6,925f2ab8975505e255f5c37af74d115be38bc302991267f95f440e5f61ce4472,A,16,3,16,36,3,1,16-QAM,cui_crlb,detection_nmse,0.091237637830392737,0.27371291349117821,,3,,,ok,,,20260818,1.503561700881817,6.3095734448019325,50
cui_fig6,925f2ab8975505e255f5c37af74d115be38bc302991267f95f440e5f61ce4472,A,16,3,17,36,3,1,16-QAM,biased_gs,detection_nmse,0.074182494774008997,0.22254748432202698,,3,,,ok,,,20260818,1.503561700881817,7.0794578438413795,50
cui_fig6,925f2ab8975505e255f5c37af74d115be38bc302991267f95f440e5f61ce4472,A,16,3,17,36,3,1,16-QAM,em_gs,detection_nmse,0.072628791542711388,0.21788637462813415,,3,,,ok,,,20260818,1.503561700881817,7.0794578438413795,50
cui_fig6,925f2ab8975505e255f5c37af74d115be38bc302991267f95f440e5f61ce4472,A,16,3,17,36,3,1,16-QAM,genie_zf,detection_nmse,0.013758303642407309,0.041274910927221929,,3,,,ok,,,20260818,1.503561700881817,7.0794578438413795,50
cui_fig6,925f2ab8975505e255f5c37af74d115be38bc302991267f95f440e5f61ce4472,A,16,3,17,36,3,1,16-QAM,cui_crlb,detection_nmse,0.09401070803013771,0.28203212409041312,,3,,,ok,,,20260818,1.503561700881817,7.0794578438413795,50
cui_fig6,925f2ab8975505e255f5c37af74d115be38bc302991267f95f440e5f61ce4472,A,16,3,18,36,3,1,16-QAM,biased_gs,detection_nmse,0.21263344495644454,0.63790033486933362,,3,,,ok,,,20260818,1.503561700881817,7.9432823472428158,50
cui_fig6,925f2ab8975505e255f5c37af74d115be38bc302991267f95f440e5f61ce4472,A,16,3,18,36,3,1,16-QAM,em_gs,detection_nmse,0.18769749921500864,0.56309249764502589,,3,,,ok,,,20260818,1.503561700881817,7.9432823472428158,50
cui_fig6,925f2ab8975505e255f5c37af74d115be38bc302991267f95f440e5f61ce4472,A,16,3,18,36,3,1,16-QAM,genie_zf,detection_nmse,0.035053493288705044,0.10516047986611513,,3,,,ok,,,20260818,1.503561700881817,7.9432823472428158,50
cui_fig6,925f2ab8975505e255f5c37af74d115be38bc302991267f95f440e5f61ce4472,A,16,3,18,36,3,1,16-QAM,cui_crlb,detection_nmse,0.092374263527251796,0.27712279058175537,,3,,,ok,,,20260818,1.503561700881817,7.9432823472428158,50
cui_fig6,925f2ab8975505e255f5c37af74d115be38bc302991267f95f440e5f61ce4472,A,16,3,19,36,3,1,16-QAM,biased_gs,detection_nmse,0.027549406360285134,0.082648219080855401,,3,,,ok,,,20260818,1.503561700881817,8.9125093813374541,50
cui_fig6,925f2ab8975505e255f5c37af74d115be38bc302991267f95f440e5f61ce4472,A,16,3,19,36,3,1,16-QAM,em_gs,detection_nmse,0.032251857109562403,0.096755571328687201,,3,,,ok,,,20260818,1.503561700881817,8.9125093813374541,50
cui_fig6,925f2ab8975505e255f5c37af74d115be38bc302991267f95f440e5f61ce4472,A,16,3,19,36,3,1,16-QAM,genie_zf,detection_nmse,0.033400680913274007,0.10020204273982203,,3,,,ok,,,20260818,1.503561700881817,8.9125093813374541,50
cui_fig6,925f2ab8975505e255f5c37af74d115be38bc302991267f95f440e5f61ce4472,A,16,3,19,36,3,1,16-QAM,cui_crlb,detection_nmse,0.094541226700492739,0.2836236801014782,,3,,,ok,,,20260818,1.503561700881817,8.9125093813374541,50
cui_fig6,925f2ab8975505e255f5c37af74d115be38bc302991267f95f440e5f61ce4472,A,16,3,20,36,3,1,16-QAM,biased_gs,detection_nmse,0.05947272662197408,0.17841817986592223,,3,,,ok,,,20260818,1.503561700881817,10,50
cui_fig6,925f2ab8975505e255f5c37af74d115be38bc302991267f95f440e5f61ce4472,A,16,3,20,36,3,1,16-QAM,em_gs,detection_nmse,0.055014415999817719,0.16504324799945316,,3,,,ok,,,20260818,1.503561700881817,10,50
cui_fig6,925f2ab8975505e255f5c37af74d115be38bc302991267f95f440e5f61ce4472,A,16,3,20,36,3,1,16-QAM,genie_zf,detection_nmse,0.027004664728626577,0.081013994185879734,,3,,,ok,,,20260818,1.503561700881817,10,50
cui_fig6,925f2ab8975505e255f5c37af74d115be38bc302991267f95f440e5f61ce4472,A,16,3,20,36,3,1,16-QAM,cui_crlb,detection_nmse,0.093379078306763189,0.28013723492028958,,3,,,ok,,,20260818,1.503561700881817,10,50
cui_fig6,925f2ab8975505e255f5c37af74d115be38bc302991267f95f440e5f61ce4472,A,16,3,21,36,3,1,16-QAM,biased_gs,detection_nmse,0.17126269646920486,0.51378808940761456,,3,,,ok,,,20260818,1.503561700881817,11.220184543019634,50
cui_fig6,925f2ab8975505e255f5c37af74d115be38bc302991267f95f440e5f61ce4472,A,16,3,21,36,3,1,16-QAM,em_gs,detection_nmse,0.15801518387164057,0.47404555161492173,,3,,,ok,,,20260818,1.503561700881817,11.220184543019634,50
cui_fig6,925f2ab8975505e255f5c37af74d115be38bc302991267f95f440e5f61ce4472,A,16,3,21,36,3,1,16-QAM,genie_zf,detection_nmse,0.036980581520544877,0.11094174456163464,,3,,,ok,,,20260818,1.503561700881817,11.220184543019634,50
cui_fig6,925f2ab8975505e255f5c37af74d115be38bc302991267f95f440e5f61ce4472,A,16,3,21,36,3,1,16-QAM,cui_crlb,detection_nmse,0.086395539774224095,0.25918661932267228,,3,,,ok,,,20260818,1.503561700881817,11.220184543019634,50
cui_fig6,925f2ab8975505e255f5c37af74d115be38bc302991267f95f440e5f61ce4472,A,16,3,22,36,3,1,16-QAM,biased_gs,detection_nmse,0.13533725262317567,0.40601175786952703,,3,,,ok,,,20260818,1.503561700881817,12.589254117941673,50
cui_fig6,925f2ab8975505e255f5c37af74d115be38bc302991267f95f440e5f61ce4472,A,16,3,22,36,3,1,16-QAM,em_gs,detection_nmse,0.15398778495622434,0.46196335486867302,,3,,,ok,,,20260818,1.503561700881817,12.589254117941673,50
cui_fig6,925f2ab8975505e255f5c37af74d115be38bc302991267f95f440e5f61ce4472,A,16,3,22,36,3,1,16-QAM,genie_zf,detection_nmse,0.045388826087335521,0.13616647826200656,,3,,,ok,,,20260818,1.503561700881817,12.589254117941673,50
cui_fig6,925f2ab8975505e255f5c37af74d115be38bc302991267f95f440e5f61ce4472,A,16,3,22,36,3,1,16-QAM,cui_crlb,detection_nmse,0.091535500463205244,0.27460650138961573,,3,,,ok,,,20260818,1.503561700881817,12.589254117941673,50
cui_fig6,925f2ab8975505e255f5c37af74d115be38bc302991267f95f440e5f61ce4472,A,16,3,23,36,3,1,16-QAM,biased_gs,detection_nmse,0.11311376015897205,0.33934128047691614,,3,,,ok,,,20260818,1.503561700881817,14.125375446227538,50
cui_fig6,925f2ab8975505e255f5c37af74d115be38bc302991267f95f440e5f61ce4472,A,16,3,23,36,3,1,16-QAM,em_gs,detection_nmse,0.10482124606571364,0.31446373819714091,,3,,,ok,,,20260818,1.503561700881817,14.125375446227538,50
cui_fig6,925f2ab8975505e255f5c37af74d115be38bc302991267f95f440e5f61ce4472,A,16,3,23,36,3,1,16-QAM,genie_zf,detection_nmse,0.039972721027596254,0.11991816308278877,,3,,,ok,,,20260818,1.503561700881817,14.125375446227538,50
cui_fig6,925f2ab8975505e255f5c37af74d115be38bc302991267f95f440e5f61ce4472,A,16,3,23,36,3,1,16-QAM,cui_crlb,detection_nmse,0.089274330916878974,0.26782299275063692,,3,,,ok,,,20260818,1.503561700881817,14.125375446227538,50
cui_fig6,925f2ab8975505e255f5c37af74d115be38bc302991267f95f440e5f61ce4472,A,16,3,24,36,3,1,16-QAM,biased_gs,detection_nmse,0.20951460619056525,0.62854381857169572,,3,,,ok,,,20260818,1.503561700881817,15.848931924611135,50
cui_fig6,925f2ab8975505e255f5c37af74d115be38bc302991267f95f440e5f61ce4472,A,16,3,24,36,3,1,16-QAM,em_gs,detection_nmse,0.16846790928829122,0.50540372786487364,,3,,,ok,,,20260818,1.503561700881817,15.848931924611135,50
cui_fig6,925f2ab8975505e255f5c37af74d115be38bc302991267f95f440e5f61ce4472,A,16,3,24,36,3,1,16-QAM,genie_zf,detection_nmse,0.035624413131604554,0.10687323939481366,,3,,,ok,,,20260818,1.503561700881817,15.848931924611135,50
cui_fig6,925f2ab8975505e255f5c37af74d115be38bc302991267f95f440e5f61ce4472,A,16,3,24,36,3,1,16-QAM,cui_crlb,detection_nmse,0.090020017547837686,0.27006005264351307,,3,,,ok,,,20260818,1.503561700881817,15.848931924611135,50
cui_fig6,925f2ab8975505e255f5c37af74d115be38bc302991267f95f440e5f61ce4472,A,16,3,25,36,3,1,16-QAM,biased_gs,detection_nmse,0.054015529863533085,0.16204658959059925,,3,,,ok,,,20260818,1.503561700881817,17.782794100389232,50
cui_fig6,925f2ab8975505e255f5c37af74d115be38bc302991267f95f440e5f61ce4472,A,16,3,25,36,3,1,16-QAM,em_gs,detection_nmse,0.051874211910003874,0.15562263573001162,,3,,,ok,,,20260818,1.503561700881817,17.782794100389232,50
cui_fig6,925f2ab8975505e255f5c37af74d115be38bc302991267f95f440e5f61ce4472,A,16,3,25,36,3,1,16-QAM,genie_zf,detection_nmse,0.056556038895812066,0.1696681166874362,,3,,,ok,,,20260818,1.503561700881817,17.782794100389232,50
cui_fig6,925f2ab8975505e255f5c37af74d115be38bc302991267f95f440e5f61ce4472,A,16,3,25,36,3,1,16-QAM,cui_crlb,detection_nmse,0.0924446371878858,0.27733391156365739,,3,,,ok,,,20260818,1.503561700881817,17.782794100389232,50
cui_fig6,925f2ab8975505e255f5c37af74d115be38bc302991267f95f440e5f61ce4472,A,17,3,0,36,3,1,16-QAM,biased_gs,detection_nmse,0.16212240209121953,0.48636720627365859,,3,,,ok,,,20260818,1.503561700881817,1,50
cui_fig6,925f2ab8975505e255f5c37af74d115be38bc302991267f95f440e5f61ce4472,A,17,3,0,36,3,1,16-QAM,em_gs,detection_nmse,0.10093721757041263,0.30281165271123789,,3,,,ok,,,20260818,1.503561700881817,1,50
cui_fig6,925f2ab8975505e255f5c37af74d115be38bc302991267f95f440e5f61ce4472,A,17,3,0,36,3,1,16-QAM,genie_zf,detection_nmse,0.058822891816691397,0.17646867545007419,,3,,,ok,,,20260818,1.503561700881817,1,50
cui_fig6,925f2ab8975505e255f5c37af74d115be38bc302991267f95f440e5f61ce4472,A,17,3,0,36,3,1,16-QAM,cui_crlb,detection_nmse,0.11816031846419145,0.35448095539257435,,3,,,ok,,,20260818,1.503561700881817,1,50
cui_fig6,925f2ab8975505e255f5c37af74d115be38bc302991267f95f440e5f61ce4472,A,17,3,1,36,3,1,16-QAM,biased_gs,detection_nmse,0.42976833191842934,1.289304995755288,,3,,,ok,,,20260818,1.503561700881817,1.1220184543019636,50
cui_fig6,925f2ab8975505e255f5c37af74d115be38bc302991267f95f440e5f61ce4472,A,17,3,1,36,3,1,16-QAM,em_gs,detection_nmse,0.21147327149896697,0.63441981449690088,,3,,,ok,,,20260818,1.503561700881817,1.1220184543019636,50
cui_fig6,925f2ab8975505e255f5c37af74d115be38bc302991267f95f440e5f61ce4472,A,17,3,1,36,3,1,16-QAM,genie_zf,detection_nmse,0.029081254013319558,0.087243762039958678,,3,,,ok,,,20260818,1.503561700881817,1.1220184543019636,50
cui_fig6,925f2ab8975505e255f5c37af74d115be38bc302991267f95f440e5f61ce4472,A,17,3,1,36,3,1,16-QAM,cui_crlb,detection_nmse,0.11951407245817396,0.35854221737452185,,3,,,ok,,,20260818,1.503561700881817,1.1220184543019636,50
cui_fig6,925f2ab8975505e255f5c37af74d115be38bc302991267f95f440e5f61ce4472,A,17,3,2,36,3,1,16-QAM,biased_gs,detection_nmse,0.14986877546371027,0.44960632639113085,,3,,,ok,,,20260818,1.503561700881817,1.2589254117941673,50
cui_fig6,925f2ab8975505e255f5c37af74d115be38bc302991267f95f440e5f61ce4472,A,17,3,2,36,3,1,16-QAM,em_gs,detection_nmse,0.074225754621522921,0.22267726386456876,,3,,,ok,,,20260818,1.503561700881817,1.2589254117941673,50
cui_fig6,925f2ab8975505e255f5c37af74d115be38bc302991267f95f440e5f61ce4472,A,17,3,2,36,3,1,16-QAM,genie_zf,detection_nmse,0.053866209254440502,0.16159862776332151,,3,,,ok,,,20260818,1.503561700881817,1.2589254117941673,50
cui_fig6,925f2ab8975505e255f5c37af74d115be38bc302991267f95f440e5f61ce4472,A,17,3,2,36,3,1,16-QAM,cui_crlb,detection_nmse,0.109767512211333,0.329302536633999,,3,,,ok,,,20260818,1.503561700881817,1.2589254117941673,50
cui_fig6,925f2ab8975505e255f5c37af74d115be38bc302991267f95f440e5f61ce4472,A,17,3,3,36,3,1,16-QAM,biased_gs,detection_nmse,0.12425496816005799,0.37276490448017396,,3,,,ok,,,20260818,1.503561700881817,1.4125375446227542,50
cui_fig6,925f2ab8975505e255f5c37af74d115be38bc302991267f95f440e5f61ce4472,A,17,3,3,36,3,1,16-QAM,em_gs,detection_nmse,0.11322431619316786,0.33967294857950359,,3,,,ok,,,20260818,1.503561700881817,1.4125375446227542,50
cui_fig6,925f2ab8975505e255f5c37af74d115be38bc302991267f95f440e5f61ce4472,A,17,3,3,36,3,1,16-QAM,genie_zf,detection_nmse,0.017298861206462447,0.051896583619387343,,3,,,ok,,,20260818,1.503561700881817,1.4125375446227542,50
cui_fig6,925f2ab8975505e255f5c37af74d115be38bc302991267f95f440e5f61ce4472,A,17,3,3,36,3,1,16-QAM,cui_crlb,detection_nmse,0.1058217257026673,0.31746517710800193,,3,,,ok,,,20260818,1.503561700881817,1.4125375446227542,50
cui_fig6,925f2ab8975505e255f5c37af74d115be38bc302991267f95f440e5f61ce4472,A,17,3,4,36,3,1,16-QAM,biased_gs,detection_nmse,0.24678922813920071,0.74036768441760215,,3,,,ok,,,20260818,1.503561700881817,1.5848931924611136,50
cui_fig6,925f2ab8975505e255f5c37af74d115be38bc302991267f95f440e5f61ce4472,A,17,3,4,36,3,1,16-QAM,em_gs,detection_nmse,0.21099145866909211,0.63297437600727635,,3,,,ok,,,20260818,1.503561700881817,1.5848931924611136,50
cui_fig6,925f2ab8975505e255f5c37af74d115be38bc302991267f95f440e5f61ce4472,A,17,3,4,36,3,1,16-QAM,genie_zf,detection_nmse,0.064434337572079239,0.1933030127162377,,3,,,ok,,,20260818,1.503561700881817,1.5848931924611136,50
cui_fig6,925f2ab8975505e255f5c37af74d115be38bc302991267f95f440e5f61ce4472,A,17,3,4,36,3,1,16-QAM,cui_crlb,detection_nmse,0.10229124736390564,0.30687374209171692,,3,,,ok,,,20260818,1.503561700881817,1.5848931924611136,50
cui_fig6,925f2ab8975505e255f5c37af74d115be38bc302991267f95f440e5f61ce4472,A,17,3,5,36,3,1,16-QAM,biased_gs,detection_nmse,0.30993080214940355,0.92979240644821071,,3,,,ok,,,20260818,1.503561700881817,1.778279410038923,50
cui_fig6,925f2ab8975505e255f5c37af74d115be38bc302991267f95f440e5f61ce4472,A,17,3,5,36,3,1,16-QAM,em_gs,detection_nmse,0.16516537511911053,0.49549612535733156,,3,,,ok,,,20260818,1.503561700881817,1.778279410038923,50
cui_fig6,925f2ab8975505e255f5c37af74d115be38bc302991267f95f440e5f61ce4472,A,17,3,5,36,3,1,16-QAM,genie_zf,detection_nmse,0.035141194559058418,0.10542358367717525,,3,,,ok,,,20260818,1.503561700881817,1.778279410038923,50
cui_fig6,925f2ab8975505e255f5c37af74d115be38bc302991267f95f440e5f61ce4472,A,17,3,5,36,3,1,16-QAM,cui_crlb,detection_nmse,0.11532740918778907,0.34598222756336722,,3,,,ok,,,20260818,1.503561700881817,1.778279410038923,50
cui_fig6,925f2ab8975505e255f5c37af74d115be38bc302991267f95f440e5f61ce4472,A,17,3,6,36,3,1,16-QAM,biased_gs,detection_nmse,0.065714820383528147,0.19714446115058443,,3,,,ok,,,20260818,1.503561700881817,1.9952623149688795,50
cui_fig6,925f2ab8975505e255f5c37af74d115be38bc302991267f95f440e5f61ce4472,A,17,3,6,36,3,1,16-QAM,em_gs,detection_nmse,0.053889117670538868,0.16166735301161661,,3,,,ok,,,20260818,1.503561700881817,1.9952623149688795,50
cui_fig6,925f2ab8975505e255f5c37af74d115be38bc302991267f95f440e5f61ce4472,A,17,3,6,36,3,1,16-QAM,genie_zf,detection_nmse,0.02524112116615294,0.075723363498458818,,3,,,ok,,,20260818,1.503561700881817,1.9952623149688795,50
cui_fig6,925f2ab8975505e255f5c37af74d115be38bc302991267f95f440e5f61ce4472,A,17,3,6,36,3,1,16-QAM,cui_crlb,detection_nmse,0.10293037204857618,0.30879111614572852,,3,,,ok,,,20260818,1.503561700881817,1.9952623149688795,50
cui_fig6,925f2ab8975505e255f5c37af74d115be38bc302991267f95f440e5f61ce4472,A,17,3,7,36,3,1,16-QAM,biased_gs,detection_nmse,0.03970105204430479,0.11910315613291436,,3,,,ok,,,20260818,1.503561700881817,2.2387211385683394,50
cui_fig6,925f2ab8975505e255f5c37af74d115be38bc302991267f95f440e5f61ce4472,A,17,3,7,36,3,1,16-QAM,em_gs,detection_nmse,0.080069211168570409,0.24020763350571123,,3,,,ok,,,20260818,1.503561700881817,2.2387211385683394,50
cui_fig6,925f2ab8975505e255f5c37af74d115be38bc302991267f95f440e5f61ce4472,A,17,3,7,36,3,1,16-QAM,genie_zf,detection_nmse,0.043158142489230715,0.12947442746769214,,3,,,ok,,,20260818,1.503561700881817,2.2387211385683394,50
cui_fig6,925f2ab8975505e255f5c37af74d115be38bc302991267f95f440e5f61ce4472,A,17,3,7,36,3,1,16-QAM,cui_crlb,detection_nmse,0.10449892804130485,0.31349678412391457,,3,,,ok,,,20260818,1.503561700881817,2.2387211385683394,50
cui_fig6,925f2ab8975505e255f5c37af74d115be38bc302991267f95f440e5f61ce4472,A,17,3,8,36,3,1,16-QAM,biased_gs,detection_nmse,0.13870310071446323,0.4161093021433897,,3,,,ok,,,20260818,1.503561700881817,2.5118864315095806,50
cui_fig6,925f2ab8975505e255f5c37af74d115be38bc302991267f95f440e5f61ce4472,A,17,3,8,36,3,1,16-QAM,em_gs,detection_nmse,0.16710561119754208,0.50131683359262624,,3,,,ok,,,20260818,1.503561700881817,2.5118864315095806,50
cui_fig6,925f2ab8975505e255f5c37af74d115be38bc302991267f95f440e5f61ce4472,A,17,3,8,36,3,1,16-QAM,genie_zf,detection_nmse,0.026645362351622185,0.079936087054866559,,3,,,ok,,,20260818,1.503561700881817,2.5118864315095806,50
cui_fig6,925f2ab8975505e255f5c37af74d115be38bc302991267f95f440e5f61ce4472,A,17,3,8,36,3,1,16-QAM,cui_crlb,detection_nmse,0.10376132506367379,0.31128397519102136,,3,,,ok,,,20260818,1.503561700881817,2.5118864315095806,50
cui_fig6,925f2ab8975505e255f5c37af74d115be38bc302991267f95f440e5f61ce4472,A,17,3,9,36,3,1,16-QAM,biased_gs,detection_nmse,0.056377419176363464,0.16913225752909039,,3,,,ok,,,20260818,1.503561700881817,2.8183829312644542,50
cui_fig6,925f2ab8975505e255f5c37af74d115be38bc302991267f95f440e5f61ce4472,A,17,3,9,36,3,1,16-QAM,em_gs,detection_nmse,0.062082249378151072,0.18624674813445322,,3,,,ok,,,20260818,1.503561700881817,2.8183829312644542,50
cui_fig6,925f2ab8975505e255f5c37af74d115be38bc302991267f95f440e5f61ce4472,A,17,3,9,36,3,1,16-QAM,genie_zf,detection_nmse,0.061839335363510911,0.18551800609053273,,3,,,ok,,,20260818,1.503561700881817,2.8183829312644542,50
cui_fig6,925f2ab8975505e255f5c37af74d115be38bc302991267f95f440e5f61ce4472,A,17,3,9,36,3,1,16-QAM,cui_crlb,detection_nmse,0.094551446327590397,0.2836543389827712,,3,,,ok,,,20260818,1.503561700881817,2.8183829312644542,50
cui_fig6,925f2ab8975505e255f5c37af74d115be38bc302991267f95f440e5f61ce4472,A,17,3,10,36,3,1,16-QAM,biased_gs,detection_nmse,0.078981789366764713,0.23694536810029415,,3,,,ok,,,20260818,1.503561700881817,3.16227766016838,50
cui_fig6,925f2ab8975505e255f5c37af74d115be38bc302991267f95f440e5f61ce4472,A,17,3,10,36,3,1,16-QAM,em_gs,detection_nmse,0.092815008236721799,0.27844502471016541,,3,,,ok,,,20260818,1.503561700881817,3.16227766016838,50
cui_fig6,925f2ab8975505e255f5c37af74d115be38bc302991267f95f440e5f61ce4472,A,17,3,10,36,3,1,16-QAM,genie_zf,detection_nmse,0.018612450579049544,0.055837351737148634,,3,,,ok,,,20260818,1.503561700881817,3.16227766016838,50
cui_fig6,925f2ab8975505e255f5c37af74d115be38bc302991267f95f440e5f61ce4472,A,17,3,10,36,3,1,16-QAM,cui_crlb,detection_nmse,0.10127288105434314,0.30381864316302942,,3,,,ok,,,20260818,1.503561700881817,3.16227766016838,50
cui_fig6,925f2ab8975505e255f5c37af74d115be38bc302991267f95f440e5f61ce4472,A,17,3,11,36,3,1,16-QAM,biased_gs,detection_nmse,0.42148123244340169,1.2644436973302051,,3,,,ok,,,20260818,1.503561700881817,3.548133892335755,50
cui_fig6,925f2ab8975505e255f5c37af74d115be38bc302991267f95f440e5f61ce4472,A,17,3,11,36,3,1,16-QAM,em_gs,detection_nmse,0.2487302507715782,0.74619075231473464,,3,,,ok,,,20260818,1.503561700881817,3.548133892335755,50
cui_fig6,925f2ab8975505e255f5c37af74d115be38bc302991267f95f440e5f61ce4472,A,17,3,11,36,3,1,16-QAM,genie_zf,detection_nmse,0.03873394611828062,0.11620183835484185,,3,,,ok,,,20260818,1.503561700881817,3.548133892335755,50
cui_fig6,925f2ab8975505e255f5c37af74d115be38bc302991267f95f440e5f61ce4472,A,17,3,11,36,3,1,16-QAM,cui_crlb,detection_nmse,0.097377631336579354,0.29213289400973808,,3,,,ok,,,20260818,1.503561700881817,3.548133892335755,50
cui_fig6,925f2ab8975505e255f5c37af74d115be38bc302991267f95f440e5f61ce4472,A,17,3,12,36,3,1,16-QAM,biased_gs,detection_nmse,0.13433149941269854,0.40299449823809563,,3,,,ok,,,20260818,1.503561700881817,3.9810717055349727,50
cui_fig6,925f2ab8975505e255f5c37af74d115be38bc302991267f95f440e5f61ce4472,A,17,3,12,36,3,1,16-QAM,em_gs,detection_nmse,0.1180556078415947,0.35416682352478412,,3,,,ok,,,20260818,1.503561700881817,3.9810717055349727,50
cui_fig6,925f2ab8975505e255f5c37af74d115be38bc302991267f95f440e5f61ce4472,A,17,3,12,36,3,1,16-QAM,genie_zf,detection_nmse,0.070086726574856151,0.21026017972456845,,3,,,ok,,,20260818,1.503561700881817,3.9810717055349727,50
cui_fig6,925f2ab8975505e255f5c37af74d115be38bc302991267f95f440e5f61ce4472,A,17,3,12,36,3,1,16-QAM,cui_crlb,detection_nmse,0.095586595548450726,0.28675978664535218,,3,,,ok,,,20260818,1.503561700881817,3.9810717055349727,50
cui_fig6,925f2ab8975505e255f5c37af74d115be38bc302991267f95f440e5f61ce4472,A,17,3,13,36,3,1,16-QAM,biased_gs,detection_nmse,0.22140412201080209,0.6642123660324063,,3,,,ok,,,20260818,1.503561700881817,4.4668359215096309,50
cui_fig6,925f2ab8975505e255f5c37af74d115be38bc302991267f95f440e5f61ce4472,A,17,3,13,36,3,1,16-QAM,em_gs,detection_nmse,0.20222085112262952,0.60666255336788855,,3,,,ok,,,20260818,1.503561700881817,4.4668359215096309,50
cui_fig6,925f2ab8975505e255f5c37af74d115be38bc302991267f95f440e5f61ce4472,A,17,3,13,36,3,1,16-QAM,genie_zf,detection_nmse,0.069628706744894867,0.20888612023468461,,3,,,ok,,,20260818,1.503561700881817,4.4668359215096309,50
cui_fig6,925f2ab8975505e255f5c37af74d115be38bc302991267f95f440e5f61ce4472,A,17,3,13,36,3,1,16-QAM,cui_crlb,detection_nmse,0.091454280681787389,0.27436284204536215,,3,,,ok,,,20260818,1.503561700881817,4.4668359215096309,50
cui_fig6,925f2ab8975505e255f5c37af74d115be38bc302991267f95f440e5f61ce4472,A,17,3,14,36,3,1,16-QAM,biased_gs,detection_nmse,0.12573802953833366,0.377214088615001,,3,,,ok,,,20260818,1.503561700881817,5.0118723362727211,50
cui_fig6,925f2ab8975505e255f5c37af74d115be38bc302991267f95f440e5f61ce4472,A,17,3,14,36,3,1,16-QAM,em_gs,detection_nmse,0.12879020333062735,0.38637060999188205,,3,,,ok,,,20260818,1.503561700881817,5.0118723362727211,50
cui_fig6,925f2ab8975505e255f5c37af74d115be38bc302991267f95f440e5f61ce4472,A,17,3,14,36,3,1,16-QAM,genie_zf,detection_nmse,0.069847560705472628,0.20954268211641788,,3,,,ok,,,20260818,1.503561700881817,5.0118723362727211,50
cui_fig6,925f2ab8975505e255f5c37af74d115be38bc302991267f95f440e5f61ce4472,A,17,3,14,36,3,1,16-QAM,cui_crlb,detection_nmse,0.091212202371163134,0.27363660711348942,,3,,,ok,,,20260818,1.503561700881817,5.0118723362727211,50
cui_fig6,925f2ab8975505e255f5c37af74d115be38bc302991267f95f440e5f61ce4472,A,17,3,15,36,3,1,16-QAM,biased_gs,detection_nmse,0.058759060036021653,0.17627718010806495,,3,,,ok,,,20260818,1.503561700881817,5.6234132519034912,50
cui_fig6,925f2ab8975505e255f5c37af74d115be38bc302991267f95f440e5f61ce4472,A,17,3,15,36,3,1,16-QAM,em_gs,detection_nmse,0.041781339458167997,0.12534401837450398,,3,,,ok,,,20260818,1.503561700881817,5.6234132519034912,50
cui_fig6,925f2ab8975505e255f5c37af74d115be38bc302991267f95f440e5f61ce4472,A,17,3,15,36,3,1,16-QAM,genie_zf,detection_nmse,0.0069569424285103694,0.020870827285531107,,3,,,ok,,,20260818,1.503561700881817,5.6234132519034912,50
cui_fig6,925f2ab8975505e255f5c37af74d115be38bc302991267f95f440e5f61ce4472,A,17,3,15,36,3,1,16-QAM,cui_crlb,detection_nmse,0.091755600374895163,0.27526680112468549,,3,,,ok,,,20260818,1.503561700881817,5.6234132519034912,50
cui_fig6,925f2ab8975505e255f5c37af74d115be38bc302991267f95f440e5f61ce4472,A,17,3,16,36,3,1,16-QAM,biased_gs,detection_nmse,0.12091523941248987,0.36274571823746959,,3,,,ok,,,20260818,1.503561700881817,6.3095734448019343,50
cui_fig6,925f2ab8975505e255f5c37af74d115be38bc302991267f95f440e5f61ce4472,A,17,3,16,36,3,1,16-QAM,em_gs,detection_nmse,0.096391809933407235,0.28917542980022171,,3,,,ok,,,20260818,1.503561700881817,6.3095734448019343,50
cui_fig6,925f2ab8975505e255f5c37af74d115be38bc302991267f95f440e5f61ce4472,A,17,3,16,36,3,1,16-QAM,genie_zf,detection_nmse,0.030088120574344773,0.090264361723034314,,3,,,ok,,,20260818,1.503561700881817,6.3095734448019343,50
cui_fig6,925f2ab8975505e255f5c37af74d115be38bc302991267f95f440e5f61ce4472,A,17,3,16,36,3,1,16-QAM,cui_crlb,detection_nmse,0.095039431707435854,0.28511829512230757,,3,,,ok,,,20260818,1.503561700881817,6.3095734448019343,50
cui_fig6,925f2ab8975505e255f5c37af74d115be38bc302991267f95f440e5f61ce4472,A,17,3,17,36,3,1,16-QAM,biased_gs,detection_nmse,0.084580981553832521,0.25374294466149755,,3,,,ok,,,20260818,1.503561700881817,7.0794578438413787,50
cui_fig6,925f2ab8975505e255f5c37af74d115be38bc302991267f95f440e5f61ce4472,A,17,3,17,36,3,1,16-QAM,em_gs,detection_nmse,0.07825998478116454,0.23477995434349364,,3,,,ok,,,20260818,1.503561700881817,7.0794578438413787,50
cui_fig6,925f2ab8975505e255f5c37af74d115be38bc302991267f95f440e5f61ce4472,A,17,3,17,36,3,1,16-QAM,genie_zf,detection_nmse,0.065393053642475482,0.19617916092742643,,3,,,ok,,,20260818,1.503561700881817,7.0794578438413787,50
cui_fig6,925f2ab8975505e255f5c37af74d115be38bc302991267f95f440e5f61ce4472,A,17,3,17,36,3,1,16-QAM,cui_crlb,detection_nmse,0.092551772724535894,0.27765531817360767,,3,,,ok,,,20260818,1.503561700881817,7.0794578438413787,50
cui_fig6,925f2ab8975505e255f5c37af74d115be38bc302991267f95f440e5f61ce4472,A,17,3,18,36,3,1,16-QAM,biased_gs,detection_nmse,0.1443461992181482,0.43303859765444463,,3,,,ok,,,20260818,1.503561700881817,7.9432823472428149,50
cui_fig6,925f2ab8975505e255f5c37af74d115be38bc302991267f95f440e5f61ce4472,A,17,3,18,36,3,1,16-QAM,em_gs,detection_nmse,0.14766910133908187,0.44300730401724564,,3,,,ok,,,20260818,1.503561700881817,7.9432823472428149,50
cui_fig6,925f2ab8975505e255f5c37af74d115be38bc302991267f95f440e5f61ce4472,A,17,3,18,36,3,1,16-QAM,genie_zf,detection_nmse,0.052778088522948248,0.15833426556884475,,3,,,ok,,,20260818,1.503561700881817,7.9432823472428149,50
cui_fig6,925f2ab8975505e255f5c37af74d115be38bc302991267f95f440e5f61ce4472,A,17,3,18,36,3,1,16-QAM,cui_crlb,detection_nmse,0.089912454705414604,0.26973736411624383,,3,,,ok,,,20260818,1.503561700881817,7.9432823472428149,50
cui_fig6,925f2ab8975505e255f5c37af74d115be38bc302991267f95f440e5f61ce4472,A,17,3,19,36,3,1,16-QAM,biased_gs,detection_nmse,0.022863831723904108,0.068591495171712327,,3,,,ok,,,20260818,1.503561700881817,8.9125093813374558,50
cui_fig6,925f2ab8975505e255f5c37af74d115be38bc302991267f95f440e5f61ce4472,A,17,3,19,36,3,1,16-QAM,em_gs,detection_nmse,0.021519710840891031,0.064559132522673091,,3,,,ok,,,20260818,1.503561700881817,8.9125093813374558,50
cui_fig6,925f2ab8975505e255f5c37af74d115be38bc302991267f95f440e5f61ce4472,A,17,3,19,36,3,1,16-QAM,genie_zf,detection_nmse,0.027274248710527749,0.081822746131583246,,3,,,ok,,,20260818,1.503561700881817,8.9125093813374558,50
cui_fig6,925f2ab8975505e255f5c37af74d115be38bc302991267f95f440e5f61ce4472,A,17,3,19,36,3,1,16-QAM,cui_crlb,detection_nmse,0.089537157976026252,0.26861147392807877,,3,,,ok,,,20260818,1.503561700881817,8.9125093813374558,50
cui_fig6,925f2ab8975505e255f5c37af74d115be38bc302991267f95f440e5f61ce4472,A,17,3,20,36,3,1,16-QAM,biased_gs,detection_nmse,0.039861106619487309,0.11958331985846193,,3,,,ok,,,20260818,1.503561700881817,9.9999999999999982,50
cui_fig6,925f2ab8975505e255f5c37af74d115be38bc302991267f95f440e5f61ce4472,A,17,3,20,36,3,1,16-QAM,em_gs,detection_nmse,0.057604410886856659,0.17281323266056997,,3,,,ok,,,20260818,1.503561700881817,9.9999999999999982,50
cui_fig6,925f2ab8975505e255f5c37af74d115be38bc302991267f95f440e5f61ce4472,A,17,3,20,36,3,1,16-QAM,genie_zf,detection_nmse,0.029086059121450819,0.087258177364352457,,3,,,ok,,,20260818,1.503561700881817,9.9999999999999982,50
cui_fig6,925f2ab8975505e255f5c37af74d115be38bc302991267f95f440e5f61ce4472,A,17,3,20,36,3,1,16-QAM,cui_crlb,detection_nmse,0.091002255342930063,0.2730067660287902,,3,,,ok,,,20260818,1.503561700881817,9.9999999999999982,50
cui_fig6,925f2ab8975505e255f5c37af74d115be38bc302991267f95f440e5f61ce4472,A,17,3,21,36,3,1,16-QAM,biased_gs,detection_nmse,0.3897349921775784,1.1692049765327353,,3,,,ok,,,20260818,1.503561700881817,11.220184543019636,50
cui_fig6,925f2ab8975505e255f5c37af74d115be38bc302991267f95f440e5f61ce4472,A,17,3,21,36,3,1,16-QAM,em_gs,detection_nmse,0.40237239893306781,1.2071171967992034,,3,,,ok,,,20260818,1.503561700881817,11.220184543019636,50
cui_fig6,925f2ab8975505e255f5c37af74d115be38bc302991267f95f440e5f61ce4472,A,17,3,21,36,3,1,16-QAM,genie_zf,detection_nmse,0.070914134872261336,0.21274240461678401,,3,,,ok,,,20260818,1.503561700881817,11.220184543019636,50
cui_fig6,925f2ab8975505e255f5c37af74d115be38bc302991267f95f440e5f61ce4472,A,17,3,21,36,3,1,16-QAM,cui_crlb,detection_nmse,0.090195526402373452,0.27058657920712037,,3,,,ok,,,20260818,1.503561700881817,11.220184543019636,50
cui_fig6,925f2ab8975505e255f5c37af74d115be38bc302991267f95f440e5f61ce4472,A,17,3,22,36,3,1,16-QAM,biased_gs,detection_nmse,0.073907513857893889,0.22172254157368165,,3,,,ok,,,20260818,1.503561700881817,12.589254117941675,50
cui_fig6,925f2ab8975505e255f5c37af74d115be38bc302991267f95f440e5f61ce4472,A,17,3,22,36,3,1,16-QAM,em_gs,detection_nmse,0.068721882500810461,0.20616564750243138,,3,,,ok,,,20260818,1.503561700881817,12.589254117941675,50
cui_fig6,925f2ab8975505e255f5c37af74d115be38bc302991267f95f440e5f61ce4472,A,17,3,22,36,3,1,16-QAM,genie_zf,detection_nmse,0.021759926622032664,0.065279779866097995,,3,,,ok,,,20260818,1.503561700881817,12.589254117941675,50
cui_fig6,925f2ab8975505e255f5c37af74d115be38bc302991267f95f440e5f61ce4472,A,17,3,22,36,3,1,16-QAM,cui_crlb,detection_nmse,0.08873398749800647,0.2662019624940194,,3,,,ok,,,20260818,1.503561700881817,12.589254117941675,50
cui_fig6,925f2ab8975505e255f5c37af74d115be38bc302991267f95f440e5f61ce4472,A,17,3,23,36,3,1,16-QAM,biased_gs,detection_nmse,0.023899806959392377,0.071699420878177128,,3,,,ok,,,20260818,1.503561700881817,14.12537544622754,50
cui_fig6,925f2ab8975505e255f5c37af74d115be38bc302991267f95f440e5f61ce4472,A,17,3,23,36,3,1,16-QAM,em_gs,detection_nmse,0.017493956580505544,0.052481869741516633,,3,,,ok,,,20260818,1.503561700881817,14.12537544622754,50
cui_fig6,925f2ab8975505e255f5c37af74d115be38bc302991267f95f440e5f61ce4472,A,17,3,23,36,3,1,16-QAM,genie_zf,detection_nmse,0.01237349353763896,0.037120480612916881,,3,,,ok,,,20260818,1.503561700881817,14.12537544622754,50
cui_fig6,925f2ab8975505e255f5c37af74d115be38bc302991267f95f440e5f61ce4472,A,17,3,23,36,3,1,16-QAM,cui_crlb,detection_nmse,0.09466276978871406,0.28398830936614217,,3,,,ok,,,20260818,1.503561700881817,14.12537544622754,50
cui_fig6,925f2ab8975505e255f5c37af74d115be38bc302991267f95f440e5f61ce4472,A,17,3,24,36,3,1,16-QAM,biased_gs,detection_nmse,0.031786893985770025,0.095360681957310067,,3,,,ok,,,20260818,1.503561700881817,15.848931924611133,50
cui_fig6,925f2ab8975505e255f5c37af74d115be38bc302991267f95f440e5f61ce4472,A,17,3,24,36,3,1,16-QAM,em_gs,detection_nmse,0.019514220192746807,0.058542660578240424,,3,,,ok,,,20260818,1.503561700881817,15.848931924611133,50
cui_fig6,925f2ab8975505e255f5c37af74d115be38bc302991267f95f440e5f61ce4472,A,17,3,24,36,3,1,16-QAM,genie_zf,detection_nmse,0.013361039510380238,0.040083118531140716,,3,,,ok,,,20260818,1.503561700881817,15.848931924611133,50
cui_fig6,925f2ab8975505e255f5c37af74d115be38bc302991267f95f440e5f61ce4472,A,17,3,24,36,3,1,16-QAM,cui_crlb,detection_nmse,0.087675346443907662,0.26302603933172297,,3,,,ok,,,20260818,1.503561700881817,15.848931924611133,50
cui_fig6,925f2ab8975505e255f5c37af74d115be38bc302991267f95f440e5f61ce4472,A,17,3,25,36,3,1,16-QAM,biased_gs,detection_nmse,0.073546022112416495,0.22063806633724947,,3,,,ok,,,20260818,1.503561700881817,17.782794100389228,50
cui_fig6,925f2ab8975505e255f5c37af74d115be38bc302991267f95f440e5f61ce4472,A,17,3,25,36,3,1,16-QAM,em_gs,detection_nmse,0.063507761698871373,0.19052328509661412,,3,,,ok,,,20260818,1.503561700881817,17.782794100389228,50
cui_fig6,925f2ab8975505e255f5c37af74d115be38bc302991267f95f440e5f61ce4472,A,17,3,25,36,3,1,16-QAM,genie_zf,detection_nmse,0.0059824968717853534,0.017947490615356061,,3,,,ok,,,20260818,1.503561700881817,17.782794100389228,50
cui_fig6,925f2ab8975505e255f5c37af74d115be38bc302991267f95f440e5f61ce4472,A,17,3,25,36,3,1,16-QAM,cui_crlb,detection_nmse,0.087599468965179797,0.2627984068955394,,3,,,ok,,,20260818,1.503561700881817,17.782794100389228,50
cui_fig6,925f2ab8975505e255f5c37af74d115be38bc302991267f95f440e5f61ce4472,A,18,3,0,36,3,1,16-QAM,biased_gs,detection_nmse,0.2836856372473881,0.85105691174216436,,3,,,ok,,,20260818,1.503561700881817,1,50
cui_fig6,925f2ab8975505e255f5c37af74d115be38bc302991267f95f440e5f61ce4472,A,18,3,0,36,3,1,16-QAM,em_gs,detection_nmse,0.34922194870343265,1.0476658461102979,,3,,,ok,,,20260818,1.503561700881817,1,50
cui_fig6,925f2ab8975505e255f5c37af74d115be38bc302991267f95f440e5f61ce4472,A,18,3,0,36,3,1,16-QAM,genie_zf,detection_nmse,0.034327127193526846,0.10298138158058054,,3,,,ok,,,20260818,1.503561700881817,1,50
cui_fig6,925f2ab8975505e255f5c37af74d115be38bc302991267f95f440e5f61ce4472,A,18,3,0,36,3,1,16-QAM,cui_crlb,detection_nmse,0.10123793235812646,0.3037137970743794,,3,,,ok,,,20260818,1.503561700881817,1,50
cui_fig6,925f2ab8975505e255f5c37af74d115be38bc302991267f95f440e5f61ce4472,A,18,3,1,36,3,1,16-QAM,biased_gs,detection_nmse,0.089579224388967635,0.26873767316690289,,3,,,ok,,,20260818,1.503561700881817,1.1220184543019636,50
cui_fig6,925f2ab8975505e255f5c37af74d115be38bc302991267f95f440e5f61ce4472,A,18,3,1,36,3,1,16-QAM,em_gs,detection_nmse,0.051588845128646608,0.15476653538593982,,3,,,ok,,,20260818,1.503561700881817,1.1220184543019636,50
cui_fig6,925f2ab8975505e255f5c37af74d115be38bc302991267f95f440e5f61ce4472,A,18,3,1,36,3,1,16-QAM,genie_zf,detection_nmse,0.074913143458860201,0.22473943037658059,,3,,,ok,,,20260818,1.503561700881817,1.1220184543019636,50
cui_fig6,925f2ab8975505e255f5c37af74d115be38bc302991267f95f440e5f61ce4472,A,18,3,1,36,3,1,16-QAM,cui_crlb,detection_nmse,0.11891687643770253,0.35675062931310758,,3,,,ok,,,20260818,1.503561700881817,1.1220184543019636,50
cui_fig6,925f2ab8975505e255f5c37af74d115be38bc302991267f95f440e5f61ce4472,A,18,3,2,36,3,1,16-QAM,biased_gs,detection_nmse,0.060815271506519102,0.1824458145195573,,3,,,ok,,,20260818,1.503561700881817,1.2589254117941673,50
cui_fig6,925f2ab8975505e255f5c37af74d115be38bc302991267f95f440e5f61ce4472,A,18,3,2,36,3,1,16-QAM,em_gs,detection_nmse,0.030850697526480564,0.092552092579441692,,3,,,ok,,,20260818,1.503561700881817,1.2589254117941673,50
cui_fig6,925f2ab8975505e255f5c37af74d115be38bc302991267f95f440e5f61ce4472,A,18,3,2,36,3,1,16-QAM,genie_zf,detection_nmse,0.017605916607540937,0.052817749822622807,,3,,,ok,,,20260818,1.503561700881817,1.2589254117941673,50
cui_fig6,925f2ab8975505e255f5c37af74d115be38bc302991267f95f440e5f61ce4472,A,18,3,2,36,3,1,16-QAM,cui_crlb,detection_nmse,0.11124775400314879,0.33374326200944637,,3,,,ok,,,20260818,1.503561700881817,1.2589254117941673,50
cui_fig6,925f2ab8975505e255f5c37af74d115be38bc302991267f95f440e5f61ce4472,A,18,3,3,36,3,1,16-QAM,biased_gs,detection_nmse,0.23172979253180889,0.69518937759542665,,3,,,ok,,,20260818,1.503561700881817,1.4125375446227542,50
cui_fig6,925f2ab8975505e255f5c37af74d115be38bc302991267f95f440e5f61ce4472,A,18,3,3,36,3,1,16-QAM,em_gs,detection_nmse,0.16585489946996693,0.49756469840990075,,3,,,ok,,,20260818,1.503561700881817,1.4125375446227542,50
cui_fig6,925f2ab8975505e255f5c37af74d115be38bc302991267f95f440e5f61ce4472,A,18,3,3,36,3,1,16-QAM,genie_zf,detection_nmse,0.05589714681614294,0.16769144044842882,,3,,,ok,,,20260818,1.503561700881817,1.4125375446227542,50
cui_fig6,925f2ab8975505e255f5c37af74d115be38bc302991267f95f440e5f61ce4472,A,18,3,3,36,3,1,16-QAM,cui_crlb,detection_nmse,0.10365659868301935,0.31096979604905806,,3,,,ok,,,20260818,1.503561700881817,1.4125375446227542,50
cui_fig6,925f2ab8975505e255f5c37af74d115be38bc302991267f95f440e5f61ce4472,A,18,3,4,36,3,1,16-QAM,biased_gs,detection_nmse,0.22081586406310816,0.66244759218932447,,3,,,ok,,,20260818,1.503561700881817,1.5848931924611136,50
cui_fig6,925f2ab8975505e255f5c37af74d115be38bc302991267f95f440e5f61ce4472,A,18,3,4,36,3,1,16-QAM,em_gs,detection_nmse,0.13049099112466686,0.39147297337400055,,3,,,ok,,,20260818,1.503561700881817,1.5848931924611136,50
cui_fig6,925f2ab8975505e255f5c37af74d115be38bc302991267f95f440e5f61ce4472,A,18,3,4,36,3,1,16-QAM,genie_zf,detection_nmse,0.030618443517381799,0.091855330552145398,,3,,,ok,,,20260818,1.503561700881817,1.5848931924611136,50
cui_fig6,925f2ab8975505e255f5c37af74d115be38bc302991267f95f440e5f61ce4472,A,18,3,4,36,3,1,16-QAM,cui_crlb,detection_nmse,0.10418156992240213,0.31254470976720639,,3,,,ok,,,20260818,1.503561700881817,1.5848931924611136,50
cui_fig6,925f2ab8975505e255f5c37af74d115be38bc302991267f95f440e5f61ce4472,A,18,3,5,36,3,1,16-QAM,biased_gs,detection_nmse,0.13945321253513573,0.41835963760540718,,3,,,ok,,,20260818,1.503561700881817,1.7782794100389228,50
cui_fig6,925f2ab8975505e255f5c37af74d115be38bc302991267f95f440e5f61ce4472,A,18,3,5,36,3,1,16-QAM,em_gs,detection_nmse,0.077412316304089679,0.23223694891226904,,3,,,ok,,,20260818,1.503561700881817,1.7782794100389228,50
cui_fig6,925f2ab8975505e255f5c37af74d115be38bc302991267f95f440e5f61ce4472,A,18,3,5,36,3,1,16-QAM,genie_zf,detection_nmse,0.048871073719653685,0.14661322115896105,,3,,,ok,,,20260818,1.503561700881817,1.7782794100389228,50
cui_fig6,925f2ab8975505e255f5c37af74d115be38bc302991267f95f440e5f61ce4472,A,18,3,5,36,3,1,16-QAM,cui_crlb,detection_nmse,0.11075306639832372,0.33225919919497116,,3,,,ok,,,20260818,1.503561700881817,1.7782794100389228,50
cui_fig6,925f2ab8975505e255f5c37af74d115be38bc302991267f95f440e5f61ce4472,A,18,3,6,36,3,1,16-QAM,biased_gs,detection_nmse,0.25844982425842528,0.77534947277527588,,3,,,ok,,,20260818,1.503561700881817,1.9952623149688797,50
cui_fig6,925f2ab8975505e255f5c37af74d115be38bc302991267f95f440e5f61ce4472,A,18,3,6,36,3,1,16-QAM,em_gs,detection_nmse,0.19670096296305725,0.59010288888917173,,3,,,ok,,,20260818,1.503561700881817,1.9952623149688797,50
cui_fig6,925f2ab8975505e255f5c37af74d115be38bc302991267f95f440e5f61ce4472,A,18,3,6,36,3,1,16-QAM,genie_zf,detection_nmse,0.019370130998601857,0.058110392995805574,,3,,,ok,,,20260818,1.503561700881817,1.9952623149688797,50
cui_fig6,925f2ab8975505e255f5c37af74d115be38bc302991267f95f440e5f61ce4472,A,18,3,6,36,3,1,16-QAM,cui_crlb,detection_nmse,0.098216989310203132,0.29465096793060941,,3,,,ok,,,20260818,1.503561700881817,1.9952623149688797,50
cui_fig6,925f2ab8975505e255f5c37af74d115be38bc302991267f95f440e5f61ce4472,A,18,3,7,36,3,1,16-QAM,biased_gs,detection_nmse,0.56684979232879751,1.7005493769863924,,3,,,ok,,,20260818,1.503561700881817,2.2387211385683394,50
cui_fig6,925f2ab8975505e255f5c37af74d115be38bc302991267f95f440e5f61ce4472,A,18,3,7,36,3,1,16-QAM,em_gs,detection_nmse,0.49207890058138837,1.4762367017441651,,3,,,ok,,,20260818,1.503561700881817,2.2387211385683394,50
cui_fig6,925f2ab8975505e255f5c37af74d115be38bc302991267f95f440e5f61ce4472,A,18,3,7,36,3,1,16-QAM,genie_zf,detection_nmse,0.024792468118873163,0.074377404356619492,,3,,,ok,,,20260818,1.503561700881817,2.2387211385683394,50
cui_fig6,925f2ab8975505e255f5c37af74d115be38bc302991267f95f440e5f61ce4472,A,18,3,7,36,3,1,16-QAM,cui_crlb,detection_nmse,0.10187756558769771,0.30563269676309313,,3,,,ok,,,20260818,1.503561700881817,2.2387211385683394,50
cui_fig6,925f2ab8975505e255f5c37af74d115be38bc302991267f95f440e5f61ce4472,A,18,3,8,36,3,1,16-QAM,biased_gs,detection_nmse,0.57415953263360953,1.7224785979008286,,3,,,ok,,,20260818,1.503561700881817,2.5118864315095801,50
cui_fig6,925f2ab8975505e255f5c37af74d115be38bc302991267f95f440e5f61ce4472,A,18,3,8,36,3,1,16-QAM,em_gs,detection_nmse,0.49503725026297413,1.4851117507889224,,3,,,ok,,,20260818,1.503561700881817,2.5118864315095801,50
cui_fig6,925f2ab8975505e255f5c37af74d115be38bc302991267f95f440e5f61ce4472,A,18,3,8,36,3,1,16-QAM,genie_zf,detection_nmse,0.12160542487697368,0.36481627463092103,,3,,,ok,,,20260818,1.503561700881817,2.5118864315095801,50
cui_fig6,925f2ab8975505e255f5c37af74d115be38bc302991267f95f440e5f61ce4472,A,18,3,8,36,3,1,16-QAM,cui_crlb,detection_nmse,0.10961847602121695,0.32885542806365087,,3,,,ok,,,20260818,1.503561700881817,2.5118864315095801,50
cui_fig6,925f2ab8975505e255f5c37af74d115be38bc302991267f95f440e5f61ce4472,A,18,3,9,36,3,1,16-QAM,biased_gs,detection_nmse,0.23619936140029604,0.7085980842008881,,3,,,ok,,,20260818,1.503561700881817,2.8183829312644542,50
cui_fig6,925f2ab8975505e255f5c37af74d115be38bc302991267f95f440e5f61ce4472,A,18,3,9,36,3,1,16-QAM,em_gs,detection_nmse,0.19590012461684239,0.5877003738505272,,3,,,ok,,,20260818,1.503561700881817,2.8183829312644542,50
cui_fig6,925f2ab8975505e255f5c37af74d115be38bc302991267f95f440e5f61ce4472,A,18,3,9,36,3,1,16-QAM,genie_zf,detection_nmse,0.065780255290290329,0.19734076587087099,,3,,,ok,,,20260818,1.503561700881817,2.8183829312644542,50
cui_fig6,925f2ab8975505e255f5c37af74d115be38bc302991267f95f440e5f61ce4472,A,18,3,9,36,3,1,16-QAM,cui_crlb,detection_nmse,0.10435886208571259,0.31307658625713775,,3,,,ok,,,20260818,1.503561700881817,2.8183829312644542,50
cui_fig6,925f2ab8975505e255f5c37af74d115be38bc302991267f95f440e5f61ce4472,A,18,3,10,36,3,1,16-QAM,biased_gs,detection_nmse,0.32476119317565749,0.97428357952697242,,3,,,ok,,,20260818,1.503561700881817,3.1622776601683795,50
cui_fig6,925f2ab8975505e255f5c37af74d115be38bc302991267f95f440e5f61ce4472,A,18,3,10,36,3,1,16-QAM,em_gs,detection_nmse,0.25172673085294922,0.75518019255884772,,3,,,ok,,,20260818,1.503561700881817,3.1622776601683795,50
cui_fig6,925f2ab8975505e255f5c37af74d115be38bc302991267f95f440e5f61ce4472,A,18,3,10,36,3,1,16-QAM,genie_zf,detection_nmse,0.061301979502818425,0.18390593850845527,,3,,,ok,,,20260818,1.503561700881817,3.1622776601683795,50
cui_fig6,925f2ab8975505e255f5c37af74d115be38bc302991267f95f440e5f61ce4472,A,18,3,10,36,3,1,16-QAM,cui_crlb,detection_nmse,0.099939764614720469,0.29981929384416139,,3,,,ok,,,20260818,1.503561700881817,3.1622776601683795,50
cui_fig6,925f2ab8975505e255f5c37af74d115be38bc302991267f95f440e5f61ce4472,A,18,3,11,36,3,1,16-QAM,biased_gs,detection_nmse,0.12909075110382959,0.38727225331148873,,3,,,ok,,,20260818,1.503561700881817,3.5481338923357546,50
cui_fig6,925f2ab8975505e255f5c37af74d115be38bc302991267f95f440e5f61ce4472,A,18,3,11,36,3,1,16-QAM,em_gs,detection_nmse,0.13892112635885639,0.41676337907656918,,3,,,ok,,,20260818,1.503561700881817,3.5481338923357546,50
cui_fig6,925f2ab8975505e255f5c37af74d115be38bc302991267f95f440e5f61ce4472,A,18,3,11,36,3,1,16-QAM,genie_zf,detection_nmse,0.071324636225669411,0.21397390867700825,,3,,,ok,,,20260818,1.503561700881817,3.5481338923357546,50
cui_fig6,925f2ab8975505e255f5c37af74d115be38bc302991267f95f440e5f61ce4472,A,18,3,11,36,3,1,16-QAM,cui_crlb,detection_nmse,0.098359870442743566,0.29507961132823068,,3,,,ok,,,20260818,1.503561700881817,3.5481338923357546,50
cui_fig6,925f2ab8975505e255f5c37af74d115be38bc302991267f95f440e5f61ce4472,A,18,3,12,36,3,1,16-QAM,biased_gs,detection_nmse,0.086389403919888738,0.2591682117596662,,3,,,ok,,,20260818,1.503561700881817,3.9810717055349727,50
cui_fig6,925f2ab8975505e255f5c37af74d115be38bc302991267f95f440e5f61ce4472,A,18,3,12,36,3,1,16-QAM,em_gs,detection_nmse,0.14303808899903872,0.42911426699711619,,3,,,ok,,,20260818,1.503561700881817,3.9810717055349727,50
cui_fig6,925f2ab8975505e255f5c37af74d115be38bc302991267f95f440e5f61ce4472,A,18,3,12,36,3,1,16-QAM,genie_zf,detection_nmse,0.026386728087975805,0.079160184263927416,,3,,,ok,,,20260818,1.503561700881817,3.9810717055349727,50
cui_fig6,925f2ab8975505e255f5c37af74d115be38bc302991267f95f440e5f61ce4472,A,18,3,12,36,3,1,16-QAM,cui_crlb,detection_nmse,0.094268138554068792,0.28280441566220638,,3,,,ok,,,20260818,1.503561700881817,3.9810717055349727,50
cui_fig6,925f2ab8975505e255f5c37af74d115be38bc302991267f95f440e5f61ce4472,A,18,3,13,36,3,1,16-QAM,biased_gs,detection_nmse,0.049110638038274847,0.14733191411482455,,3,,,ok,,,20260818,1.503561700881817,4.4668359215096309,50
cui_fig6,925f2ab8975505e255f5c37af74d115be38bc302991267f95f440e5f61ce4472,A,18,3,13,36,3,1,16-QAM,em_gs,detection_nmse,0.05262325544535057,0.15786976633605171,,3,,,ok,,,20260818,1.503561700881817,4.4668359215096309,50
cui_fig6,925f2ab8975505e255f5c37af74d115be38bc302991267f95f440e5f61ce4472,A,18,3,13,36,3,1,16-QAM,genie_zf,detection_nmse,0.027971509026080393,0.08391452707824118,,3,,,ok,,,20260818,1.503561700881817,4.4668359215096309,50
cui_fig6,925f2ab8975505e255f5c37af74d115be38bc302991267f95f440e5f61ce4472,A,18,3,13,36,3,1,16-QAM,cui_crlb,detection_nmse,0.095278844756367997,0.28583653426910399,,3,,,ok,,,20260818,1.503561700881817,4.4668359215096309,50
cui_fig6,925f2ab8975505e255f5c37af74d115be38bc302991267f95f440e5f61ce4472,A,18,3,14,36,3,1,16-QAM,biased_gs,detection_nmse,0.16724525576212571,0.50173576728637714,,3,,,ok,,,20260818,1.503561700881817,5.011872336272722,50
cui_fig6,925f2ab8975505e255f5c37af74d115be38bc302991267f95f440e5f61ce4472,A,18,3,14,36,3,1,16-QAM,em_gs,detection_nmse,0.15996436232989933,0.47989308698969801,,3,,,ok,,,20260818,1.503561700881817,5.011872336272722,50
cui_fig6,925f2ab8975505e255f5c37af74d115be38bc302991267f95f440e5f61ce4472,A,18,3,14,36,3,1,16-QAM,genie_zf,detection_nmse,0.025678777945716436,0.077036333837149307,,3,,,ok,,,20260818,1.503561700881817,5.011872336272722,50
cui_fig6,925f2ab8975505e255f5c37af74d115be38bc302991267f95f440e5f61ce4472,A,18,3,14,36,3,1,16-QAM,cui_crlb,detection_nmse,0.09187065908963514,0.27561197726890541,,3,,,ok,,,20260818,1.503561700881817,5.011872336272722,50
cui_fig6,925f2ab8975505e255f5c37af74d115be38bc302991267f95f440e5f61ce4472,A,18,3,15,36,3,1,16-QAM,biased_gs,detection_nmse,0.11399960183537972,0.34199880550613915,,3,,,ok,,,20260818,1.503561700881817,5.6234132519034912,50
cui_fig6,925f2ab8975505e255f5c37af74d115be38bc302991267f95f440e5f61ce4472,A,18,3,15,36,3,1,16-QAM,em_gs,detection_nmse,0.12288776907080268,0.36866330721240803,,3,,,ok,,,20260818,1.503561700881817,5.6234132519034912,50
cui_fig6,925f2ab8975505e255f5c37af74d115be38bc302991267f95f440e5f61ce4472,A,18,3,15,36,3,1,16-QAM,genie_zf,detection_nmse,0.023645970734784607,0.070937912204353817,,3,,,ok,,,20260818,1.503561700881817,5.6234132519034912,50
cui_fig6,925f2ab8975505e255f5c37af74d115be38bc302991267f95f440e5f61ce4472,A,18,3,15,36,3,1,16-QAM,cui_crlb,detection_nmse,0.09988626166714247,0.2996587850014274,,3,,,ok,,,20260818,1.503561700881817,5.6234132519034912,50
cui_fig6,925f2ab8975505e255f5c37af74d115be38bc302991267f95f440e5f61ce4472,A,18,3,16,36,3,1,16-QAM,biased_gs,detection_nmse,0.1373358418456905,0.41200752553707154,,3,,,ok,,,20260818,1.503561700881817,6.3095734448019334,50
cui_fig6,925f2ab8975505e255f5c37af74d115be38bc302991267f95f440e5f61ce4472,A,18,3,16,36,3,1,16-QAM,em_gs,detection_nmse,0.098590828612970458,0.29577248583891136,,3,,,ok,,,20260818,1.503561700881817,6.3095734448019334,50
cui_fig6,925f2ab8975505e255f5c37af74d115be38bc302991267f95f440e5f61ce4472,A,18,3,16,36,3,1,16-QAM,genie_zf,detection_nmse,0.082589214169782432,0.2477676425093473,,3,,,ok,,,20260818,1.503561700881817,6.3095734448019334,50
cui_fig6,925f2ab8975505e255f5c37af74d115be38bc302991267f95f440e5f61ce4472,A,18,3,16,36,3,1,16-QAM,cui_crlb,detection_nmse,0.10641481203856061,0.31924443611568182,,3,,,ok,,,20260818,1.503561700881817,6.3095734448019334,50
cui_fig6,925f2ab8975505e255f5c37af74d115be38bc302991267f95f440e5f61ce4472,A,18,3,17,36,3,1,16-QAM,biased_gs,detection_nmse,0.17542393269283266,0.526271798078498,,3,,,ok,,,20260818,1.503561700881817,7.0794578438413804,50
cui_fig6,925f2ab8975505e255f5c37af74d115be38bc302991267f95f440e5f61ce4472,A,18,3,17,36,3,1,16-QAM,em_gs,detection_nmse,0.15504001248912266,0.46512003746736796,,3,,,ok,,,20260818,1.503561700881817,7.0794578438413804,50
cui_fig6,925f2ab8975505e255f5c37af74d115be38bc302991267f95f440e5f61ce4472,A,18,3,17,36,3,1,16-QAM,genie_zf,detection_nmse,0.032904016663686982,0.098712049991060938,,3,,,ok,,,20260818,1.503561700881817,7.0794578438413804,50
cui_fig6,925f2ab8975505e255f5c37af74d115be38bc302991267f95f440e5f61ce4472,A,18,3,17,36,3,1,16-QAM,cui_crlb,detection_nmse,0.09143535607264075,0.27430606821792225,,3,,,ok,,,20260818,1.503561700881817,7.0794578438413804,50
cui_fig6,925f2ab8975505e255f5c37af74d115be38bc302991267f95f440e5f61ce4472,A,18,3,18,36,3,1,16-QAM,biased_gs,detection_nmse,0.11037111185200603,0.33111333555601807,,3,,,ok,,,20260818,1.503561700881817,7.9432823472428149,50
cui_fig6,925f2ab8975505e255f5c37af74d115be38bc302991267f95f440e5f61ce4472,A,18,3,18,36,3,1,16-QAM,em_gs,detection_nmse,0.1095453329196117,0.32863599875883509,,3,,,ok,,,20260818,1.503561700881817,7.9432823472428149,50
cui_fig6,925f2ab8975505e255f5c37af74d115be38bc302991267f95f440e5f61ce4472,A,18,3,18,36,3,1,16-QAM,genie_zf,detection_nmse,0.064469021938697843,0.19340706581609354,,3,,,ok,,,20260818,1.503561700881817,7.9432823472428149,50
cui_fig6,925f2ab8975505e255f5c37af74d115be38bc302991267f95f440e5f61ce4472,A,18,3,18,36,3,1,16-QAM,cui_crlb,detection_nmse,0.094793271866963,0.28437981560088899,,3,,,ok,,,20260818,1.503561700881817,7.9432823472428149,50
cui_fig6,925f2ab8975505e255f5c37af74d115be38bc302991267f95f440e5f61ce4472,A,18,3,19,36,3,1,16-QAM,biased_gs,detection_nmse,0.21691565962371348,0.65074697887114041,,3,,,ok,,,20260818,1.503561700881817,8.9125093813374541,50
cui_fig6,925f2ab8975505e255f5c37af74d115be38bc302991267f95f440e5f61ce4472,A,18,3,19,36,3,1,16-QAM,em_gs,detection_nmse,0.18300923635790714,0.54902770907372145,,3,,,ok,,,20260818,1.503561700881817,8.9125093813374541,50
cui_fig6,925f2ab8975505e255f5c37af74d115be38bc302991267f95f440e5f61ce4472,A,18,3,19,36,3,1,16-QAM,genie_zf,detection_nmse,0.016376307153559068,0.049128921460677204,,3,,,ok,,,20260818,1.503561700881817,8.9125093813374541,50
cui_fig6,925f2ab8975505e255f5c37af74d115be38bc302991267f95f440e5f61ce4472,A,18,3,19,36,3,1,16-QAM,cui_crlb,detection_nmse,0.096342905849408175,0.28902871754822451,,3,,,ok,,,20260818,1.503561700881817,8.9125093813374541,50
cui_fig6,925f2ab8975505e255f5c37af74d115be38bc302991267f95f440e5f61ce4472,A,18,3,20,36,3,1,16-QAM,biased_gs,detection_nmse,0.023642421070510566,0.070927263211531699,,3,,,ok,,,20260818,1.503561700881817,10,50
cui_fig6,925f2ab8975505e255f5c37af74d115be38bc302991267f95f440e5f61ce4472,A,18,3,20,36,3,1,16-QAM,em_gs,detection_nmse,0.016203801916298218,0.048611405748894651,,3,,,ok,,,20260818,1.503561700881817,10,50
cui_fig6,925f2ab8975505e255f5c37af74d115be38bc302991267f95f440e5f61ce4472,A,18,3,20,36,3,1,16-QAM,genie_zf,detection_nmse,0.021605204518701401,0.064815613556104199,,3,,,ok,,,20260818,1.503561700881817,10,50
cui_fig6,925f2ab8975505e255f5c37af74d115be38bc302991267f95f440e5f61ce4472,A,18,3,20,36,3,1,16-QAM,cui_crlb,detection_nmse,0.094728239915778722,0.28418471974733617,,3,,,ok,,,20260818,1.503561700881817,10,50
cui_fig6,925f2ab8975505e255f5c37af74d115be38bc302991267f95f440e5f61ce4472,A,18,3,21,36,3,1,16-QAM,biased_gs,detection_nmse,0.063001886457574818,0.18900565937272445,,3,,,ok,,,20260818,1.503561700881817,11.220184543019636,50
cui_fig6,925f2ab8975505e255f5c37af74d115be38bc302991267f95f440e5f61ce4472,A,18,3,21,36,3,1,16-QAM,em_gs,detection_nmse,0.067464193002388248,0.20239257900716473,,3,,,ok,,,20260818,1.503561700881817,11.220184543019636,50
cui_fig6,925f2ab8975505e255f5c37af74d115be38bc302991267f95f440e5f61ce4472,A,18,3,21,36,3,1,16-QAM,genie_zf,detection_nmse,0.049976675446996764,0.14993002634099029,,3,,,ok,,,20260818,1.503561700881817,11.220184543019636,50
cui_fig6,925f2ab8975505e255f5c37af74d115be38bc302991267f95f440e5f61ce4472,A,18,3,21,36,3,1,16-QAM,cui_crlb,detection_nmse,0.10209849474600508,0.30629548423801523,,3,,,ok,,,20260818,1.503561700881817,11.220184543019636,50
cui_fig6,925f2ab8975505e255f5c37af74d115be38bc302991267f95f440e5f61ce4472,A,18,3,22,36,3,1,16-QAM,biased_gs,detection_nmse,0.039001160005091497,0.11700348001527448,,3,,,ok,,,20260818,1.503561700881817,12.589254117941676,50
cui_fig6,925f2ab8975505e255f5c37af74d115be38bc302991267f95f440e5f61ce4472,A,18,3,22,36,3,1,16-QAM,em_gs,detection_nmse,0.036808849881790028,0.11042654964537008,,3,,,ok,,,20260818,1.503561700881817,12.589254117941676,50
cui_fig6,925f2ab8975505e255f5c37af74d115be38bc302991267f95f440e5f61ce4472,A,18,3,22,36,3,1,16-QAM,genie_zf,detection_nmse,0.015364283092930253,0.04609284927879076,,3,,,ok,,,20260818,1.503561700881817,12.589254117941676,50
cui_fig6,925f2ab8975505e255f5c37af74d115be38bc302991267f95f440e5f61ce4472,A,18,3,22,36,3,1,16-QAM,cui_crlb,detection_nmse,0.092727473330873778,0.27818241999262133,,3,,,ok,,,20260818,1.503561700881817,12.589254117941676,50
cui_fig6,925f2ab8975505e255f5c37af74d115be38bc302991267f95f440e5f61ce4472,A,18,3,23,36,3,1,16-QAM,biased_gs,detection_nmse,0.01431076389430337,0.042932291682910108,,3,,,ok,,,20260818,1.503561700881817,14.125375446227542,50
cui_fig6,925f2ab8975505e255f5c37af74d115be38bc302991267f95f440e5f61ce4472,A,18,3,23,36,3,1,16-QAM,em_gs,detection_nmse,0.011740019451660755,0.035220058354982264,,3,,,ok,,,20260818,1.503561700881817,14.125375446227542,50
cui_fig6,925f2ab8975505e255f5c37af74d115be38bc302991267f95f440e5f61ce4472,A,18,3,23,36,3,1,16-QAM,genie_zf,detection_nmse,0.019815771448337877,0.05944731434501363,,3,,,ok,,,20260818,1.503561700881817,14.125375446227542,50
cui_fig6,925f2ab8975505e255f5c37af74d115be38bc302991267f95f440e5f61ce4472,A,18,3,23,36,3,1,16-QAM,cui_crlb,detection_nmse,0.088513144423568724,0.26553943327070617,,3,,,ok,,,20260818,1.503561700881817,14.125375446227542,50
cui_fig6,925f2ab8975505e255f5c37af74d115be38bc302991267f95f440e5f61ce4472,A,18,3,24,36,3,1,16-QAM,biased_gs,detection_nmse,0.26229047560038815,0.78687142680116451,,3,,,ok,,,20260818,1.503561700881817,15.848931924611135,50
cui_fig6,925f2ab8975505e255f5c37af74d115be38bc302991267f95f440e5f61ce4472,A,18,3,24,36,3,1,16-QAM,em_gs,detection_nmse,0.25681792612360632,0.77045377837081896,,3,,,ok,,,20260818,1.503561700881817,15.848931924611135,50
cui_fig6,925f2ab8975505e255f5c37af74d115be38bc302991267f95f440e5f61ce4472,A,18,3,24,36,3,1,16-QAM,genie_zf,detection_nmse,0.092588108669996769,0.27776432600999029,,3,,,ok,,,20260818,1.503561700881817,15.848931924611135,50
cui_fig6,925f2ab8975505e255f5c37af74d115be38bc302991267f95f440e5f61ce4472,A,18,3,24,36,3,1,16-QAM,cui_crlb,detection_nmse,0.087387721705355428,0.2621631651160663,,3,,,ok,,,20260818,1.503561700881817,15.848931924611135,50
cui_fig6,925f2ab8975505e255f5c37af74d115be38bc302991267f95f440e5f61ce4472,A,18,3,25,36,3,1,16-QAM,biased_gs,detection_nmse,0.043793981586901336,0.131381944760704,,3,,,ok,,,20260818,1.503561700881817,17.782794100389225,50
cui_fig6,925f2ab8975505e255f5c37af74d115be38bc302991267f95f440e5f61ce4472,A,18,3,25,36,3,1,16-QAM,em_gs,detection_nmse,0.042245581866297038,0.12673674559889112,,3,,,ok,,,20260818,1.503561700881817,17.782794100389225,50
cui_fig6,925f2ab8975505e255f5c37af74d115be38bc302991267f95f440e5f61ce4472,A,18,3,25,36,3,1,16-QAM,genie_zf,detection_nmse,0.015132086053076726,0.045396258159230179,,3,,,ok,,,20260818,1.503561700881817,17.782794100389225,50
cui_fig6,925f2ab8975505e255f5c37af74d115be38bc302991267f95f440e5f61ce4472,A,18,3,25,36,3,1,16-QAM,cui_crlb,detection_nmse,0.092386292263173811,0.27715887678952145,,3,,,ok,,,20260818,1.503561700881817,17.782794100389225,50
cui_fig6,925f2ab8975505e255f5c37af74d115be38bc302991267f95f440e5f61ce4472,A,19,3,0,36,3,1,16-QAM,biased_gs,detection_nmse,0.01491502506906379,0.04474507520719137,,3,,,ok,,,20260818,1.503561700881817,1,50
cui_fig6,925f2ab8975505e255f5c37af74d115be38bc302991267f95f440e5f61ce4472,A,19,3,0,36,3,1,16-QAM,em_gs,detection_nmse,0.042564570613457704,0.12769371184037312,,3,,,ok,,,20260818,1.503561700881817,1,50
cui_fig6,925f2ab8975505e255f5c37af74d115be38bc302991267f95f440e5f61ce4472,A,19,3,0,36,3,1,16-QAM,genie_zf,detection_nmse,0.048023093562339414,0.14406928068701824,,3,,,ok,,,20260818,1.503561700881817,1,50
cui_fig6,925f2ab8975505e255f5c37af74d115be38bc302991267f95f440e5f61ce4472,A,19,3,0,36,3,1,16-QAM,cui_crlb,detection_nmse,0.11097982323826276,0.33293946971478827,,3,,,ok,,,20260818,1.503561700881817,1,50
cui_fig6,925f2ab8975505e255f5c37af74d115be38bc302991267f95f440e5f61ce4472,A,19,3,1,36,3,1,16-QAM,biased_gs,detection_nmse,0.11999050610417654,0.3599715183125296,,3,,,ok,,,20260818,1.503561700881817,1.1220184543019633,50
cui_fig6,925f2ab8975505e255f5c37af74d115be38bc302991267f95f440e5f61ce4472,A,19,3,1,36,3,1,16-QAM,em_gs,detection_nmse,0.18522972695436155,0.55568918086308461,,3,,,ok,,,20260818,1.503561700881817,1.1220184543019633,50
cui_fig6,925f2ab8975505e255f5c37af74d115be38bc302991267f95f440e5f61ce4472,A,19,3,1,36,3,1,16-QAM,genie_zf,detection_nmse,0.067350768860400478,0.20205230658120144,,3,,,ok,,,20260818,1.503561700881817,1.1220184543019633,50
cui_fig6,925f2ab8975505e255f5c37af74d115be38bc302991267f95f440e5f61ce4472,A,19,3,1,36,3,1,16-QAM,cui_crlb,detection_nmse,0.11067430580260613,0.33202291740781842,,3,,,ok,,,20260818,1.503561700881817,1.1220184543019633,50
cui_fig6,925f2ab8975505e255f5c37af74d115be38bc302991267f95f440e5f61ce4472,A,19,3,2,36,3,1,16-QAM,biased_gs,detection_nmse,0.069727144163026181,0.20918143248907856,,3,,,ok,,,20260818,1.503561700881817,1.2589254117941673,50
cui_fig6,925f2ab8975505e255f5c37af74d115be38bc302991267f95f440e5f61ce4472,A,19,3,2,36,3,1,16-QAM,em_gs,detection_nmse,0.12627561773934676,0.37882685321804027,,3,,,ok,,,20260818,1.503561700881817,1.2589254117941673,50
cui_fig6,925f2ab8975505e255f5c37af74d115be38bc302991267f95f440e5f61ce4472,A,19,3,2,36,3,1,16-QAM,genie_zf,detection_nmse,0.012229931249948334,0.036689793749845004,,3,,,ok,,,20260818,1.503561700881817,1.2589254117941673,50
cui_fig6,925f2ab8975505e255f5c37af74d115be38bc302991267f95f440e5f61ce4472,A,19,3,2,36,3,1,16-QAM,cui_crlb,detection_nmse,0.10694820164341835,0.32084460493025507,,3,,,ok,,,20260818,1.503561700881817,1.2589254117941673,50
cui_fig6,925f2ab8975505e255f5c37af74d115be38bc302991267f95f440e5f61ce4472,A,19,3,3,36,3,1,16-QAM,biased_gs,detection_nmse,0.5252469936568126,1.5757409809704377,,3,,,ok,,,20260818,1.503561700881817,1.4125375446227539,50
cui_fig6,925f2ab8975505e255f5c37af74d115be38bc302991267f95f440e5f61ce4472,A,19,3,3,36,3,1,16-QAM,em_gs,detection_nmse,0.43080159408870466,1.292404782266114,,3,,,ok,,,20260818,1.503561700881817,1.4125375446227539,50
cui_fig6,925f2ab8975505e255f5c37af74d115be38bc302991267f95f440e5f61ce4472,A,19,3,3,36,3,1,16-QAM,genie_zf,detection_nmse,0.022672204413505329,0.068016613240515986,,3,,,ok,,,20260818,1.503561700881817,1.4125375446227539,50
cui_fig6,925f2ab8975505e255f5c37af74d115be38bc302991267f95f440e5f61ce4472,A,19,3,3,36,3,1,16-QAM,cui_crlb,detection_nmse,0.12715661134700781,0.38146983404102341,,3,,,ok,,,20260818,1.503561700881817,1.4125375446227539,50
cui_fig6,925f2ab8975505e255f5c37af74d115be38bc302991267f95f440e5f61ce4472,A,19,3,4,36,3,1,16-QAM,biased_gs,detection_nmse,0.052127677835748794,0.15638303350724639,,3,,,ok,,,20260818,1.503561700881817,1.5848931924611136,50
cui_fig6,925f2ab8975505e255f5c37af74d115be38bc302991267f95f440e5f61ce4472,A,19,3,4,36,3,1,16-QAM,em_gs,detection_nmse,0.055052415536585582,0.16515724660975675,,3,,,ok,,,20260818,1.503561700881817,1.5848931924611136,50
cui_fig6,925f2ab8975505e255f5c37af74d115be38bc302991267f95f440e5f61ce4472,A,19,3,4,36,3,1,16-QAM,genie_zf,detection_nmse,0.048152655632214041,0.14445796689664211,,3,,,ok,,,20260818,1.503561700881817,1.5848931924611136,50
cui_fig6,925f2ab8975505e255f5c37af74d115be38bc302991267f95f440e5f61ce4472,A,19,3,4,36,3,1,16-QAM,cui_crlb,detection_nmse,0.11906925247021631,0.35720775741064892,,3,,,ok,,,20260818,1.503561700881817,1.5848931924611136,50
cui_fig6,925f2ab8975505e255f5c37af74d115be38bc302991267f95f440e5f61ce4472,A,19,3,5,36,3,1,16-QAM,biased_gs,detection_nmse,0.075544361200249058,0.22663308360074716,,3,,,ok,,,20260818,1.503561700881817,1.7782794100389228,50
cui_fig6,925f2ab8975505e255f5c37af74d115be38bc302991267f95f440e5f61ce4472,A,19,3,5,36,3,1,16-QAM,em_gs,detection_nmse,0.054204910936596795,0.16261473280979039,,3,,,ok,,,20260818,1.503561700881817,1.7782794100389228,50
cui_fig6,925f2ab8975505e255f5c37af74d115be38bc302991267f95f440e5f61ce4472,A,19,3,5,36,3,1,16-QAM,genie_zf,detection_nmse,0.054123579170108203,0.1623707375103246,,3,,,ok,,,20260818,1.503561700881817,1.7782794100389228,50
cui_fig6,925f2ab8975505e255f5c37af74d115be38bc302991267f95f440e5f61ce4472,A,19,3,5,36,3,1,16-QAM,cui_crlb,detection_nmse,0.095726544506485503,0.28717963351945652,,3,,,ok,,,20260818,1.503561700881817,1.7782794100389228,50
cui_fig6,925f2ab8975505e255f5c37af74d115be38bc302991267f95f440e5f61ce4472,A,19,3,6,36,3,1,16-QAM,biased_gs,detection_nmse,0.44836162835050386,1.3450848850515116,,3,,,ok,,,20260818,1.503561700881817,1.9952623149688793,50
cui_fig6,925f2ab8975505e255f5c37af74d115be38bc302991267f95f440e5f61ce4472,A,19,3,6,36,3,1,16-QAM,em_gs,detection_nmse,0.31968494212288218,0.95905482636864647,,3,,,ok,,,20260818,1.503561700881817,1.9952623149688793,50
cui_fig6,925f2ab8975505e255f5c37af74d115be38bc302991267f95f440e5f61ce4472,A,19,3,6,36,3,1,16-QAM,genie_zf,detection_nmse,0.11065082173211842,0.33195246519635524,,3,,,ok,,,20260818,1.503561700881817,1.9952623149688793,50
cui_fig6,925f2ab8975505e255f5c37af74d115be38bc302991267f95f440e5f61ce4472,A,19,3,6,36,3,1,16-QAM,cui_crlb,detection_nmse,0.12568712966983883,0.37706138900951652,,3,,,ok,,,20260818,1.503561700881817,1.9952623149688793,50
cui_fig6,925f2ab8975505e255f5c37af74d115be38bc302991267f95f440e5f61ce4472,A,19,3,7,36,3,1,16-QAM,biased_gs,detection_nmse,0.17455152510562713,0.52365457531688142,,3,,,ok,,,20260818,1.503561700881817,2.2387211385683394,50
cui_fig6,925f2ab8975505e255f5c37af74d115be38bc302991267f95f440e5f61ce4472,A,19,3,7,36,3,1,16-QAM,em_gs,detection_nmse,0.16551662114148777,0.49654986342446328,,3,,,ok,,,20260818,1.503561700881817,2.2387211385683394,50
cui_fig6,925f2ab8975505e255f5c37af74d115be38bc302991267f95f440e5f61ce4472,A,19,3,7,36,3,1,16-QAM,genie_zf,detection_nmse,0.0735022412096938,0.22050672362908139,,3,,,ok,,,20260818,1.503561700881817,2.2387211385683394,50
cui_fig6,925f2ab8975505e255f5c37af74d115be38bc302991267f95f440e5f61ce4472,A,19,3,7,36,3,1,16-QAM,cui_crlb,detection_nmse,0.10127484081262163,0.3038245224378649,,3,,,ok,,,20260818,1.503561700881817,2.2387211385683394,50
cui_fig6,925f2ab8975505e255f5c37af74d115be38bc302991267f95f440e5f61ce4472,A,19,3,8,36,3,1,16-QAM,biased_gs,detection_nmse,0.058956015802653451,0.17686804740796036,,3,,,ok,,,20260818,1.503561700881817,2.5118864315095801,50
cui_fig6,925f2ab8975505e255f5c37af74d115be38bc302991267f95f440e5f61ce4472,A,19,3,8,36,3,1,16-QAM,em_gs,detection_nmse,0.060271966943064276,0.18081590082919283,,3,,,ok,,,20260818,1.503561700881817,2.5118864315095801,50
cui_fig6,925f2ab8975505e255f5c37af74d115be38bc302991267f95f440e5f61ce4472,A,19,3,8,36,3,1,16-QAM,genie_zf,detection_nmse,0.033572843655261329,0.10071853096578398,,3,,,ok,,,20260818,1.503561700881817,2.5118864315095801,50
cui_fig6,925f2ab8975505e255f5c37af74d115be38bc302991267f95f440e5f61ce4472,A,19,3,8,36,3,1,16-QAM,cui_crlb,detection_nmse,0.097800678106386374,0.29340203431915912,,3,,,ok,,,20260818,1.503561700881817,2.5118864315095801,50
cui_fig6,925f2ab8975505e255f5c37af74d115be38bc302991267f95f440e5f61ce4472,A,19,3,9,36,3,1,16-QAM,biased_gs,detection_nmse,0.1598286904239769,0.47948607127193071,,3,,,ok,,,20260818,1.503561700881817,2.8183829312644542,50
cui_fig6,925f2ab8975505e255f5c37af74d115be38bc302991267f95f440e5f61ce4472,A,19,3,9,36,3,1,16-QAM,em_gs,detection_nmse,0.12824021305282532,0.38472063915847599,,3,,,ok,,,20260818,1.503561700881817,2.8183829312644542,50
cui_fig6,925f2ab8975505e255f5c37af74d115be38bc302991267f95f440e5f61ce4472,A,19,3,9,36,3,1,16-QAM,genie_zf,detection_nmse,0.031171166601625028,0.093513499804875083,,3,,,ok,,,20260818,1.503561700881817,2.8183829312644542,50
cui_fig6,925f2ab8975505e255f5c37af74d115be38bc302991267f95f440e5f61ce4472,A,19,3,9,36,3,1,16-QAM,cui_crlb,detection_nmse,0.099212246135912008,0.29763673840773602,,3,,,ok,,,20260818,1.503561700881817,2.8183829312644542,50
cui_fig6,925f2ab8975505e255f5c37af74d115be38bc302991267f95f440e5f61ce4472,A,19,3,10,36,3,1,16-QAM,biased_gs,detection_nmse,0.20601454598952487,0.61804363796857464,,3,,,ok,,,20260818,1.503561700881817,3.1622776601683786,50
cui_fig6,925f2ab8975505e255f5c37af74d115be38bc302991267f95f440e5f61ce4472,A,19,3,10,36,3,1,16-QAM,em_gs,detection_nmse,0.31058822577963313,0.93176467733889945,,3,,,ok,,,20260818,1.503561700881817,3.1622776601683786,50
cui_fig6,925f2ab8975505e255f5c37af74d115be38bc302991267f95f440e5f61ce4472,A,19,3,10,36,3,1,16-QAM,genie_zf,detection_nmse,0.050782975321183865,0.1523489259635516,,3,,,ok,,,20260818,1.503561700881817,3.1622776601683786,50
cui_fig6,925f2ab8975505e255f5c37af74d115be38bc302991267f95f440e5f61ce4472,A,19,3,10,36,3,1,16-QAM,cui_crlb,detection_nmse,0.10177501814305212,0.30532505442915636,,3,,,ok,,,20260818,1.503561700881817,3.1622776601683786,50
cui_fig6,925f2ab8975505e255f5c37af74d115be38bc302991267f95f440e5f61ce4472,A,19,3,11,36,3,1,16-QAM,biased_gs,detection_nmse,0.20797173583547479,0.62391520750642437,,3,,,ok,,,20260818,1.503561700881817,3.5481338923357555,50
cui_fig6,925f2ab8975505e255f5c37af74d115be38bc302991267f95f440e5f61ce4472,A,19,3,11,36,3,1,16-QAM,em_gs,detection_nmse,0.096235410915775033,0.2887062327473251,,3,,,ok,,,20260818,1.503561700881817,3.5481338923357555,50
cui_fig6,925f2ab8975505e255f5c37af74d115be38bc302991267f95f440e5f61ce4472,A,19,3,11,36,3,1,16-QAM,genie_zf,detection_nmse,0.032936510763836892,0.098809532291510682,,3,,,ok,,,20260818,1.503561700881817,3.5481338923357555,50
cui_fig6,925f2ab8975505e255f5c37af74d115be38bc302991267f95f440e5f61ce4472,A,19,3,11,36,3,1,16-QAM,cui_crlb,detection_nmse,0.10346004621075938,0.31038013863227815,,3,,,ok,,,20260818,1.503561700881817,3.5481338923357555,50
cui_fig6,925f2ab8975505e255f5c37af74d115be38bc302991267f95f440e5f61ce4472,A,19,3,12,36,3,1,16-QAM,biased_gs,detection_nmse,0.14934028534641167,0.44802085603923497,,3,,,ok,,,20260818,1.503561700881817,3.9810717055349727,50
cui_fig6,925f2ab8975505e255f5c37af74d115be38bc302991267f95f440e5f61ce4472,A,19,3,12,36,3,1,16-QAM,em_gs,detection_nmse,0.15500192689888725,0.46500578069666176,,3,,,ok,,,20260818,1.503561700881817,3.9810717055349727,50
cui_fig6,925f2ab8975505e255f5c37af74d115be38bc302991267f95f440e5f61ce4472,A,19,3,12,36,3,1,16-QAM,genie_zf,detection_nmse,0.086422785768768065,0.25926835730630421,,3,,,ok,,,20260818,1.503561700881817,3.9810717055349727,50
cui_fig6,925f2ab8975505e255f5c37af74d115be38bc302991267f95f440e5f61ce4472,A,19,3,12,36,3,1,16-QAM,cui_crlb,detection_nmse,0.090550598417465253,0.27165179525239574,,3,,,ok,,,20260818,1.503561700881817,3.9810717055349727,50
cui_fig6,925f2ab8975505e255f5c37af74d115be38bc302991267f95f440e5f61ce4472,A,19,3,13,36,3,1,16-QAM,biased_gs,detection_nmse,0.075549040421193647,0.22664712126358094,,3,,,ok,,,20260818,1.503561700881817,4.4668359215096309,50
cui_fig6,925f2ab8975505e255f5c37af74d115be38bc302991267f95f440e5f61ce4472,A,19,3,13,36,3,1,16-QAM,em_gs,detection_nmse,0.073800645373404597,0.2214019361202138,,3,,,ok,,,20260818,1.503561700881817,4.4668359215096309,50
cui_fig6,925f2ab8975505e255f5c37af74d115be38bc302991267f95f440e5f61ce4472,A,19,3,13,36,3,1,16-QAM,genie_zf,detection_nmse,0.031574890246092342,0.094724670738277034,,3,,,ok,,,20260818,1.503561700881817,4.4668359215096309,50
cui_fig6,925f2ab8975505e255f5c37af74d115be38bc302991267f95f440e5f61ce4472,A,19,3,13,36,3,1,16-QAM,cui_crlb,detection_nmse,0.089730267207671743,0.26919080162301523,,3,,,ok,,,20260818,1.503561700881817,4.4668359215096309,50
cui_fig6,925f2ab8975505e255f5c37af74d115be38bc302991267f95f440e5f61ce4472,A,19,3,14,36,3,1,16-QAM,biased_gs,detection_nmse,0.035780687104867849,0.10734206131460355,,3,,,ok,,,20260818,1.503561700881817,5.011872336272722,50
cui_fig6,925f2ab8975505e255f5c37af74d115be38bc302991267f95f440e5f61ce4472,A,19,3,14,36,3,1,16-QAM,em_gs,detection_nmse,0.038189671561893297,0.1145690146856799,,3,,,ok,,,20260818,1.503561700881817,5.011872336272722,50
cui_fig6,925f2ab8975505e255f5c37af74d115be38bc302991267f95f440e5f61ce4472,A,19,3,14,36,3,1,16-QAM,genie_zf,detection_nmse,0.011234081091302072,0.033702243273906217,,3,,,ok,,,20260818,1.503561700881817,5.011872336272722,50
cui_fig6,925f2ab8975505e255f5c37af74d115be38bc302991267f95f440e5f61ce4472,A,19,3,14,36,3,1,16-QAM,cui_crlb,detection_nmse,0.095244682598822239,0.28573404779646672,,3,,,ok,,,20260818,1.503561700881817,5.011872336272722,50
cui_fig6,925f2ab8975505e255f5c37af74d115be38bc302991267f95f440e5f61ce4472,A,19,3,15,36,3,1,16-QAM,biased_gs,detection_nmse,0.047706106865911389,0.14311832059773416,,3,,,ok,,,20260818,1.503561700881817,5.6234132519034912,50
cui_fig6,925f2ab8975505e255f5c37af74d115be38bc302991267f95f440e5f61ce4472,A,19,3,15,36,3,1,16-QAM,em_gs,detection_nmse,0.026282387379992111,0.078847162139976334,,3,,,ok,,,20260818,1.503561700881817,5.6234132519034912,50
cui_fig6,925f2ab8975505e255f5c37af74d115be38bc302991267f95f440e5f61ce4472,A,19,3,15,36,3,1,16-QAM,genie_zf,detection_nmse,0.044980551226968264,0.1349416536809048,,3,,,ok,,,20260818,1.503561700881817,5.6234132519034912,50
cui_fig6,925f2ab8975505e255f5c37af74d115be38bc302991267f95f440e5f61ce4472,A,19,3,15,36,3,1,16-QAM,cui_crlb,detection_nmse,0.091504549416828659,0.27451364825048596,,3,,,ok,,,20260818,1.503561700881817,5.6234132519034912,50
cui_fig6,925f2ab8975505e255f5c37af74d115be38bc302991267f95f440e5f61ce4472,A,19,3,16,36,3,1,16-QAM,biased_gs,detection_nmse,0.12324578851653219,0.36973736554959657,,3,,,ok,,,20260818,1.503561700881817,6.3095734448019334,50
cui_fig6,925f2ab8975505e255f5c37af74d115be38bc302991267f95f440e5f61ce4472,A,19,3,16,36,3,1,16-QAM,em_gs,detection_nmse,0.11802519341305973,0.35407558023917918,,3,,,ok,,,20260818,1.503561700881817,6.3095734448019334,50
cui_fig6,925f2ab8975505e255f5c37af74d115be38bc302991267f95f440e5f61ce4472,A,19,3,16,36,3,1,16-QAM,genie_zf,detection_nmse,0.032007963024761443,0.09602388907428433,,3,,,ok,,,20260818,1.503561700881817,6.3095734448019334,50
cui_fig6,925f2ab8975505e255f5c37af74d115be38bc302991267f95f440e5f61ce4472,A,19,3,16,36,3,1,16-QAM,cui_crlb,detection_nmse,0.10082854794620223,0.30248564383860671,,3,,,ok,,,20260818,1.503561700881817,6.3095734448019334,50
cui_fig6,925f2ab8975505e255f5c37af74d115be38bc302991267f95f440e5f61ce4472,A,19,3,17,36,3,1,16-QAM,biased_gs,detection_nmse,0.19306191284434537,0.57918573853303612,,3,,,ok,,,20260818,1.503561700881817,7.0794578438413787,50
cui_fig6,925f2ab8975505e255f5c37af74d115be38bc302991267f95f440e5f61ce4472,A,19,3,17,36,3,1,16-QAM,em_gs,detection_nmse,0.17027197934602878,0.51081593803808634,,3,,,ok,,,20260818,1.503561700881817,7.0794578438413787,50
cui_fig6,925f2ab8975505e255f5c37af74d115be38bc302991267f95f440e5f61ce4472,A,19,3,17,36,3,1,16-QAM,genie_zf,detection_nmse,0.023890957761165638,0.071672873283496918,,3,,,ok,,,20260818,1.503561700881817,7.0794578438413787,50
cui_fig6,925f2ab8975505e255f5c37af74d115be38bc302991267f95f440e5f61ce4472,A,19,3,17,36,3,1,16-QAM,cui_crlb,detection_nmse,0.088352032102772829,0.2650560963083185,,3,,,ok,,,20260818,1.503561700881817,7.0794578438413787,50
cui_fig6,925f2ab8975505e255f5c37af74d115be38bc302991267f95f440e5f61ce4472,A,19,3,18,36,3,1,16-QAM,biased_gs,detection_nmse,0.19333112670256805,0.57999338010770418,,3,,,ok,,,20260818,1.503561700881817,7.9432823472428149,50
cui_fig6,925f2ab8975505e255f5c37af74d115be38bc302991267f95f440e5f61ce4472,A,19,3,18,36,3,1,16-QAM,em_gs,detection_nmse,0.17012513699362172,0.51037541098086514,,3,,,ok,,,20260818,1.503561700881817,7.9432823472428149,50
cui_fig6,925f2ab8975505e255f5c37af74d115be38bc302991267f95f440e5f61ce4472,A,19,3,18,36,3,1,16-QAM,genie_zf,detection_nmse,0.030714145199573457,0.092142435598720374,,3,,,ok,,,20260818,1.503561700881817,7.9432823472428149,50
cui_fig6,925f2ab8975505e255f5c37af74d115be38bc302991267f95f440e5f61ce4472,A,19,3,18,36,3,1,16-QAM,cui_crlb,detection_nmse,0.091037284034814592,0.27311185210444378,,3,,,ok,,,20260818,1.503561700881817,7.9432823472428149,50
cui_fig6,925f2ab8975505e255f5c37af74d115be38bc302991267f95f440e5f61ce4472,A,19,3,19,36,3,1,16-QAM,biased_gs,detection_nmse,0.10228123314840887,0.3068436994452266,,3,,,ok,,,20260818,1.503561700881817,8.9125093813374541,50
cui_fig6,925f2ab8975505e255f5c37af74d115be38bc302991267f95f440e5f61ce4472,A,19,3,19,36,3,1,16-QAM,em_gs,detection_nmse,0.10439957154313466,0.31319871462940396,,3,,,ok,,,20260818,1.503561700881817,8.9125093813374541,50
cui_fig6,925f2ab8975505e255f5c37af74d115be38bc302991267f95f440e5f61ce4472,A,19,3,19,36,3,1,16-QAM,genie_zf,detection_nmse,0.017743025486230978,0.053229076458692931,,3,,,ok,,,20260818,1.503561700881817,8.9125093813374541,50
cui_fig6,925f2ab8975505e255f5c37af74d115be38bc302991267f95f440e5f61ce4472,A,19,3,19,36,3,1,16-QAM,cui_crlb,detection_nmse,0.087765857230958755,0.26329757169287626,,3,,,ok,,,20260818,1.503561700881817,8.9125093813374541,50
cui_fig6,925f2ab8975505e255f5c37af74d115be38bc302991267f95f440e5f61ce4472,A,19,3,20,36,3,1,16-QAM,biased_gs,detection_nmse,0.12167248713983105,0.36501746141949315,,3,,,ok,,,20260818,1.503561700881817,10,50
cui_fig6,925f2ab8975505e255f5c37af74d115be38bc302991267f95f440e5f61ce4472,A,19,3,20,36,3,1,16-QAM,em_gs,detection_nmse,0.12169654271461279,0.36508962814383839,,3,,,ok,,,20260818,1.503561700881817,10,50
cui_fig6,925f2ab8975505e255f5c37af74d115be38bc302991267f95f440e5f61ce4472,A,19,3,20,36,3,1,16-QAM,genie_zf,detection_nmse,0.048324179437872851,0.14497253831361856,,3,,,ok,,,20260818,1.503561700881817,10,50
cui_fig6,925f2ab8975505e255f5c37af74d115be38bc302991267f95f440e5f61ce4472,A,19,3,20,36,3,1,16-QAM,cui_crlb,detection_nmse,0.093997429200120941,0.28199228760036282,,3,,,ok,,,20260818,1.503561700881817,10,50
cui_fig6,925f2ab8975505e255f5c37af74d115be38bc302991267f95f440e5f61ce4472,A,19,3,21,36,3,1,16-QAM,biased_gs,detection_nmse,0.086604298959211068,0.2598128968776332,,3,,,ok,,,20260818,1.503561700881817,11.220184543019638,50
cui_fig6,925f2ab8975505e255f5c37af74d115be38bc302991267f95f440e5f61ce4472,A,19,3,21,36,3,1,16-QAM,em_gs,detection_nmse,0.083858756156464861,0.25157626846939457,,3,,,ok,,,20260818,1.503561700881817,11.220184543019638,50
cui_fig6,925f2ab8975505e255f5c37af74d115be38bc302991267f95f440e5f61ce4472,A,19,3,21,36,3,1,16-QAM,genie_zf,detection_nmse,0.034117678469621181,0.10235303540886355,,3,,,ok,,,20260818,1.503561700881817,11.220184543019638,50
cui_fig6,925f2ab8975505e255f5c37af74d115be38bc302991267f95f440e5f61ce4472,A,19,3,21,36,3,1,16-QAM,cui_crlb,detection_nmse,0.091043675422376777,0.27313102626713032,,3,,,ok,,,20260818,1.503561700881817,11.220184543019638,50
cui_fig6,925f2ab8975505e255f5c37af74d115be38bc302991267f95f440e5f61ce4472,A,19,3,22,36,3,1,16-QAM,biased_gs,detection_nmse,0.035195372942652653,0.10558611882795796,,3,,,ok,,,20260818,1.503561700881817,12.589254117941676,50
cui_fig6,925f2ab8975505e255f5c37af74d115be38bc302991267f95f440e5f61ce4472,A,19,3,22,36,3,1,16-QAM,em_gs,detection_nmse,0.035447965319009893,0.10634389595702969,,3,,,ok,,,20260818,1.503561700881817,12.589254117941676,50
cui_fig6,925f2ab8975505e255f5c37af74d115be38bc302991267f95f440e5f61ce4472,A,19,3,22,36,3,1,16-QAM,genie_zf,detection_nmse,0.026176548414493628,0.078529645243480883,,3,,,ok,,,20260818,1.503561700881817,12.589254117941676,50
cui_fig6,925f2ab8975505e255f5c37af74d115be38bc302991267f95f440e5f61ce4472,A,19,3,22,36,3,1,16-QAM,cui_crlb,detection_nmse,0.093628669315167834,0.2808860079455035,,3,,,ok,,,20260818,1.503561700881817,12.589254117941676,50
cui_fig6,925f2ab8975505e255f5c37af74d115be38bc302991267f95f440e5f61ce4472,A,19,3,23,36,3,1,16-QAM,biased_gs,detection_nmse,0.2066452647229865,0.6199357941689595,,3,,,ok,,,20260818,1.503561700881817,14.125375446227544,50
cui_fig6,925f2ab8975505e255f5c37af74d115be38bc302991267f95f440e5f61ce4472,A,19,3,23,36,3,1,16-QAM,em_gs,detection_nmse,0.21359660230514041,0.6407898069154212,,3,,,ok,,,20260818,1.503561700881817,14.125375446227544,50
cui_fig6,925f2ab8975505e255f5c37af74d115be38bc302991267f95f440e5f61ce4472,A,19,3,23,36,3,1,16-QAM,genie_zf,detection_nmse,0.014608247266244817,0.043824741798734454,,3,,,ok,,,20260818,1.503561700881817,14.125375446227544,50
cui_fig6,925f2ab8975505e255f5c37af74d115be38bc302991267f95f440e5f61ce4472,A,19,3,23,36,3,1,16-QAM,cui_crlb,detection_nmse,0.085992351502320361,0.25797705450696107,,3,,,ok,,,20260818,1.503561700881817,14.125375446227544,50
cui_fig6,925f2ab8975505e255f5c37af74d115be38bc302991267f95f440e5f61ce4472,A,19,3,24,36,3,1,16-QAM,biased_gs,detection_nmse,0.1071033539336186,0.32131006180085581,,3,,,ok,,,20260818,1.503561700881817,15.848931924611133,50
cui_fig6,925f2ab8975505e255f5c37af74d115be38bc302991267f95f440e5f61ce4472,A,19,3,24,36,3,1,16-QAM,em_gs,detection_nmse,0.099393124065254648,0.29817937219576396,,3,,,ok,,,20260818,1.503561700881817,15.848931924611133,50
cui_fig6,925f2ab8975505e255f5c37af74d115be38bc302991267f95f440e5f61ce4472,A,19,3,24,36,3,1,16-QAM,genie_zf,detection_nmse,0.019880266539235584,0.059640799617706755,,3,,,ok,,,20260818,1.503561700881817,15.848931924611133,50
cui_fig6,925f2ab8975505e255f5c37af74d115be38bc302991267f95f440e5f61ce4472,A,19,3,24,36,3,1,16-QAM,cui_crlb,detection_nmse,0.088587069406070473,0.26576120821821142,,3,,,ok,,,20260818,1.503561700881817,15.848931924611133,50
cui_fig6,925f2ab8975505e255f5c37af74d115be38bc302991267f95f440e5f61ce4472,A,19,3,25,36,3,1,16-QAM,biased_gs,detection_nmse,0.14477246383183648,0.43431739149550941,,3,,,ok,,,20260818,1.503561700881817,17.782794100389228,50
cui_fig6,925f2ab8975505e255f5c37af74d115be38bc302991267f95f440e5f61ce4472,A,19,3,25,36,3,1,16-QAM,em_gs,detection_nmse,0.13792196253286682,0.41376588759860045,,3,,,ok,,,20260818,1.503561700881817,17.782794100389228,50
cui_fig6,925f2ab8975505e255f5c37af74d115be38bc302991267f95f440e5f61ce4472,A,19,3,25,36,3,1,16-QAM,genie_zf,detection_nmse,0.018541499522544774,0.055624498567634323,,3,,,ok,,,20260818,1.503561700881817,17.782794100389228,50
cui_fig6,925f2ab8975505e255f5c37af74d115be38bc302991267f95f440e5f61ce4472,A,19,3,25,36,3,1,16-QAM,cui_crlb,detection_nmse,0.088077772632555826,0.26423331789766746,,3,,,ok,,,20260818,1.503561700881817,17.782794100389228,50
cui_fig6,925f2ab8975505e255f5c37af74d115be38bc302991267f95f440e5f61ce4472,A,20,3,0,36,3,1,16-QAM,biased_gs,detection_nmse,0.69321307032507917,2.0796392109752375,,3,,,ok,,,20260818,1.503561700881817,1,50
cui_fig6,925f2ab8975505e255f5c37af74d115be38bc302991267f95f440e5f61ce4472,A,20,3,0,36,3,1,16-QAM,em_gs,detection_nmse,0.67376448355642182,2.0212934506692655,,3,,,ok,,,20260818,1.503561700881817,1,50
cui_fig6,925f2ab8975505e255f5c37af74d115be38bc302991267f95f440e5f61ce4472,A,20,3,0,36,3,1,16-QAM,genie_zf,detection_nmse,0.069207293591961608,0.20762188077588481,,3,,,ok,,,20260818,1.503561700881817,1,50
cui_fig6,925f2ab8975505e255f5c37af74d115be38bc302991267f95f440e5f61ce4472,A,20,3,0,36,3,1,16-QAM,cui_crlb,detection_nmse,0.12768442930289964,0.38305328790869891,,3,,,ok,,,20260818,1.503561700881817,1,50
cui_fig6,925f2ab8975505e255f5c37af74d115be38bc302991267f95f440e5f61ce4472,A,20,3,1,36,3,1,16-QAM,biased_gs,detection_nmse,0.42343295229691308,1.2702988568907392,,3,,,ok,,,20260818,1.503561700881817,1.1220184543019633,50
cui_fig6,925f2ab8975505e255f5c37af74d115be38bc302991267f95f440e5f61ce4472,A,20,3,1,36,3,1,16-QAM,em_gs,detection_nmse,0.26813763232893673,0.80441289698681018,,3,,,ok,,,20260818,1.503561700881817,1.1220184543019633,50
cui_fig6,925f2ab8975505e255f5c37af74d115be38bc302991267f95f440e5f61ce4472,A,20,3,1,36,3,1,16-QAM,genie_zf,detection_nmse,0.059368712186876761,0.17810613656063029,,3,,,ok,,,20260818,1.503561700881817,1.1220184543019633,50
cui_fig6,925f2ab8975505e255f5c37af74d115be38bc302991267f95f440e5f61ce4472,A,20,3,1,36,3,1,16-QAM,cui_crlb,detection_nmse,0.10810538151035741,0.32431614453107221,,3,,,ok,,,20260818,1.503561700881817,1.1220184543019633,50
cui_fig6,925f2ab8975505e255f5c37af74d115be38bc302991267f95f440e5f61ce4472,A,20,3,2,36,3,1,16-QAM,biased_gs,detection_nmse,0.32303593052998597,0.96910779158995797,,3,,,ok,,,20260818,1.503561700881817,1.2589254117941675,50
cui_fig6,925f2ab8975505e255f5c37af74d115be38bc302991267f95f440e5f61ce4472,A,20,3,2,36,3,1,16-QAM,em_gs,detection_nmse,0.26030684228977213,0.78092052686931646,,3,,,ok,,,20260818,1.503561700881817,1.2589254117941675,50
cui_fig6,925f2ab8975505e255f5c37af74d115be38bc302991267f95f440e5f61ce4472,A,20,3,2,36,3,1,16-QAM,genie_zf,detection_nmse,0.07438671008863991,0.22316013026591974,,3,,,ok,,,20260818,1.503561700881817,1.2589254117941675,50
cui_fig6,925f2ab8975505e255f5c37af74d115be38bc302991267f95f440e5f61ce4472,A,20,3,2,36,3,1,16-QAM,cui_crlb,detection_nmse,0.11287212594288848,0.33861637782866544,,3,,,ok,,,20260818,1.503561700881817,1.2589254117941675,50
cui_fig6,925f2ab8975505e255f5c37af74d115be38bc302991267f95f440e5f61ce4472,A,20,3,3,36,3,1,16-QAM,biased_gs,detection_nmse,0.18435926674318201,0.553077800229546,,3,,,ok,,,20260818,1.503561700881817,1.4125375446227542,50
cui_fig6,925f2ab8975505e255f5c37af74d115be38bc302991267f95f440e5f61ce4472,A,20,3,3,36,3,1,16-QAM,em_gs,detection_nmse,0.083722220450703252,0.25116666135210974,,3,,,ok,,,20260818,1.503561700881817,1.4125375446227542,50
cui_fig6,925f2ab8975505e255f5c37af74d115be38bc302991267f95f440e5f61ce4472,A,20,3,3,36,3,1,16-QAM,genie_zf,detection_nmse,0.06861346112212531,0.20584038336637595,,3,,,ok,,,20260818,1.503561700881817,1.4125375446227542,50
cui_fig6,925f2ab8975505e255f5c37af74d115be38bc302991267f95f440e5f61ce4472,A,20,3,3,36,3,1,16-QAM,cui_crlb,detection_nmse,0.10812107268956726,0.32436321806870178,,3,,,ok,,,20260818,1.503561700881817,1.4125375446227542,50
cui_fig6,925f2ab8975505e255f5c37af74d115be38bc302991267f95f440e5f61ce4472,A,20,3,4,36,3,1,16-QAM,biased_gs,detection_nmse,0.064807817910582863,0.19442345373174857,,3,,,ok,,,20260818,1.503561700881817,1.5848931924611134,50
cui_fig6,925f2ab8975505e255f5c37af74d115be38bc302991267f95f440e5f61ce4472,A,20,3,4,36,3,1,16-QAM,em_gs,detection_nmse,0.029361860428401523,0.088085581285204564,,3,,,ok,,,20260818,1.503561700881817,1.5848931924611134,50
cui_fig6,925f2ab8975505e255f5c37af74d115be38bc302991267f95f440e5f61ce4472,A,20,3,4,36,3,1,16-QAM,genie_zf,detection_nmse,0.054282070414765425,0.16284621124429627,,3,,,ok,,,20260818,1.503561700881817,1.5848931924611134,50
cui_fig6,925f2ab8975505e255f5c37af74d115be38bc302991267f95f440e5f61ce4472,A,20,3,4,36,3,1,16-QAM,cui_crlb,detection_nmse,0.11174592113423509,0.33523776340270528,,3,,,ok,,,20260818,1.503561700881817,1.5848931924611134,50
cui_fig6,925f2ab8975505e255f5c37af74d115be38bc302991267f95f440e5f61ce4472,A,20,3,5,36,3,1,16-QAM,biased_gs,detection_nmse,0.1118032884280119,0.33540986528403571,,3,,,ok,,,20260818,1.503561700881817,1.778279410038923,50
cui_fig6,925f2ab8975505e255f5c37af74d115be38bc302991267f95f440e5f61ce4472,A,20,3,5,36,3,1,16-QAM,em_gs,detection_nmse,0.049101888884465622,0.14730566665339687,,3,,,ok,,,20260818,1.503561700881817,1.778279410038923,50
cui_fig6,925f2ab8975505e255f5c37af74d115be38bc302991267f95f440e5f61ce4472,A,20,3,5,36,3,1,16-QAM,genie_zf,detection_nmse,0.053644495711217072,0.16093348713365122,,3,,,ok,,,20260818,1.503561700881817,1.778279410038923,50
cui_fig6,925f2ab8975505e255f5c37af74d115be38bc302991267f95f440e5f61ce4472,A,20,3,5,36,3,1,16-QAM,cui_crlb,detection_nmse,0.1090963726980738,0.3272891180942214,,3,,,ok,,,20260818,1.503561700881817,1.778279410038923,50
cui_fig6,925f2ab8975505e255f5c37af74d115be38bc302991267f95f440e5f61ce4472,A,20,3,6,36,3,1,16-QAM,biased_gs,detection_nmse,0.13913194283188124,0.41739582849564372,,3,,,ok,,,20260818,1.503561700881817,1.9952623149688791,50
cui_fig6,925f2ab8975505e255f5c37af74d115be38bc302991267f95f440e5f61ce4472,A,20,3,6,36,3,1,16-QAM,em_gs,detection_nmse,0.070198655987787753,0.21059596796336327,,3,,,ok,,,20260818,1.503561700881817,1.9952623149688791,50
cui_fig6,925f2ab8975505e255f5c37af74d115be38bc302991267f95f440e5f61ce4472,A,20,3,6,36,3,1,16-QAM,genie_zf,detection_nmse,0.036145786206319426,0.10843735861895828,,3,,,ok,,,20260818,1.503561700881817,1.9952623149688791,50
cui_fig6,925f2ab8975505e255f5c37af74d115be38bc302991267f95f440e5f61ce4472,A,20,3,6,36,3,1,16-QAM,cui_crlb,detection_nmse,0.10002834140083937,0.30008502420251809,,3,,,ok,,,20260818,1.503561700881817,1.9952623149688791,50
cui_fig6,925f2ab8975505e255f5c37af74d115be38bc302991267f95f440e5f61ce4472,A,20,3,7,36,3,1,16-QAM,biased_gs,detection_nmse,0.088822884786909681,0.26646865436072903,,3,,,ok,,,20260818,1.503561700881817,2.2387211385683394,50
cui_fig6,925f2ab8975505e255f5c37af74d115be38bc302991267f95f440e5f61ce4472,A,20,3,7,36,3,1,16-QAM,em_gs,detection_nmse,0.076624795719468661,0.229874387158406,,3,,,ok,,,20260818,1.503561700881817,2.2387211385683394,50
cui_fig6,925f2ab8975505e255f5c37af74d115be38bc302991267f95f440e5f61ce4472,A,20,3,7,36,3,1,16-QAM,genie_zf,detection_nmse,0.035193917861705705,0.10558175358511711,,3,,,ok,,,20260818,1.503561700881817,2.2387211385683394,50
cui_fig6,925f2ab8975505e255f5c37af74d115be38bc302991267f95f440e5f61ce4472,A,20,3,7,36,3,1,16-QAM,cui_crlb,detection_nmse,0.0990422379592623,0.29712671387778689,,3,,,ok,,,20260818,1.503561700881817,2.2387211385683394,50
cui_fig6,925f2ab8975505e255f5c37af74d115be38bc302991267f95f440e5f61ce4472,A,20,3,8,36,3,1,16-QAM,biased_gs,detection_nmse,0.21694924352660885,0.65084773057982659,,3,,,ok,,,20260818,1.503561700881817,2.5118864315095801,50
cui_fig6,925f2ab8975505e255f5c37af74d115be38bc302991267f95f440e5f61ce4472,A,20,3,8,36,3,1,16-QAM,em_gs,detection_nmse,0.2494263105300516,0.74827893159015479,,3,,,ok,,,20260818,1.503561700881817,2.5118864315095801,50
cui_fig6,925f2ab8975505e255f5c37af74d115be38bc302991267f95f440e5f61ce4472,A,20,3,8,36,3,1,16-QAM,genie_zf,detection_nmse,0.01094610263333539,0.032838307900006171,,3,,,ok,,,20260818,1.503561700881817,2.5118864315095801,50
cui_fig6,925f2ab8975505e255f5c37af74d115be38bc302991267f95f440e5f61ce4472,A,20,3,8,36,3,1,16-QAM,cui_crlb,detection_nmse,0.098772195839630261,0.29631658751889078,,3,,,ok,,,20260818,1.503561700881817,2.5118864315095801,50
cui_fig6,925f2ab8975505e255f5c37af74d115be38bc302991267f95f440e5f61ce4472,A,20,3,9,36,3,1,16-QAM,biased_gs,detection_nmse,0.14607912985267746,0.43823738955803238,,3,,,ok,,,20260818,1.503561700881817,2.8183829312644537,50
cui_fig6,925f2ab8975505e255f5c37af74d115be38bc302991267f95f440e5f61ce4472,A,20,3,9,36,3,1,16-QAM,em_gs,detection_nmse,0.11226418401343297,0.3367925520402989,,3,,,ok,,,20260818,1.503561700881817,2.8183829312644537,50
cui_fig6,925f2ab8975505e255f5c37af74d115be38bc302991267f95f440e5f61ce4472,A,20,3,9,36,3,1,16-QAM,genie_zf,detection_nmse,0.050182930588491444,0.15054879176547434,,3,,,ok,,,20260818,1.503561700881817,2.8183829312644537,50
cui_fig6,925f2ab8975505e255f5c37af74d115be38bc302991267f95f440e5f61ce4472,A,20,3,9,36,3,1,16-QAM,cui_crlb,detection_nmse,0.11160247820789881,0.33480743462369644,,3,,,ok,,,20260818,1.503561700881817,2.8183829312644537,50
cui_fig6,925f2ab8975505e255f5c37af74d115be38bc302991267f95f440e5f61ce4472,A,20,3,10,36,3,1,16-QAM,biased_gs,detection_nmse,0.19807939737696745,0.59423819213090234,,3,,,ok,,,20260818,1.503561700881817,3.1622776601683795,50
cui_fig6,925f2ab8975505e255f5c37af74d115be38bc302991267f95f440e5f61ce4472,A,20,3,10,36,3,1,16-QAM,em_gs,detection_nmse,0.16582479096816544,0.49747437290449631,,3,,,ok,,,20260818,1.503561700881817,3.1622776601683795,50
cui_fig6,925f2ab8975505e255f5c37af74d115be38bc302991267f95f440e5f61ce4472,A,20,3,10,36,3,1,16-QAM,genie_zf,detection_nmse,0.090174740978838486,0.27052422293651546,,3,,,ok,,,20260818,1.503561700881817,3.1622776601683795,50
cui_fig6,925f2ab8975505e255f5c37af74d115be38bc302991267f95f440e5f61ce4472,A,20,3,10,36,3,1,16-QAM,cui_crlb,detection_nmse,0.092487121896121918,0.27746136568836577,,3,,,ok,,,20260818,1.503561700881817,3.1622776601683795,50
cui_fig6,925f2ab8975505e255f5c37af74d115be38bc302991267f95f440e5f61ce4472,A,20,3,11,36,3,1,16-QAM,biased_gs,detection_nmse,0.029659919992677034,0.088979759978031106,,3,,,ok,,,20260818,1.503561700881817,3.548133892335755,50
cui_fig6,925f2ab8975505e255f5c37af74d115be38bc302991267f95f440e5f61ce4472,A,20,3,11,36,3,1,16-QAM,em_gs,detection_nmse,0.04787970829918356,0.14363912489755068,,3,,,ok,,,20260818,1.503561700881817,3.548133892335755,50
cui_fig6,925f2ab8975505e255f5c37af74d115be38bc302991267f95f440e5f61ce4472,A,20,3,11,36,3,1,16-QAM,genie_zf,detection_nmse,0.039064659152143168,0.11719397745642951,,3,,,ok,,,20260818,1.503561700881817,3.548133892335755,50
cui_fig6,925f2ab8975505e255f5c37af74d115be38bc302991267f95f440e5f61ce4472,A,20,3,11,36,3,1,16-QAM,cui_crlb,detection_nmse,0.099054651315537867,0.2971639539466136,,3,,,ok,,,20260818,1.503561700881817,3.548133892335755,50
cui_fig6,925f2ab8975505e255f5c37af74d115be38bc302991267f95f440e5f61ce4472,A,20,3,12,36,3,1,16-QAM,biased_gs,detection_nmse,0.20743227531288008,0.62229682593864022,,3,,,ok,,,20260818,1.503561700881817,3.9810717055349727,50
cui_fig6,925f2ab8975505e255f5c37af74d115be38bc302991267f95f440e5f61ce4472,A,20,3,12,36,3,1,16-QAM,em_gs,detection_nmse,0.1686478249196541,0.50594347475896229,,3,,,ok,,,20260818,1.503561700881817,3.9810717055349727,50
cui_fig6,925f2ab8975505e255f5c37af74d115be38bc302991267f95f440e5f61ce4472,A,20,3,12,36,3,1,16-QAM,genie_zf,detection_nmse,0.046444967047058694,0.13933490114117608,,3,,,ok,,,20260818,1.503561700881817,3.9810717055349727,50
cui_fig6,925f2ab8975505e255f5c37af74d115be38bc302991267f95f440e5f61ce4472,A,20,3,12,36,3,1,16-QAM,cui_crlb,detection_nmse,0.093669999438153351,0.28100999831446005,,3,,,ok,,,20260818,1.503561700881817,3.9810717055349727,50
cui_fig6,925f2ab8975505e255f5c37af74d115be38bc302991267f95f440e5f61ce4472,A,20,3,13,36,3,1,16-QAM,biased_gs,detection_nmse,0.078550754003407677,0.23565226201022305,,3,,,ok,,,20260818,1.503561700881817,4.4668359215096309,50
cui_fig6,925f2ab8975505e255f5c37af74d115be38bc302991267f95f440e5f61ce4472,A,20,3,13,36,3,1,16-QAM,em_gs,detection_nmse,0.078615969130496358,0.23584790739148909,,3,,,ok,,,20260818,1.503561700881817,4.4668359215096309,50
cui_fig6,925f2ab8975505e255f5c37af74d115be38bc302991267f95f440e5f61ce4472,A,20,3,13,36,3,1,16-QAM,genie_zf,detection_nmse,0.081991581323298271,0.24597474396989483,,3,,,ok,,,20260818,1.503561700881817,4.4668359215096309,50
cui_fig6,925f2ab8975505e255f5c37af74d115be38bc302991267f95f440e5f61ce4472,A,20,3,13,36,3,1,16-QAM,cui_crlb,detection_nmse,0.094377605001574105,0.28313281500472232,,3,,,ok,,,20260818,1.503561700881817,4.4668359215096309,50
cui_fig6,925f2ab8975505e255f5c37af74d115be38bc302991267f95f440e5f61ce4472,A,20,3,14,36,3,1,16-QAM,biased_gs,detection_nmse,0.12004997793300019,0.36014993379900057,,3,,,ok,,,20260818,1.503561700881817,5.011872336272722,50
cui_fig6,925f2ab8975505e255f5c37af74d115be38bc302991267f95f440e5f61ce4472,A,20,3,14,36,3,1,16-QAM,em_gs,detection_nmse,0.10894111477400338,0.32682334432201016,,3,,,ok,,,20260818,1.503561700881817,5.011872336272722,50
cui_fig6,925f2ab8975505e255f5c37af74d115be38bc302991267f95f440e5f61ce4472,A,20,3,14,36,3,1,16-QAM,genie_zf,detection_nmse,0.058681883928203539,0.17604565178461062,,3,,,ok,,,20260818,1.503561700881817,5.011872336272722,50
cui_fig6,925f2ab8975505e255f5c37af74d115be38bc302991267f95f440e5f61ce4472,A,20,3,14,36,3,1,16-QAM,cui_crlb,detection_nmse,0.090708885639878778,0.27212665691963633,,3,,,ok,,,20260818,1.503561700881817,5.011872336272722,50
cui_fig6,925f2ab8975505e255f5c37af74d115be38bc302991267f95f440e5f61ce4472,A,20,3,15,36,3,1,16-QAM,biased_gs,detection_nmse,0.17715558187027025,0.53146674561081075,,3,,,ok,,,20260818,1.503561700881817,5.6234132519034912,50
cui_fig6,925f2ab8975505e255f5c37af74d115be38bc302991267f95f440e5f61ce4472,A,20,3,15,36,3,1,16-QAM,em_gs,detection_nmse,0.16465991728330157,0.49397975184990472,,3,,,ok,,,20260818,1.503561700881817,5.6234132519034912,50
cui_fig6,925f2ab8975505e255f5c37af74d115be38bc302991267f95f440e5f61ce4472,A,20,3,15,36,3,1,16-QAM,genie_zf,detection_nmse,0.080631146154598585,0.24189343846379577,,3,,,ok,,,20260818,1.503561700881817,5.6234132519034912,50
cui_fig6,925f2ab8975505e255f5c37af74d115be38bc302991267f95f440e5f61ce4472,A,20,3,15,36,3,1,16-QAM,cui_crlb,detection_nmse,0.088248785998281731,0.26474635799484519,,3,,,ok,,,20260818,1.503561700881817,5.6234132519034912,50
cui_fig6,925f2ab8975505e255f5c37af74d115be38bc302991267f95f440e5f61ce4472,A,20,3,16,36,3,1,16-QAM,biased_gs,detection_nmse,0.13171211538678479,0.39513634616035437,,3,,,ok,,,20260818,1.503561700881817,6.3095734448019325,50
cui_fig6,925f2ab8975505e255f5c37af74d115be38bc302991267f95f440e5f61ce4472,A,20,3,16,36,3,1,16-QAM,em_gs,detection_nmse,0.1134740801899085,0.34042224056972548,,3,,,ok,,,20260818,1.503561700881817,6.3095734448019325,50
cui_fig6,925f2ab8975505e255f5c37af74d115be38bc302991267f95f440e5f61ce4472,A,20,3,16,36,3,1,16-QAM,genie_zf,detection_nmse,0.046818782907754403,0.14045634872326321,,3,,,ok,,,20260818,1.503561700881817,6.3095734448019325,50
cui_fig6,925f2ab8975505e255f5c37af74d115be38bc302991267f95f440e5f61ce4472,A,20,3,16,36,3,1,16-QAM,cui_crlb,detection_nmse,0.10072333785775246,0.3021700135732574,,3,,,ok,,,20260818,1.503561700881817,6.3095734448019325,50
cui_fig6,925f2ab8975505e255f5c37af74d115be38bc302991267f95f440e5f61ce4472,A,20,3,17,36,3,1,16-QAM,biased_gs,detection_nmse,0.026664903479512034,0.079994710438536107,,3,,,ok,,,20260818,1.503561700881817,7.0794578438413787,50
cui_fig6,925f2ab8975505e255f5c37af74d115be38bc302991267f95f440e5f61ce4472,A,20,3,17,36,3,1,16-QAM,em_gs,detection_nmse,0.036945296451823588,0.11083588935547076,,3,,,ok,,,20260818,1.503561700881817,7.0794578438413787,50
cui_fig6,925f2ab8975505e255f5c37af74d115be38bc302991267f95f440e5f61ce4472,A,20,3,17,36,3,1,16-QAM,genie_zf,detection_nmse,0.0031299620776142727,0.009389886232842818,,3,,,ok,,,20260818,1.503561700881817,7.0794578438413787,50
cui_fig6,925f2ab8975505e255f5c37af74d115be38bc302991267f95f440e5f61ce4472,A,20,3,17,36,3,1,16-QAM,cui_crlb,detection_nmse,0.088814619397452152,0.26644385819235644,,3,,,ok,,,20260818,1.503561700881817,7.0794578438413787,50
cui_fig6,925f2ab8975505e255f5c37af74d115be38bc302991267f95f440e5f61ce4472,A,20,3,18,36,3,1,16-QAM,biased_gs,detection_nmse,0.17827382455705507,0.53482147367116517,,3,,,ok,,,20260818,1.503561700881817,7.9432823472428149,50
cui_fig6,925f2ab8975505e255f5c37af74d115be38bc302991267f95f440e5f61ce4472,A,20,3,18,36,3,1,16-QAM,em_gs,detection_nmse,0.16963539985597217,0.5089061995679165,,3,,,ok,,,20260818,1.503561700881817,7.9432823472428149,50
cui_fig6,925f2ab8975505e255f5c37af74d115be38bc302991267f95f440e5f61ce4472,A,20,3,18,36,3,1,16-QAM,genie_zf,detection_nmse,0.032324868790875073,0.096974606372625227,,3,,,ok,,,20260818,1.503561700881817,7.9432823472428149,50
cui_fig6,925f2ab8975505e255f5c37af74d115be38bc302991267f95f440e5f61ce4472,A,20,3,18,36,3,1,16-QAM,cui_crlb,detection_nmse,0.098000826993906928,0.29400248098172077,,3,,,ok,,,20260818,1.503561700881817,7.9432823472428149,50
cui_fig6,925f2ab8975505e255f5c37af74d115be38bc302991267f95f440e5f61ce4472,A,20,3,19,36,3,1,16-QAM,biased_gs,detection_nmse,0.10052991416600969,0.30158974249802906,,3,,,ok,,,20260818,1.503561700881817,8.9125093813374541,50
cui_fig6,925f2ab8975505e255f5c37af74d115be38bc302991267f95f440e5f61ce4472,A,20,3,19,36,3,1,16-QAM,em_gs,detection_nmse,0.078174366758765712,0.23452310027629714,,3,,,ok,,,20260818,1.503561700881817,8.9125093813374541,50
cui_fig6,925f2ab8975505e255f5c37af74d115be38bc302991267f95f440e5f61ce4472,A,20,3,19,36,3,1,16-QAM,genie_zf,detection_nmse,0.037813724698052283,0.11344117409415685,,3,,,ok,,,20260818,1.503561700881817,8.9125093813374541,50
cui_fig6,925f2ab8975505e255f5c37af74d115be38bc302991267f95f440e5f61ce4472,A,20,3,19,36,3,1,16-QAM,cui_crlb,detection_nmse,0.099247149645270191,0.29774144893581056,,3,,,ok,,,20260818,1.503561700881817,8.9125093813374541,50
cui_fig6,925f2ab8975505e255f5c37af74d115be38bc302991267f95f440e5f61ce4472,A,20,3,20,36,3,1,16-QAM,biased_gs,detection_nmse,0.090395352972820045,0.27118605891846015,,3,,,ok,,,20260818,1.503561700881817,10,50
cui_fig6,925f2ab8975505e255f5c37af74d115be38bc302991267f95f440e5f61ce4472,A,20,3,20,36,3,1,16-QAM,em_gs,detection_nmse,0.088715739672649188,0.26614721901794758,,3,,,ok,,,20260818,1.503561700881817,10,50
cui_fig6,925f2ab8975505e255f5c37af74d115be38bc302991267f95f440e5f61ce4472,A,20,3,20,36,3,1,16-QAM,genie_zf,detection_nmse,0.023699996294764266,0.071099988884292795,,3,,,ok,,,20260818,1.503561700881817,10,50
cui_fig6,925f2ab8975505e255f5c37af74d115be38bc302991267f95f440e5f61ce4472,A,20,3,20,36,3,1,16-QAM,cui_crlb,detection_nmse,0.089221895388097147,0.26766568616429143,,3,,,ok,,,20260818,1.503561700881817,10,50
cui_fig6,925f2ab8975505e255f5c37af74d115be38bc302991267f95f440e5f61ce4472,A,20,3,21,36,3,1,16-QAM,biased_gs,detection_nmse,0.073256565948525434,0.21976969784557632,,3,,,ok,,,20260818,1.503561700881817,11.220184543019634,50
cui_fig6,925f2ab8975505e255f5c37af74d115be38bc302991267f95f440e5f61ce4472,A,20,3,21,36,3,1,16-QAM,em_gs,detection_nmse,0.088161988956186432,0.2644859668685593,,3,,,ok,,,20260818,1.503561700881817,11.220184543019634,50
cui_fig6,925f2ab8975505e255f5c37af74d115be38bc302991267f95f440e5f61ce4472,A,20,3,21,36,3,1,16-QAM,genie_zf,detection_nmse,0.035544862809271681,0.10663458842781504,,3,,,ok,,,20260818,1.503561700881817,11.220184543019634,50
cui_fig6,925f2ab8975505e255f5c37af74d115be38bc302991267f95f440e5f61ce4472,A,20,3,21,36,3,1,16-QAM,cui_crlb,detection_nmse,0.089748441194174189,0.26924532358252257,,3,,,ok,,,20260818,1.503561700881817,11.220184543019634,50
